solo,0,10159349,"alone,female_solo,single,solo_female",Một nhân vật
1girl,0,8483124,"1girls,sole_female",Một nhân vật nữ
anthro,7,4489564,"adult_anthro,anhtro,antho,anthro_dog,anthro_feline,anthro_horse,anthro_kissed,anthro_kissing,anthro_on_back,anthro_on_front,anthro_on_non-humanoid_creature,anthro_on_side,anthro_only,anthro_reptile,anthro_rodent,anthro_scalie,anthro_student,anthro_teacher,anthro_wolf,anthroart,anthrofur,anthromorph,anthromorphic,anthropomorph,anthropomorphic,anthros,antrho,antro,furry_anthro,furryanthro,on_anthro,unguligrade_anthro",Động vật nhân hóa
female,7,3311661,"1_girl,1girls,2_girl,2_girls,2girl,3_girl,3_girls,3girl,4_girl,4_girls,4girl,5_girls,7girls,adult_female,all_female,babe,babes,bad_girl,best_girl,bitch,bunny_girl,doe,f,f/solo,feamle,femael,female/femboy,female/solo,female_accomplice,female_cat,female_dominating_anthro,female_dry_humping_male,female_kissing,female_non-humanoid_creature,female_on_back,female_on_femboy,female_on_front,female_on_monster,female_on_side,female_only,female_presenting,female_rimming_ambiguous,female_solo,female_student,female_teacher,female_wolf,femalefur,females,females_only,fembeast,feral_female,fmale,four_girl,four_girls,fsolo,furry_sona_female,furryfemale,gal,gen:female,girl,girls,many_girls,multiple_females,one_girl,only_one_female,shewolf,single_female,solo_female,three_girl,three_girls,two_girl,two_girls,woman,women",Giới tính nữ
1boy,0,2151647,"1boys,sole_male",Một nhân vật nam
multiple_girls,0,2131652,/ngirls,Nhiều nhân vật nữ
duo,7,2106146,"dup,pair,two_characters",Hai nhân vật
2girls,0,1451612,"2_girls,2girl",Hai nhân vật nữ
multiple_boys,0,705544,/nboys,Nhiều nhân vật nam
group,7,600123,"1girl3guys,group_focus,male/male/female,quartet,quintet,too_many_characters",Nhóm
muscular_male,0,564955,"buff_male,musclar_male,muscular_males,musuclar_male,musuclar_man,musular_male",Nam cơ bắp
size_difference,0,519955,"big_male_small_fem,big_male_small_female,larger_non-humanoid_creature,side_difference,size-diff,size-difference,size_defference,size_diff,size_different,small_fem_big_male,small_female_big_male,smaller_non-humanoid_creature",Chênh lệch kích thước
dragon,0,507485,"anthro_dragon,derg,dragon_(species),dragon_on_anthro,dragon_on_dragon,dragon_on_feral,dragon_prey,dragonboy,dragoness,dragongirl,dragonoid,dragons,drake_(species),feral_dragon,gray_dragon,green_dragon,grey_dragon,larger_dragon,mobian_dragon,orange_dragon,pink_dragon,purple_dragon,red_dragon,yellow_dragon",Rồng
2boys,0,473791,2boy,Hai nhân vật nam
wolf,0,431802,"angel_wolf,angelic_wolf,anthro_wolf,black_wolf,gray_wolf,ice_wolf_(species),lupine,merky_taiga_wolf,mobian_wolf,north_american_grey_wolf,saber_wolf,sabertooth_wolf,timber_wolf,timberwolf,whitewolf_(species),winged_wolf,wold,wolfess,wolfess_(species),wolfs,wolve,wolves",Sói
interspecies,0,422071,"dragon_on_gryphon,inter-species,inter_species,interspecies_breeding,interspecies_relationship,interspecies_sex,mammal/reptile",Khác loài
female_penetrated,7,411160,,Nhân vật nữ bị thâm nhập
male_penetrating_female,7,360679,"m/p/fm,♂_penetrating_♀",Nam thâm nhập nữ
rabbit,0,354882,"anthro_rabbit,black_rabbit,bunnies,bunny,bunny_rabbit,lapin,male_rabbit,mobian_bunny,mobian_rabbit,rabbit_(species),rabbits,slut_rabbit",Thỏ
3girls,0,330481,3girl,Ba nhân vật nữ
muscular_anthro,7,306323,"musclar_anthro,musular_anthro",Nhân vật nhân hóa cơ bắp
male_penetrated,0,306019,,Nhân vật nam bị thâm nhập
anthro_penetrated,7,288789,non-humanoid_creature_penetrating_anthro,Nhân vật nhân hóa bị thâm nhập
gynomorph,7,261790,"adult_gynomorph,dgirl,dick-girl,dick_girl,dickgirl,dickgirls,dickgril,feminine_intersex,feral_gynomorph,futa_sans_pussy,girl_with_a_cock,girl_with_a_dick,girl_with_a_dicks,girl_with_a_dong,girl_with_a_penes,girl_with_a_penii,girl_with_a_penis,girl_with_a_penises,girl_with_a_phallus,girl_with_cock,girl_with_dick,girl_with_dicks,girl_with_dong,girl_with_penes,girl_with_penii,girl_with_penis,girl_with_penises,girl_with_phallus,girls_with_a_cock,girls_with_a_dick,girls_with_a_dicks,girls_with_a_dong,girls_with_a_penes,girls_with_a_penii,girls_with_a_penis,girls_with_a_penises,girls_with_a_phallus,girls_with_cock,girls_with_dick,girls_with_dicks,girls_with_dong,girls_with_penes,girls_with_penii,girls_with_penis,girls_with_penises,girls_with_phallus,gynomorph_non-humanoid_creature,gynomorph_student,gynomorph_teacher,intersex_female,male_to_female_trans,male_to_female_trans_gender,male_to_female_trans_sexual,male_to_female_transgender,male_to_female_transsexual,mtf_trans,mtf_trans_gender,mtf_trans_sexual,mtf_transgender,mtf_transsexual,newhalf,shemale,transgender_female,transgender_girl,transgender_woman,woman_with_a_cock,woman_with_a_dick,woman_with_a_dicks,woman_with_a_dong,woman_with_a_penes,woman_with_a_penii,woman_with_a_penis,woman_with_a_penises,woman_with_a_phallus,woman_with_cock,woman_with_dick,woman_with_dicks,woman_with_dong,woman_with_penes,woman_with_penii,woman_with_penis,woman_with_penises,woman_with_phallus,women_with_a_cock,women_with_a_dick,women_with_a_dicks,women_with_a_dong,women_with_a_penes,women_with_a_penii,women_with_a_penis,women_with_a_penises,women_with_a_phallus,women_with_cock,women_with_dick,women_with_dicks,women_with_dong,women_with_penes,women_with_penii,women_with_penis,women_with_penises,women_with_phallus",Nhân vật nữ có cơ quan sinh dục nam
dark-skinned_female,0,255876,dark_skinned_female,Nhân vật nữ da sẫm
male_penetrating_male,7,244059,"m/p/m,♂_penetrating_♂",Nam thâm nhập nam
pokemon_(creature),0,239428,,Chưa có bản dịch
no_humans,0,237984,no_human,Không có người
anthro_penetrating,7,225825,anthro_penetrating_non-humanoid_creature,Nhân vật nhân hóa chủ động thâm nhập
group_sex,0,211831,groupsex,Quan hệ tình dục nhóm
submissive,7,205763,"sub,sub/sub,submisive,submissiv,submissive/submissive,submissive_non-humanoid_creature,submissive_sister,submissive_wolf",Phục tùng
young_anthro,7,199646,"adolescent_anthro,anthro_cub,child_anthro",Nhân vật nhân hóa trẻ
not_furry,7,195260,"no_furry,non-furry,non_furry,nonfurry,not-furry,notfurry",Không có lông thú
anthro_penetrating_anthro,7,190180,"a/p/a,an-pene-an",Chưa có bản dịch
female_anthro,7,177611,anthro_female,Nhân vật nữ nhân hóa
bear,0,175951,"anthro_ursid,bears,ursid",Chưa có bản dịch
faceless_male,0,164915,"anonymous_male,mister_x",Chưa có bản dịch
curvy_figure,7,163113,"curvaceous,curves,curvy_anthro,curvy_body,curvy_female,curvy_gynomorph,curvy_herm,curvy_humanoid,curvy_intersex,curvy_male",Chưa có bản dịch
overweight_male,7,160360,fat_male,Chưa có bản dịch
4girls,0,146599,4girl,Bốn nhân vật nữ
furry,0,146455,,Chưa có bản dịch
smaller_male,7,145268,"shorter_male,small_boy,small_male,smaller_boy,tiny_boy,tiny_male",Chưa có bản dịch
larger_male,7,144237,"bigger_male,larger-male,larger_male_smaller_ambiguous,larger_male_smaller_anthro,larger_male_smaller_female,larger_male_smaller_gynomorph,larger_male_smaller_male,taller_male",Chưa có bản dịch
mature_female,0,144019,"cougar_(mature),mature,mature_woman,milf",Chưa có bản dịch
overweight_anthro,7,142912,fat_anthro,Chưa có bản dịch
male_anthro,7,136531,anthro_male,Chưa có bản dịch
dark-skinned_male,0,136400,dark_skinned_male,Chưa có bản dịch
human_on_anthro,7,117482,"a/o/hn,an/hu,anthro/human,anthro_on_human,anthroxhuman,furry_on_human,hmofa,hn/o/a,hu/an,human/anthro,human_on_anthro_romance,human_on_furry,human_x_furry,male_anthro/female_human,male_human/female_anthro",Chưa có bản dịch
transformation,0,114408,"anthro_to_semi-anthro,consentual_transformation,cow_tf,non-humanoid_creature_to_anthro,non-humanoid_creature_to_feral,sex_tf,sex_transformation,shapeshift,shapeshifting,tf,tf_sex,transfomation,transform,transformation_sex,transforming,transfur,transfurmation,transfurmations,tsf",Chưa có bản dịch
rape,0,109180,"female_rape,forced_sex,male_rape,reverse_rape,unwanted_sex",Chưa có bản dịch
3boys,0,106801,3boy,Ba nhân vật nam
muscular_female,0,105828,"buff_female,musclar_female,musuclar_female,musuclar_girl,musular_female",Chưa có bản dịch
submissive_male,7,103342,"male_dominated,male_sub,male_submission,male_submissive,malesub,submale,submisive_male",Chưa có bản dịch
topless_female,0,101434,,Chưa có bản dịch
couple,0,101354,romance,Cặp đôi
snake,0,99812,"anthro_snake,mobian_snake,serpent,snakes,snek",Chưa có bản dịch
young_male,7,94797,"adolescent_male,cub_male,kemoshota,male_adolescent,male_cub,male_young,young_m",Chưa có bản dịch
larger_female,0,94683,"bigger_female,larger_female_smaller_female,larger_female_smaller_male,taller_female",Chưa có bản dịch
pokemorph,7,91096,"anthro_pokemon,pokémorph",Chưa có bản dịch
overweight_female,7,88437,fat_female,Chưa có bản dịch
topless_male,0,87381,,Chưa có bản dịch
smaller_female,7,84774,"shorter_female,small_female,small_girl,small_woman,smaller_girl,tiny_female,tiny_girl",Chưa có bản dịch
mature_male,0,77042,"dilf,mature_man",Chưa có bản dịch
5girls,0,75650,5girl,5 nhân vật nữ
dominant_male,7,73272,"dom_male,domiant_male,male_dom,male_dominance,male_dominant,male_dominating,male_domination,maledom",Chưa có bản dịch
young_female,7,70899,"adolescent_female,child_female,cub_female,female_adolescent,female_child,female_cub,female_young,sexual_young_female",Chưa có bản dịch
red_fox,0,70512,"anthro_red_fox,red_foxes,redfox,siberian_fox,vulpes-vulpes,vulpes_vulpes",Chưa có bản dịch
furry_female,0,70119,"female_furry,furry_girl",Chưa có bản dịch
furry_male,0,67495,"furry_boy,male_furry",Chưa có bản dịch
mature_anthro,7,67234,,Chưa có bản dịch
male_on_bottom,7,67035,,Chưa có bản dịch
female_on_human,7,65282,"female/human,human/female,human_on_female",Chưa có bản dịch
dragon_girl,0,64817,,Chưa có bản dịch
western_dragon,0,64796,"dragon_(europe),dragon_(european),dragon_(west),dragon_(western),europe_dragon,european_dragon,west_dragon",Chưa có bản dịch
rabbit_girl,0,61235,,Chưa có bản dịch
wolf_girl,0,61076,,Chưa có bản dịch
dominant_female,7,60224,"dom_fem,dom_female,fem_dom,female_dom,female_dominance,female_dominant,female_dominating,female_domination",Chưa có bản dịch
pokephilia,0,60179,"anthro_on_pokemon,anthro_on_pokémon,feral_on_pokemon,feral_on_pokémon,human/pokemon,human/pokémon,human_on_pokemon,human_on_pokémon,humanoid/pokemon,humanoid/pokémon,humanoid_on_pokemon,humanoid_on_pokémon,pokefilia,pokefillia,pokemon/human,pokemon/humanoid,pokemon/trainer,pokemon_on_anthro,pokemon_on_feral,pokemon_on_human,pokemon_on_humanoid,pokemon_on_taur,pokephillia,pokémon/human,pokémon/humanoid,pokémon/trainer,pokémon_on_anthro,pokémon_on_feral,pokémon_on_human,pokémon_on_humanoid,pokémon_on_taur,poképhilia,poképhilla,poképhillia,taur_on_pokemon,taur_on_pokémon,trainer/pokemon,trainer/pokémon",Chưa có bản dịch
intersex/female,7,59312,"f/i,female/futa,female/futanari,female/intersex,female_on_intersex,futa/female,futa_on_female,futanari/female,i/f,intersex_on_female",Chưa có bản dịch
male_pov,7,58411,,Chưa có bản dịch
female_on_top,7,57906,"female_oe_top,woman_on_top",Chưa có bản dịch
cute_fangs,7,57249,"cute_canine_tooth,cute_fang",Chưa có bản dịch
male_on_anthro,7,53485,"ale_on_anthro,anthro/male,anthro_on_male,anthro_raping_male,male/anthro",Chưa có bản dịch
submissive_female,7,53413,"fem_sub,female_dominated,female_sub,female_submission,female_submissive,femsub,subfem,subfemale,submisive_female",Chưa có bản dịch
4boys,0,47590,4boy,Bốn nhân vật nam
larger_anthro,7,46764,"bigger_anthro,larger_anthro_smaller_anthro,larger_anthro_smaller_female,larger_anthro_smaller_feral,larger_anthro_smaller_human,larger_anthro_smaller_male",Chưa có bản dịch
otter,0,45534,"anthro_lutrine,anthro_otter,feral_lutrine,feral_otter,lutrinae,lutrine,otters",Chưa có bản dịch
human_penetrating_anthro,7,45377,hn/p/a,Chưa có bản dịch
gynomorph/female,7,45297,"d/f,d_f,dickgirl/female,dickgirl_female,dickgirl_on_female,f/d,f/gm,f_d,female/dickgirl,female/gynomorph,female_dickgirl,female_on_dickgirl,female_on_gynomorph,fm/gm,gm/f,gm/fm,gynomorph_on_female,shemale_on_female",Chưa có bản dịch
anthro_on_feral,7,44994,"a/o/f,an/fe,anthro/feral,anthro_bestiality,anthro_x_feral,anthroxferal,f/o/a,fe/an,feral/anthro,feral_on_anthro,feral_x_anthro,feralxanthro",Chưa có bản dịch
furred_dragon,0,44494,"fluff_dragon,fluffy_dragon,furdragon,furdrake,furred_dragons,furry_dragon,mammalian_dragon",Chưa có bản dịch
shiny_pokemon,0,43441,"shiny_(pokemon),shiny_(pokémon),shiny_eevee,shiny_pokémon,shinypokemon,shinypokémon",Chưa có bản dịch
female_human,7,40907,human_female,Chưa có bản dịch
romantic_couple,7,40554,"couple_(romantic),mates,romantic_duo",Chưa có bản dịch
younger_male,7,40281,,Chưa có bản dịch
athletic_anthro,7,39639,,Chưa có bản dịch
smaller_anthro,7,39412,,Chưa có bản dịch
athletic_male,7,37567,,Chưa có bản dịch
female_masturbation,0,36831,masturbation_(female),Chưa có bản dịch
slightly_chubby_female,7,36753,chubby_female,Chưa có bản dịch
species_transformation,7,36505,"animal_transformation,donkey_transformation,human_to_monster,human_to_semi-anthro,semi-anthro_to_human,species_tf",Chưa có bản dịch
male_human,7,36092,human_male,Chưa có bản dịch
obese_anthro,7,35956,,Chưa có bản dịch
male_on_top,7,35230,,Chưa có bản dịch
andromorph,7,34826,"adult_andromorph,andro_morph,andromorph_student,andromorph_teacher,c-boy,c_boy,cboy,cunniboi,cunniboy,cunnyboi,cunnyboy,cunt_boy,cunt_man,cunt_men,cuntboi,cuntboys,cuntman,cuntmen,female_to_male_trans,female_to_male_trans_gender,female_to_male_trans_sexual,female_to_male_transgender,female_to_male_transsexual,feral_andromorph,ftm_trans,ftm_trans_gender,ftm_trans_sexual,ftm_transgender,ftm_transsexual,intersex_male,man_with_a_pussy,man_with_a_vagina,man_with_pussy,man_with_vagina,masculine_intersex,men_with_a_pussy,men_with_pussies,men_with_pussy,men_with_vaginas,muscular_pussy_boy/breastless_female,pussy_boy,pussyboy,transgender_boy,transgender_male,transgender_man,vagentleman",Chưa có bản dịch
male_on_feral,7,34458,"feral/male,feral_on_male,male/feral",Chưa có bản dịch
older_male,7,33630,older_man,Chưa có bản dịch
female_on_feral,7,33306,"female/feral,feral/female,feral_on_female",Chưa có bản dịch
intraspecies,7,33053,"dragon_on_dragon,same_species,same_species_sex",Chưa có bản dịch
pregnant_female,7,31999,"female_pregnancy,female_pregnant,pregnant_woman,woman_pregnant",Chưa có bản dịch
canine_vulva,7,31537,"canine_pussy,canine_vagina,dog_vulva,dogina",Chưa có bản dịch
male_on_human,7,31222,"human/male,human_on_male,male/human",Chưa có bản dịch
bottomless_anthro,7,30709,,Chưa có bản dịch
gynomorph/male,7,30487,"d/m,dickgirl/male,dickgirl_on_male,gm/m,gynomorph_on_male,m/d,m/gm,male/dickgirl,male/gynomorph,male_on_dickgirl,male_on_gynomorph,shemale_on_male",Chưa có bản dịch
male_penetrating_anthro,7,30143,,Chưa có bản dịch
mtf_crossgender,7,29831,"male_to_female_crossgender,male_to_female_r63,male_to_female_rule_63,mtf_r63,mtf_rule_63",Chưa có bản dịch
male_feral,7,29818,"feral_boy,feral_male",Chưa có bản dịch
slightly_chubby_anthro,7,29427,chubby_anthro,Chưa có bản dịch
female_feral,7,27802,"feral_female,feral_girl",Chưa có bản dịch
bottomless_male,7,27285,,Chưa có bản dịch
toned_male,0,27281,,Chưa có bản dịch
pregnant_anthro,7,27123,,Chưa có bản dịch
eastern_dragon,0,26876,"asian_dragon,chinese_dragon,japanese_dragon,loong,noodle_dragon,oriental_dragon",Chưa có bản dịch
topless_anthro,7,26866,,Chưa có bản dịch
submissive_anthro,7,26605,anthro_dominated,Chưa có bản dịch
wide_hipped_female,7,26236,,Chưa có bản dịch
human_penetrating_female,7,26008,,Chưa có bản dịch
female_humanoid,7,25653,humanoid_female,Chưa có bản dịch
futa_with_female,0,25336,futa_on_female,Chưa có bản dịch
older_female,7,24869,"gilf,gmilf,older_woman",Chưa có bản dịch
obese_female,7,24395,ssbbw,Chưa có bản dịch
intersex_penetrating_female,7,23499,i/p/fm,Chưa có bản dịch
dominant_anthro,7,23156,"anthro_dom,anthro_dominant,anthro_dominating,anthro_domination,anthrodom,dom_anthro,dominate_anthro",Chưa có bản dịch
faceless_female,0,23109,anonymous_female,Chưa có bản dịch
shortstack_female,7,22428,,Chưa có bản dịch
male_pred,7,22044,male_predator,Chưa có bản dịch
assertive_female,0,22022,,Chưa có bản dịch
female_pred,7,21653,female_predator,Chưa có bản dịch
stuffed_rabbit,0,21647,stuffed_bunny,Chưa có bản dịch
5boys,0,21601,5boy,5 nhân vật nam
obese_male,7,21502,,Chưa có bản dịch
gynomorph_penetrating_female,7,21345,"d/p/fm,dgirl_penetrating_female,dickgirl_penetrating_female,gm/p/fm,newhalf_penetrating_female,shemale_penetrating_female",Chưa có bản dịch
slightly_chubby_male,7,21341,chubby_male,Chưa có bản dịch
bottomless_female,7,21126,,Chưa có bản dịch
toned_female,0,21018,,Chưa có bản dịch
female_on_anthro,7,20975,"anthro/female,anthro_on_female,female/anthro",Chưa có bản dịch
fti_crossgender,7,20556,"female_to_intersex_crossgender,female_to_intersex_r63,female_to_intersex_rule_63,fti_r63,fti_rule_63",Chưa có bản dịch
female_orgasm,0,20247,,Chưa có bản dịch
athletic_female,7,20004,fit_female,Chưa có bản dịch
ftg_crossgender,7,19481,"female_to_dickgirl_crossgender,female_to_dickgirl_r63,female_to_dickgirl_rule_63,female_to_gynomorph_crossgender,female_to_gynomorph_r63,female_to_gynomorph_rule_63,ftd_crossgender,ftd_r63,ftd_rule_63,ftg_r63,ftg_rule_63",Chưa có bản dịch
voluptuous_female,7,18943,,Chưa có bản dịch
anthro_pred,7,18588,,Chưa có bản dịch
younger_female,7,18409,,Chưa có bản dịch
humanoid_on_anthro,7,17944,"a/o/hd,anthro/humanoid,anthro_on_humanoid,hd/o/a,humanoid/anthro",Chưa có bản dịch
fully_clothed_anthro,7,17880,,Chưa có bản dịch
feral_penetrating_anthro,7,16942,f/p/a,Chưa có bản dịch
knight,0,16592,"female_knight,knights",Chưa có bản dịch
anthro_penetrating_human,7,16433,a/p/hn,Chưa có bản dịch
female_ejaculation,0,16392,squirting_(sex),Chưa có bản dịch
voluptuous_anthro,7,16280,,Chưa có bản dịch
slim_anthro,7,16026,,Chưa có bản dịch
feline_genitalia,7,15849,,Chưa có bản dịch
male_penetrating_intersex,7,15369,m/p/i,Chưa có bản dịch
spanking,0,15254,"female_spanking_female,female_spanking_male,male_spanking_female,male_spanking_male,spank,spanking_butt",Chưa có bản dịch
human_to_anthro,7,14593,,Chưa có bản dịch
wide_hipped_anthro,7,14590,,Chưa có bản dịch
male_on_humanoid,7,14520,"humanoid_on_male,male/humanoid",Chưa có bản dịch
intersex_anthro,7,13882,anthro_intersex,Chưa có bản dịch
male_prey,7,13782,,Chưa có bản dịch
male_swimwear,0,13341,swimwear_(male),Chưa có bản dịch
fully_clothed_female,7,13297,,Chưa có bản dịch
slim_male,7,13287,,Chưa có bản dịch
badger,0,13233,"anthro_badger,jungle_badger,mobian_badger",Chưa có bản dịch
female_pov,0,12999,,Chưa có bản dịch
toying_partner,7,12771,female_toying_male,Chưa có bản dịch
andromorph/male,7,12585,"am/m,andromorph_on_male,c/m,cboy/male,cuntboy/male,cuntboy_on_male,m/am,m/c,male/andromorph,male/cboy,male/cuntboy,male/male/cuntboy,male/pussy_boy,male/pussyboy,male_on_andromorph,male_on_cuntboy,male_on_pussy_boy,male_on_pussyboy,pussy_boy/male,pussy_boy_on_male,pussyboy/male,pussyboy_on_male",Chưa có bản dịch
wolf_boy,0,12193,,Chưa có bản dịch
wedgie,0,11664,male_wedgie,Chưa có bản dịch
female_penetrating,7,11178,,Chưa có bản dịch
anthro_on_top,7,11078,,Chưa có bản dịch
faceless_anthro,7,11077,,Chưa có bản dịch
married_couple,7,10807,,Chưa có bản dịch
dragon_boy,0,10758,,Chưa có bản dịch
intersex_penetrating_male,7,10744,i/p/m,Chưa có bản dịch
gynomorph_anthro,7,10648,anthro_gynomorph,Chưa có bản dịch
younger_anthro,7,10610,,Chưa có bản dịch
morbidly_obese_anthro,7,10266,,Chưa có bản dịch
female_on_bottom,7,10246,female_on_botom,Chưa có bản dịch
furry_with_non-furry,0,10205,,Chưa có bản dịch
fully_clothed_male,7,10155,,Chưa có bản dịch
female_prey,7,10131,,Chưa có bản dịch
ambiguous_anthro,7,10011,anthro_ambiguous,Chưa có bản dịch
gynomorph_penetrating_male,7,9927,"d/p/m,dgirl_penetrating_male,dickgirl_penetrating_male,gm/p/m,newhalf_penetrating_male,shemale_penetrating_male",Chưa có bản dịch
mega_pokemon,0,9753,,Chưa có bản dịch
partially_clothed_anthro,7,9751,,Chưa có bản dịch
anthro_penetrating_female,7,9579,,Chưa có bản dịch
anthro_penetrating_feral,7,9506,a/p/f,Chưa có bản dịch
male_penetrating_human,7,9455,,Chưa có bản dịch
older_anthro,7,9201,,Chưa có bản dịch
canon_couple,7,9082,,Chưa có bản dịch
male_masturbation,0,9005,masturbation_(male),Chưa có bản dịch
male_maid,0,9001,,Chưa có bản dịch
shortstack_male,7,8753,"male_short_stack,teapot_(body_type)",Chưa có bản dịch
ftm_crossgender,7,8435,"female_to_male_crossgender,female_to_male_r63,female_to_male_rule_63,ftm_r63,ftm_rule_63",Chưa có bản dịch
dragon_print,0,8407,,Chưa có bản dịch
female_pervert,0,8378,,Chưa có bản dịch
macro_anthro,7,8264,,Chưa có bản dịch
slim_female,7,8242,,Chưa có bản dịch
wolf_cut,0,8098,,Chưa có bản dịch
male_humanoid,7,7946,humanoid_male,Chưa có bản dịch
anthro_on_bottom,7,7817,,Chưa có bản dịch
morbidly_obese_female,7,7790,,Chưa có bản dịch
clothed_pokemon,0,7669,hatted_pokemon,Chưa có bản dịch
anthro_prey,7,7591,,Chưa có bản dịch
defloration,0,7513,"deflowering,first_time_sex,loss_of_virginity,male_taking_female_virginity,virginity_loss",Chưa có bản dịch
male_penetrating_ambiguous,7,7413,"m/p/?,m/p/ag",Chưa có bản dịch
partially_clothed_female,7,7240,,Chưa có bản dịch
macro_female,7,7096,"giant_feral,giant_woman",Chưa có bản dịch
tall_female,0,6839,,Chưa có bản dịch
male_penetrating_gynomorph,7,6380,"m/p/d,m/p/gm,male_penetrating_dgirl,male_penetrating_dickgirl,male_penetrating_newhalf,male_penetrating_shemale",Chưa có bản dịch
female_penetrating_male,7,6249,"fm/p/m,♀_penetrating_♂",Chưa có bản dịch
male_penetrating_andromorph,7,6227,"m/p/am,m/p/c,male_penetrating_cboy,male_penetrating_cuntboy,male_penetrating_cuntman",Chưa có bản dịch
pregnant_male,7,6210,"""mpreg"",m_preg,male_pregnant,man_pregnant,mpreg,pregnant_man",Chưa có bản dịch
anthro_pov,7,6205,,Chưa có bản dịch
feral_penetrating_female,7,6019,,Chưa có bản dịch
male_penetrating_feral,7,5969,,Chưa có bản dịch
gargoyle,0,5957,anthro_gargoyle,Chưa có bản dịch
anthro_penetrating_humanoid,7,5888,a/p/hd,Chưa có bản dịch
feathered_dragon,0,5805,,Chưa có bản dịch
furry_with_furry,0,5780,,Chưa có bản dịch
rabbit_boy,0,5748,,Chưa có bản dịch
male_raping,7,5503,male_rape,Chưa có bản dịch
rabbit_print,0,5136,bunny_print,Chưa có bản dịch
group_picture,0,5121,,Chưa có bản dịch
female_raped,7,5071,,Chưa có bản dịch
mti_crossgender,7,5056,"male_to_intersex_crossgender,male_to_intersex_r63,male_to_intersex_rule_63,mti_r63,mti_rule_63",Chưa có bản dịch
morbidly_obese_male,7,4930,,Chưa có bản dịch
bisexual_female,0,4925,bisexual_(female),Chưa có bản dịch
elderly_female,7,4851,"gmilf,old_female,old_lady",Chưa có bản dịch
female_rimming_male,0,4802,,Chưa có bản dịch
male_lactation,0,4742,lactation_(male),Chưa có bản dịch
male_penetrating_humanoid,7,4739,,Chưa có bản dịch
futa_with_male,0,4720,,Chưa có bản dịch
anthro_penetrating_male,7,4708,,Chưa có bản dịch
rimming_male,7,4698,,Chưa có bản dịch
partially_clothed_male,7,4562,,Chưa có bản dịch
male_raping_female,7,4440,,Chưa có bản dịch
male_peeing,7,4252,,Chưa có bản dịch
year_of_the_rabbit,0,4245,year_of_the_hare,Chưa có bản dịch
light-skinned_male,7,4230,,Chưa có bản dịch
female_on_humanoid,7,4180,female/humanoid,Chưa có bản dịch
wide_hipped_male,7,4172,,Chưa có bản dịch
shirtless_male,7,4149,,Chưa có bản dịch
pokedex_number,0,4145,pokemon_number,Chưa có bản dịch
headless,0,4064,headless_female,Chưa có bản dịch
short_male,0,4018,,Chưa có bản dịch
male_rimming_male,7,4010,,Chưa có bản dịch
male_symbol,7,4008,"purple_male_symbol,♂",Chưa có bản dịch
starter_pokemon_trio,0,3970,,Chưa có bản dịch
cum_on_male,0,3904,cum_on_boy,Chưa có bản dịch
large_group,7,3851,,Chưa có bản dịch
male_playboy_bunny,0,3823,"bunny_suit_(male),bunnysuit_(male),playboy_bunny_(male)",Chưa có bản dịch
pokemon_speak,7,3758,,Chưa có bản dịch
female_dominating_male,7,3682,,Chưa có bản dịch
pokemon_on_head,0,3511,,Chưa có bản dịch
group_name,0,3460,band_name,Chưa có bản dịch
male_rimmed,7,3458,,Chưa có bản dịch
mtg_crossgender,7,3440,"male_to_dickgirl_crossgender,male_to_dickgirl_r63,male_to_dickgirl_rule_63,male_to_gynomorph_crossgender,male_to_gynomorph_r63,male_to_gynomorph_rule_63,mtd_crossgender,mtd_r63,mtd_rule_63,mtg_r63,mtg_rule_63",Chưa có bản dịch
flesh_whiskers,7,3405,"dragon_stache,dragon_whisker,dragon_whiskers,dragonstache",Chưa có bản dịch
female_penetrating_female,7,3394,"fm/p/fm,♀_penetrating_♀",Chưa có bản dịch
pantsless_anthro,7,3378,,Chưa có bản dịch
canine_dildo,7,3345,"fox_dildo,foxdildo,k9_dildo,wolf_dildo,wolfdildo",Chưa có bản dịch
female_peeing,7,3322,,Chưa có bản dịch
male_dominating_female,7,3191,,Chưa có bản dịch
komodo_dragon,0,3181,komodo_monitor,Chưa có bản dịch
humanoid_penetrating_anthro,7,3096,hd/p/a,Chưa có bản dịch
pokemon_move,0,3069,pokémon_move,Chưa có bản dịch
female_death,7,2984,,Chưa có bản dịch
year_of_the_dragon,0,2948,,Chưa có bản dịch
male_raped,7,2944,,Chưa có bản dịch
pokemon_fusion,7,2912,"fusion_pokemon,fusion_pokémon,pokefusion,pokéfusion,pokémon_fusion",Chưa có bản dịch
tentacles_on_male,0,2867,tentacles_with_male,Chưa có bản dịch
lop_rabbit,0,2815,"lop,lop-eared_bunny,lop-eared_rabbit,lop_eared_bunny,lop_eared_rabbit",Chưa có bản dịch
female_symbol,7,2739,♀,Chưa có bản dịch
skinny_male,7,2673,,Chưa có bản dịch
pokemon_card,0,2566,"monster_card_(pokemon),monster_card_(pokémon),pokemon_cards,pokémon_card",Chưa có bản dịch
shirtless_anthro,7,2513,,Chưa có bản dịch
feline_vulva,7,2507,feline_pussy,Chưa có bản dịch
elderly_anthro,7,2506,old_anthro,Chưa có bản dịch
skinny_anthro,7,2499,,Chưa có bản dịch
anthro_dominating_human,7,2394,,Chưa có bản dịch
macro_male,7,2372,,Chưa có bản dịch
pokemon_egg,0,2363,pokémon_egg,Chưa có bản dịch
dragonfly,0,2358,dragon_fly,Chưa có bản dịch
short_anthro,7,2355,,Chưa có bản dịch
elderly_male,7,2354,"gdilf,old_male",Chưa có bản dịch
mostly_offscreen_male,7,2332,,Chưa có bản dịch
skinny_female,7,2329,,Chưa có bản dịch
futa_on_male,0,2328,,Chưa có bản dịch
offscreen_male,7,2319,,Chưa có bản dịch
female_taur,7,2300,taur_female,Chưa có bản dịch
salaryman,0,2276,"male_secretary,office_man,salary_man",Chưa có bản dịch
human_penetrating_male,7,2252,,Chưa có bản dịch
blacked_female,0,2207,,Chưa có bản dịch
andromorph_anthro,7,2127,anthro_andromorph,Chưa có bản dịch
male_rimming,7,2119,,Chưa có bản dịch
group_hug,0,2118,,Chưa có bản dịch
female_raping,7,2117,female_rape,Chưa có bản dịch
pantsless_male,7,2081,,Chưa có bản dịch
group_masturbation,0,2063,,Chưa có bản dịch
crossdressing_male,7,2048,,Chưa có bản dịch
fully_genderswapped_group,0,2020,,Chưa có bản dịch
taller_female_shorter_male,0,1980,,Chưa có bản dịch
male_rimming_female,7,1957,,Chưa có bản dịch
non-canine_knot,7,1915,,Chưa có bản dịch
male_impregnation,7,1846,,Chưa có bản dịch
female_goblin,0,1803,goblin_female,Chưa có bản dịch
black_male_swimwear,0,1782,,Chưa có bản dịch
aroused_male,7,1741,,Chưa có bản dịch
pantsless_female,7,1738,,Chưa có bản dịch
dragon_bean_(arknights),0,1735,"chubby_lung_(arknights),dragon_bubble_(arknights)",Chưa có bản dịch
white_rabbit_(animal),0,1706,,Chưa có bản dịch
bisexual_male,0,1687,bisexual_(male),Chưa có bản dịch
crossover_pairing,0,1658,crossover_couple,Chưa có bản dịch
assertive_anthro,7,1644,,Chưa có bản dịch
light-skinned_female,7,1609,,Chưa có bản dịch
giant_male,0,1593,,Chưa có bản dịch
anthro_fingered,7,1591,,Chưa có bản dịch
angora_rabbit,0,1560,,Chưa có bản dịch
alpha_pokemon,0,1522,alpha_pokémon,Chưa có bản dịch
micro_male,7,1511,,Chưa có bản dịch
herm_penetrating_female,7,1508,h/p/fm,Chưa có bản dịch
feral_penetrating_male,7,1502,,Chưa có bản dịch
male_death,7,1459,,Chưa có bản dịch
male_penetrating_herm,7,1455,m/p/h,Chưa có bản dịch
mtg_transformation,7,1455,"male_to_dickgirl_tf,male_to_dickgirl_transformation,male_to_gynomorph_tf,male_to_gynomorph_transformation,mtd_tf,mtd_transformation,mtg_tf",Chưa có bản dịch
pokemon_team,0,1433,,Chưa có bản dịch
male_on_futa,0,1413,,Chưa có bản dịch
anthro_fingering_anthro,7,1406,,Chưa có bản dịch
anthro_fingering,7,1344,,Chưa có bản dịch
micro_anthro,7,1343,,Chưa có bản dịch
snow_rabbit,0,1339,snow_bunny,Chưa có bản dịch
pecjob,0,1319,"male_paizuri,pec_fuck,pecfuck",Chưa có bản dịch
anthro_on_taur,7,1273,"a/o/t,anthro/taur,t/o/a,taur/anthro,taur_on_anthro",Chưa có bản dịch
leashed_male,7,1265,,Chưa có bản dịch
female_butler,0,1249,,Chưa có bản dịch
blue_male_swimwear,0,1246,,Chưa có bản dịch
furry_balls,7,1227,,Chưa có bản dịch
small_dragon,0,1220,mini_dragon,Chưa có bản dịch
male_fingering_male,7,1205,,Chưa có bản dịch
male_raping_male,7,1191,,Chưa có bản dịch
pokemon_berry,7,1187,,Chưa có bản dịch
female_facesitting_male,7,1187,,Chưa có bản dịch
female_raping_male,7,1181,,Chưa có bản dịch
male_farting,7,1179,,Chưa có bản dịch
dragon_tattoo,0,1177,,Chưa có bản dịch
legendary_duo,7,1166,,Chưa có bản dịch
male_taur,7,1162,taur_male,Chưa có bản dịch
other_with_female,0,1105,,Chưa có bản dịch
ftg_transformation,7,1073,"female_to_dickgirl_tf,female_to_dickgirl_transformation,female_to_gynomorph_tf,female_to_gynomorph_transformation,ftd_tf,ftd_transformation,ftg_tf",Chưa có bản dịch
humanoid_penetrating_female,7,1070,,Chưa có bản dịch
pussy_sounding,7,1037,"female_sounding,vaginal_sounding",Chưa có bản dịch
pokemon_champion,7,1035,"champion_(pokemon),champion_(pokémon),pokémon_champion",Chưa có bản dịch
male_pooping,7,1006,,Chưa có bản dịch
rabbit_on_head,0,1003,bunny_on_head,Chưa có bản dịch
bimbo_anthro,7,981,,Chưa có bản dịch
reverse_ryona,0,968,male_ryona,Chưa có bản dịch
assertive_male,7,944,,Chưa có bản dịch
butch/femme_couple,0,940,,Chưa có bản dịch
vincian_pride_colors,7,933,"gay_male_pride_colors,mlm_pride_colors",Chưa có bản dịch
male_fingered,7,929,,Chưa có bản dịch
male_swimwear_challenge,0,910,,Chưa có bản dịch
rimming_female,7,908,,Chưa có bản dịch
alternate_shiny_pokemon,0,906,,Chưa có bản dịch
female_rimming,7,905,,Chưa có bản dịch
tentacles_on_female,7,905,,Chưa có bản dịch
female_orc,0,886,orc_female,Chưa có bản dịch
other_with_male,0,884,,Chưa có bản dịch
tall_male,0,878,,Chưa có bản dịch
humanoid_and_humanization,0,872,furry_and_humanization,Chưa có bản dịch
female_fingering_male,7,835,,Chưa có bản dịch
male_dominating_male,7,827,,Chưa có bản dịch
female_farting,7,826,,Chưa có bản dịch
gynomorph_penetrating_anthro,7,826,,Chưa có bản dịch
female_pooping,7,814,,Chưa có bản dịch
anthro_rimming_anthro,7,814,,Chưa có bản dịch
intersex_penetrating_anthro,7,812,,Chưa có bản dịch
male_fingering_female,7,798,,Chưa có bản dịch
ambiguous_on_anthro,7,779,"ambiguous/anthro,anthro/ambiguous,anthro_on_ambiguous",Chưa có bản dịch
intersex_on_anthro,7,775,"anthro/intersex,anthro_on_futa,anthro_on_futanari,anthro_on_intersex,futa_on_anthro,futanari_on_anthro",Chưa có bản dịch
pokemon_battle,0,774,pokémon_battle,Chưa có bản dịch
ambiguous_penetrating_female,7,764,"?/p/f,ag/p/f,ag/p/fm",Chưa có bản dịch
dragon_claw,0,758,,Chưa có bản dịch
wolf_paws,0,753,,Chưa có bản dịch
rabbit_ornament,0,747,bunny_ornament,Chưa có bản dịch
voluptuous_male,7,729,,Chưa có bản dịch
eon_duo,7,722,,Chưa có bản dịch
pokemon_day,0,722,,Chưa có bản dịch
female_fingered,7,718,,Chưa có bản dịch
male_penetrating_maleherm,7,714,m/p/mh,Chưa có bản dịch
male-female_symbol,0,713,,Chưa có bản dịch
pokemon_on_lap,0,712,,Chưa có bản dịch
male_fingering,7,700,,Chưa có bản dịch
female_rimming_female,7,699,,Chưa có bản dịch
elemental_dragon,0,698,"dragon_elemental,element_dragon",Chưa có bản dịch
red_male_swimwear,0,693,,Chưa có bản dịch
solo_in_panel,7,691,,Chưa có bản dịch
anthro_dominating_anthro,7,674,,Chưa có bản dịch
bald_female,0,673,bald_girl,Chưa có bản dịch
female_urethra,7,666,,Chưa có bản dịch
cuntboy_with_male,0,664,,Chưa có bản dịch
male_on_taur,7,660,male/taur,Chưa có bản dịch
large_female,7,657,,Chưa có bản dịch
anthro_to_feral,7,647,,Chưa có bản dịch
rabbit_vibrator,0,640,bunny_vibrator,Chưa có bản dịch
anthro_raped,7,620,,Chưa có bản dịch
moon_rabbit,0,604,,Chưa có bản dịch
monster_on_female,7,603,,Chưa có bản dịch
group_photo,7,572,,Chưa có bản dịch
humanoid_to_anthro,7,571,,Chưa có bản dịch
rabbit_platoon_(blue_archive),0,570,,Chưa có bản dịch
wolf_hood,0,563,,Chưa có bản dịch
ice_dragon,0,562,"frost_dragon,ice_dragoness",Chưa có bản dịch
anthro_to_inanimate,7,559,,Chưa có bản dịch
white_male_swimwear,0,556,,Chưa có bản dịch
duo_in_panel,7,553,,Chưa có bản dịch
canine_vulva_from_the_front,7,547,,Chưa có bản dịch
gynomorph_on_anthro,7,542,"anthro/dickgirl,anthro/gynomorph,anthro_on_gynomorph,dickgirl_on_anthro,gynomorph/anthro",Chưa có bản dịch
female_rimmed,7,532,,Chưa có bản dịch
ambiguous_penetrating_male,7,529,"?/p/m,ag/p/m",Chưa có bản dịch
female_licking_male,7,528,,Chưa có bản dịch
pokemon_professor,7,524,"pokémon_professor,professor_(pokemon),professor_(pokémon)",Chưa có bản dịch
herm_anthro,7,509,anthro_herm,Chưa có bản dịch
herm_penetrating_male,7,506,h/p/m,Chưa có bản dịch
confident_male,7,500,,Chưa có bản dịch
female_supporting_yaoi,7,497,,Chưa có bản dịch
female_dominating_female,7,496,,Chưa có bản dịch
mostly_offscreen_anthro,7,491,,Chưa có bản dịch
white_wolf,0,478,,Chưa có bản dịch
white_rabbit_(alice_in_wonderland)_(cosplay),0,476,,Chưa có bản dịch
big_female,7,476,,Chưa có bản dịch
mta_transformation,7,468,"male_to_andromorph_tf,male_to_andromorph_transformation,male_to_cuntboy_tf,male_to_cuntboy_transformation,mta_tf,mtc_tf,mtc_transformation",Chưa có bản dịch
shirtless_female,7,466,,Chưa có bản dịch
big_bad_wolf_(cosplay),0,466,,Chưa có bản dịch
pokemon_center,0,462,"pokecen,pokecenter,pokesen,pokécen,pokécenter,pokémon_center,pokésen",Chưa có bản dịch
male_yandere,0,462,,Chưa có bản dịch
male_impregnating_male,7,459,,Chưa có bản dịch
newhalf_with_female,0,453,female_with_newhalf,Chưa có bản dịch
leashed_female,7,445,,Chưa có bản dịch
pokemon_on_back,0,437,,Chưa có bản dịch
aroused_female,7,431,,Chưa có bản dịch
female_penetrating_intersex,7,427,fm/p/i,Chưa có bản dịch
male_facesitting_female,7,422,,Chưa có bản dịch
humanoid_penetrating_male,7,419,,Chưa có bản dịch
furry_and_animal,0,414,,Chưa có bản dịch
female_dominating_human,7,413,,Chưa có bản dịch
wolf_pelt,0,412,,Chưa có bản dịch
interlocked_mars_and_venus_symbols,0,410,"male_symbol_penetrating_female_symbol,mars_symbol_penetrating_venus_symbol",Chưa có bản dịch
female_alien,7,404,,Chưa có bản dịch
rabbit_background,0,397,"/rabbitbg,bunny_background",Nền thỏ
apple_rabbit,0,393,apple_bunny,Chưa có bản dịch
male_peed_on,7,393,,Chưa có bản dịch
green_male_swimwear,0,393,,Chưa có bản dịch
lay_the_dragon,7,390,"dragon_lay,dragon_laying,laying_the_dragon",Chưa có bản dịch
taur_penetrating_anthro,7,386,t/p/a,Chưa có bản dịch
anthro_rimming_feral,7,386,,Chưa có bản dịch
anthro_raping_anthro,7,385,,Chưa có bản dịch
newhalf_with_male,0,378,male_with_newhalf,Chưa có bản dịch
male_penetrating_taur,7,376,,Chưa có bản dịch
dragon_dildo,0,365,,Chưa có bản dịch
female_fingering_female,7,363,,Chưa có bản dịch
dominant_pokemon,7,360,,Chưa có bản dịch
anthro_raping,7,356,anthro_rape,Chưa có bản dịch
male_breastfeeding,7,352,,Chưa có bản dịch
male_stripper,0,352,,Chưa có bản dịch
group_incest,0,343,,Chưa có bản dịch
diapered_female,7,343,,Chưa có bản dịch
diapered_male,7,338,,Chưa có bản dịch
female_on_taur,7,338,female/taur,Chưa có bản dịch
anthro_penetrating_intersex,7,337,,Chưa có bản dịch
female_fingering,7,335,,Chưa có bản dịch
reversible_couple,0,330,,Chưa có bản dịch
confident_female,7,328,,Chưa có bản dịch
female_rimming_gynomorph,7,324,,Chưa có bản dịch
male_harem,0,323,harem_(male),Chưa có bản dịch
micro_female,7,321,,Chưa có bản dịch
male_oviposition,7,320,,Chưa có bản dịch
unconscious_male,7,320,,Chưa có bản dịch
male_spitroast,0,318,,Chưa có bản dịch
stuffed_wolf,0,317,,Chưa có bản dịch
black_rabbit_(animal),0,312,,Chưa có bản dịch
2024_pokemon_teraleak,0,309,,Chưa có bản dịch
gynomorph_dominating_female,7,307,,Chưa có bản dịch
brown-skinned_female,7,306,,Chưa có bản dịch
stuffed_dragon,0,304,,Chưa có bản dịch
feral_to_anthro,7,304,,Chưa có bản dịch
anthro_rimming,7,304,,Chưa có bản dịch
male_virgin,7,297,,Chưa có bản dịch
latina,7,292,latina_female,Chưa có bản dịch
short_female,7,290,,Chưa có bản dịch
male_peeing_on_male,7,287,,Chưa có bản dịch
pokemon_ability,0,287,,Chưa có bản dịch
pokemon_transformation,7,287,pokémon_transformation,Chưa có bản dịch
solo_cup,0,283,,Chưa có bản dịch
anthro_dominating_male,7,283,,Chưa có bản dịch
anthro_penetrating_taur,7,279,a/p/t,Chưa có bản dịch
red_solo_cup,7,279,,Chưa có bản dịch
group_oviposition,7,279,,Chưa có bản dịch
male/female_symbol,7,274,"straight_symbol,⚤",Chưa có bản dịch
same_evolution_group,7,273,,Chưa có bản dịch
rabbit_earmuffs,0,267,bunny_earmuffs,Chưa có bản dịch
offscreen_female,7,266,,Chưa có bản dịch
female_penetrating_gynomorph,7,266,"female_penetrating_dgirl,female_penetrating_dickgirl,female_penetrating_newhalf,female_penetrating_shemale,fm/p/d,fm/p/gm",Chưa có bản dịch
human_fingering_anthro,7,258,,Chưa có bản dịch
maleherm_anthro,7,254,anthro_maleherm,Chưa có bản dịch
human_dominating_anthro,7,253,,Chưa có bản dịch
female_rimming_intersex,7,251,,Chưa có bản dịch
bearded_dragon,0,248,,Chưa có bản dịch
confident_anthro,7,243,,Chưa có bản dịch
duo_transformation,7,241,,Chưa có bản dịch
male_swimwear_pull,0,240,,Chưa có bản dịch
anthro_penetrating_gynomorph,7,238,,Chưa có bản dịch
yellow_male_swimwear,0,238,,Chưa có bản dịch
male_prostitution,0,238,prostitution_(male),Chưa có bản dịch
strong_female,7,235,,Chưa có bản dịch
bound_male,7,235,,Chưa có bản dịch
gynomorph_dominating_male,7,234,,Chưa có bản dịch
male_pregnancy,0,234,"mpreg,pregnancy_(male),pregnant_man",Chưa có bản dịch
pokemon_rgby_(style),0,234,,Chưa có bản dịch
mew_duo,7,231,,Chưa có bản dịch
masked_male,7,230,,Chưa có bản dịch
rabbit_symbol,0,230,bunny_symbol,Chưa có bản dịch
female_on_futa,0,229,,Chưa có bản dịch
embarrased_female,7,221,,Chưa có bản dịch
female_virgin,7,217,,Chưa có bản dịch
bound_female,7,216,,Chưa có bản dịch
anthro_raping_human,7,216,,Chưa có bản dịch
male_defloration,7,216,,Chưa có bản dịch
muscular_child,0,216,"muscular_female_child,muscular_loli,muscular_male_child,muscular_shota",Chưa có bản dịch
group_profile,0,215,,Chưa có bản dịch
anthro_transformation,7,213,,Chưa có bản dịch
dragon_radar,0,211,,Chưa có bản dịch
ambiguous_rimming_male,7,210,,Chưa có bản dịch
furry-specific_brand,7,208,,Chưa có bản dịch
anthro_rimmed,7,206,,Chưa có bản dịch
dragon_type_theme_(pokemon),0,205,,Chưa có bản dịch
realistic_anthro,7,202,,Chưa có bản dịch
sub_for_couple,0,202,,Chưa có bản dịch
rabbit_charm,0,201,"bunny_keychain,rabbit_keychain",Chưa có bản dịch
pokemon_plushie,7,200,,Chưa có bản dịch
orange_male_swimwear,0,200,,Chưa có bản dịch
intersex_raping_female,7,198,,Chưa có bản dịch
gynomorph_raping_female,7,197,,Chưa có bản dịch
farting_female,7,194,,Chưa có bản dịch
imminent_group_sex,7,194,,Chưa có bản dịch
print_male_swimwear,0,192,,Chưa có bản dịch
group_birth,7,190,,Chưa có bản dịch
male_thong,0,189,,Chưa có bản dịch
dragon-v0942_(va),9,189,,Người đóng góp
female_peed_on,7,186,,Chưa có bản dịch
female_defloration,7,182,,Chưa có bản dịch
anthro_to_human,7,180,,Chưa có bản dịch
rabbit_pajamas,0,180,bunny_pajamas,Chưa có bản dịch
canine_vulva_outline,7,180,spade_bulge,Chưa có bản dịch
pokemon_domination,7,179,,Chưa có bản dịch
feral_dominating_anthro,7,179,,Chưa có bản dịch
bunny_headphones,0,176,rabbit_headphones,Chưa có bản dịch
canine_pussy_on_anthro,7,175,,Chưa có bản dịch
tower_duo,7,174,,Chưa có bản dịch
animal_couple,0,174,,Chưa có bản dịch
male_human/male_anthro,7,172,,Chưa có bản dịch
female_raping_female,7,169,,Chưa có bản dịch
female_carrying_male,7,168,,Chưa có bản dịch
furry_logic,7,168,,Chưa có bản dịch
anthro_peeing,7,168,,Chưa có bản dịch
anthro_to_humanoid,7,168,,Chưa có bản dịch
male_and_female_submissive,7,168,,Chưa có bản dịch
rabbit_plushie,7,166,bunny_plushie,Chưa có bản dịch
rabbit_pin,0,165,bunny_pin,Chưa có bản dịch
palace_of_dragon_(idolmaster),0,165,,Chưa có bản dịch
grey_wolf,0,163,,Chưa có bản dịch
rabbit_head,0,161,bunny_head,Chưa có bản dịch
human_raping_anthro,7,160,,Chưa có bản dịch
dragon_(arms),0,157,,Chưa có bản dịch
male_moans,7,152,,Chưa có bản dịch
human_rimming_anthro,7,151,,Chưa có bản dịch
male_squirting,7,150,,Chưa có bản dịch
group_pregnancy,7,149,,Chưa có bản dịch
humanoid_with_canine_genitalia,7,148,,Chưa có bản dịch
taur_penetrating_female,7,147,,Chưa có bản dịch
anthro_penetrating_ambiguous,7,146,,Chưa có bản dịch
leashed_anthro,7,145,,Chưa có bản dịch
male_raping_anthro,7,145,,Chưa có bản dịch
unconscious_female,7,143,,Chưa có bản dịch
pale-skinned_female,7,142,,Chưa có bản dịch
andromorph_penetrating_male,7,142,"am/p/m,c/p/m,cboy_penetrating_male,cuntboy_penetrating_male,cuntman_penetrating_male",Chưa có bản dịch
good_couple_day,0,142,ii_fuufu_no_hi,Chưa có bản dịch
older_female_younger_male,7,140,,Chưa có bản dịch
rabbit_youkai_group_(touhou),0,139,,Chưa có bản dịch
furry_scale,0,139,"anthro_scale,degrees_of_kemono",Chưa có bản dịch
chocolate_bunny,7,138,chocolate_rabbit,Chưa có bản dịch
dragon_boat_festival,0,138,,Chưa có bản dịch
large_male,7,137,,Chưa có bản dịch
anthro_top,7,137,,Chưa có bản dịch
hairy_male,7,137,,Chưa có bản dịch
excited_female,7,136,,Chưa có bản dịch
water_dragon,0,135,,Chưa có bản dịch
rabbit_balloon,0,133,bunny_balloon,Chưa có bản dịch
grey_male_swimwear,0,131,,Chưa có bản dịch
viltrumite_group_shot_(meme),0,129,,Chưa có bản dịch
furry_problems,7,129,,Chưa có bản dịch
pokemon_gym,0,129,,Chưa có bản dịch
rabbit_tattoo,0,128,bunny_tattoo,Chưa có bản dịch
uniformed_male,7,127,,Chưa có bản dịch
shortstack_anthro,7,126,,Chưa có bản dịch
maleherm_penetrating_female,7,124,mh/p/fm,Chưa có bản dịch
anthro_to_taur,7,122,,Chưa có bản dịch
female_dominating_gynomorph,7,122,,Chưa có bản dịch
female_penetrating_anthro,7,122,,Chưa có bản dịch
female_protagonist_(pokemon_go)_(cosplay),0,122,,Chưa có bản dịch
rabbit_puppet,0,121,bunny_puppet,Chưa có bản dịch
female_fisting_male,7,120,,Chưa có bản dịch
mega_pokemon_(other),0,118,,Chưa có bản dịch
masked_female,7,116,,Chưa có bản dịch
male_facesitting_male,7,115,,Chưa có bản dịch
brown_rabbit,0,115,,Chưa có bản dịch
undersized_pokemon,0,113,,Chưa có bản dịch
crossdressing_female,7,112,,Chưa có bản dịch
tentacle_on_male,7,112,,Chưa có bản dịch
female_penetrating_human,7,111,,Chưa có bản dịch
female_fertilization,0,110,,Chưa có bản dịch
gtf_crossgender,7,110,"dickgirl_to_female_crossgender,dickgirl_to_female_r63,dickgirl_to_female_rule_63,dtf_crossgender,dtf_r63,dtf_rule_63,gtf_r63,gtf_rule_63,gynomorph_to_female_crossgender,gynomorph_to_female_r63,gynomorph_to_female_rule_63",Chưa có bản dịch
feral_raping_anthro,7,110,,Chưa có bản dịch
hypnotized_male,7,109,,Chưa có bản dịch
unconscious_anthro,7,109,,Chưa có bản dịch
andromorph_on_anthro,7,109,"andromorph/anthro,anthro/andromorph,anthro_on_andromorph,cuntboy_on_anthro",Chưa có bản dịch
dragon_ornament,0,108,,Chưa có bản dịch
group_transformation,7,108,,Chưa có bản dịch
wolf_cub,0,108,,Chưa có bản dịch
anthro_penetrating_andromorph,7,106,,Chưa có bản dịch
white_dragon,0,103,,Chưa có bản dịch
excited_male,7,102,,Chưa có bản dịch
group_(toaru),0,102,,Chưa có bản dịch
wolf_head,0,101,,Chưa có bản dịch
purple_male_swimwear,0,99,,Chưa có bản dịch
female_human/male_anthro,7,96,,Chưa có bản dịch
shared_female_with_animal,7,94,,Chưa có bản dịch
bad_dragon_cumlube,7,94,,Chưa có bản dịch
canine_turn,7,93,,Chưa có bản dịch
ambiguous_penetrating_anthro,7,92,,Chưa có bản dịch
rabbit_cutout,0,91,bunny_cutout,Chưa có bản dịch
mostly_offscreen_female,7,91,,Chưa có bản dịch
blacked_male,0,91,,Chưa có bản dịch
male_peeing_on_female,7,90,,Chưa có bản dịch
dragon_on_human,7,90,,Chưa có bản dịch
duo_chromatic,0,89,,Chưa có bản dịch
maleherm_penetrating_male,7,89,mh/p/m,Chưa có bản dịch
female_facesitting_female,7,89,,Chưa có bản dịch
rabbit_paws,0,89,bunny_paws,Chưa có bản dịch
male_receiving,7,88,,Chưa có bản dịch
brown_male_swimwear,0,88,,Chưa có bản dịch
sleeping_anthro,7,88,,Chưa có bản dịch
dragon_empery_(emblem),0,87,eastern_radiance_(emblem),Chưa có bản dịch
slightly_muscular_male,7,86,,Chưa có bản dịch
monster_on_male,7,85,,Chưa có bản dịch
female_peeing_on_male,7,85,,Chưa có bản dịch
silver_wolf_(honkai:_star_rail)_(cosplay),0,85,,Chưa có bản dịch
male_dominating_gynomorph,7,84,,Chưa có bản dịch
male_carrying_female,7,84,,Chưa có bản dịch
dragon_hood,0,84,,Chưa có bản dịch
talking_to_male_viewer,7,83,,Chưa có bản dịch
rabbit_pasties,0,83,,Chưa có bản dịch
hybrid_anthro,7,83,,Chưa có bản dịch
ambiguous_fingering_male,7,83,,Chưa có bản dịch
reverse_furry,7,82,,Chưa có bản dịch
playboy_pokemon,0,82,,Chưa có bản dịch
anthro_birthing_feral,7,81,,Chưa có bản dịch
male_orgasm,7,81,,Chưa có bản dịch
striped_male_swimwear,0,81,,Chưa có bản dịch
female_corrin_(fire_emblem)_(cosplay),0,81,,Chưa có bản dịch
gtf_transformation,7,81,"dickgirl_to_female_tf,dickgirl_to_female_transformation,dtf_tf,dtf_transformation,gtf_tf,gynomorph_to_female_tf,gynomorph_to_female_transformation",Chưa có bản dịch
pokemon_onesie,7,80,,Chưa có bản dịch
female_watching,7,79,,Chưa có bản dịch
ancient_dragon_(elden_ring),0,79,,Chưa có bản dịch
anthro_rimming_human,7,79,,Chưa có bản dịch
tawawa_group,0,78,,Chưa có bản dịch
female_penetrating_herm,7,78,fm/p/h,Chưa có bản dịch
feral_dominating_male,7,78,,Chưa có bản dịch
dragon_install,0,78,,Chưa có bản dịch
male_futanari,0,77,,Chưa có bản dịch
hypnotized_female,7,77,,Chưa có bản dịch
ambiguous_fingering_female,7,77,,Chưa có bản dịch
mostly_clothed_anthro,7,76,,Chưa có bản dịch
female_byleth_(fire_emblem)_(cosplay),0,76,,Chưa có bản dịch
furry_lifestyle,7,75,,Chưa có bản dịch
dragon_on_head,0,75,,Chưa có bản dịch
muscular_and_chubby_female,7,75,,Chưa có bản dịch
herm_penetrating_anthro,7,75,,Chưa có bản dịch
anthro_fingering_human,7,74,,Chưa có bản dịch
farting_on_male,7,74,,Chưa có bản dịch
sweaty_male,7,74,,Chưa có bản dịch
emaciated_female,7,74,,Chưa có bản dịch
tall_anthro,7,73,,Chưa có bản dịch
feral_dominating_female,7,73,,Chưa có bản dịch
gynomorph_rimming_male,7,72,,Chưa có bản dịch
pink_male_swimwear,0,72,,Chưa có bản dịch
male_rimming_gynomorph,7,72,,Chưa có bản dịch
multicolored_male_swimwear,0,72,,Chưa có bản dịch
male_birth,7,72,male_birthing,Chưa có bản dịch
bird_youkai_group_(touhou),0,71,,Chưa có bản dịch
male_fingering_andromorph,7,70,,Chưa có bản dịch
rabbit_fursuit,7,70,,Chưa có bản dịch
canine_plushie,7,70,,Chưa có bản dịch
gay_male_pride_flag,0,69,,Chưa có bản dịch
gynomorph_raping_male,7,68,,Chưa có bản dịch
group_battle,0,68,,Chưa có bản dịch
dragon_li_cat,0,68,,Chưa có bản dịch
male_fisting_male,7,67,,Chưa có bản dịch
herm_on_anthro,7,66,"anthro/herm,anthro_on_herm,herm/anthro",Chưa có bản dịch
pokemon_adventures_anime_(meme),0,66,,Chưa có bản dịch
emaciated_anthro,7,66,,Chưa có bản dịch
pantless_anthro,7,66,,Chưa có bản dịch
canine_skull,7,66,,Chưa có bản dịch
implied_male_pregnancy,0,66,,Chưa có bản dịch
escort,7,65,male_escort,Chưa có bản dịch
male_rimming_intersex,7,65,,Chưa có bản dịch
male_byleth_(fire_emblem)_(cosplay),0,65,,Chưa có bản dịch
male_virginity_loss,7,64,,Chưa có bản dịch
aqua_male_swimwear,0,64,,Chưa có bản dịch
dragon_skull,0,63,,Chưa có bản dịch
embarrassed_anthro,7,63,,Chưa có bản dịch
male_dominating_anthro,7,62,,Chưa có bản dịch
male_symbol_penetration,7,62,,Chưa có bản dịch
wet_male_swimwear,0,62,,Chưa có bản dịch
robotic_anthro,7,61,,Chưa có bản dịch
male_to_female,7,61,,Chưa có bản dịch
ambiguous_rimming_female,7,61,,Chưa có bản dịch
female_robin_(fire_emblem)_(cosplay),0,61,,Chưa có bản dịch
female_rimming_feral,7,61,,Chưa có bản dịch
pokemon_daycare,7,61,,Chưa có bản dịch
wolf_print,0,61,,Chưa có bản dịch
female_penetrating_andromorph,7,60,"female_penetrating_cboy,female_penetrating_cuntboy,female_penetrating_cuntman,fm/p/am,fm/p/c",Chưa có bản dịch
feral_rimming_anthro,7,60,,Chưa có bản dịch
male_udder,7,60,,Chưa có bản dịch
male_robin_(fire_emblem)_(cosplay),0,59,,Chưa có bản dịch
taur_penetrating_male,7,58,,Chưa có bản dịch
quanxi's_group_(chainsaw_man),0,57,,Chưa có bản dịch
anthro_dominating_humanoid,7,57,,Chưa có bản dịch
anthro_fisting_anthro,7,57,,Chưa có bản dịch
older_feral_younger_anthro,7,56,,Chưa có bản dịch
fta_crossgender,7,55,"female_to_andromorph_crossgender,female_to_andromorph_r63,female_to_andromorph_rule_63,female_to_cuntboy_crossgender,female_to_cuntboy_r63,female_to_cuntboy_rule_63,fta_r63,fta_rule_63,ftc_crossgender,ftc_r63,ftc_rule_63",Chưa có bản dịch
pink_male_symbol,7,54,,Chưa có bản dịch
zekkyou!?_ookami_no_mori_e_youkoso!_(project_sekai),0,53,"scream!?_welcome_to_the_wolf_forest!_(project_sekai),screaming?!_welcome_to_the_forest_of_wolves!_(project_sekai)",Chưa có bản dịch
after_female_ejaculation,0,53,,Chưa có bản dịch
emaciated_male,7,53,,Chưa có bản dịch
group_in_panel,7,52,,Chưa có bản dịch
jessica_rabbit_(cosplay),0,52,,Chưa có bản dịch
dragon_fist_(dragon_ball),0,51,,Chưa có bản dịch
group_bondage,7,51,,Chưa có bản dịch
pyonpyon_rabbit_(idolmaster),0,50,,Chưa có bản dịch
taller_anthro,7,50,,Chưa có bản dịch
wolf_plushie,7,50,,Chưa có bản dịch
female_admiral_(kancolle)_(cosplay),0,50,,Chưa có bản dịch
pokemon_used_move,0,49,,Chưa có bản dịch
atf_transformation,7,49,"andromorph_to_female_tf,andromorph_to_female_transformation,atf_tf,ctf_tf,ctf_transformation,cuntboy_to_female_tf,cuntboy_to_female_transformation",Chưa có bản dịch
male_penetrating_eunuch,7,49,,Chưa có bản dịch
male_raping_gynomorph,7,49,,Chưa có bản dịch
pokemon_type_symbol,7,48,,Chưa có bản dịch
group_hypnosis,7,48,,Chưa có bản dịch
female_penetrating_ambiguous,7,48,"f/p/?,f/p/ag,fm/p/ag",Chưa có bản dịch
lgbt_couple,7,48,,Chưa có bản dịch
queen_of_pokemon_symbol,0,47,,Chưa có bản dịch
pink_rabbit,0,47,,Chưa có bản dịch
slightly_muscular_anthro,7,47,,Chưa có bản dịch
wolf_pack,7,46,,Chưa có bản dịch
sleeping_on_pokemon,0,46,,Chưa có bản dịch
anthro_penetrating_herm,7,46,,Chưa có bản dịch
male_swimwear_aside,0,46,,Chưa có bản dịch
farting_male,7,46,,Chưa có bản dịch
capturing_non-pokemon,0,46,,Chưa có bản dịch
female_rover_(wuthering_waves)_(cosplay),0,45,,Chưa có bản dịch
male_raping_ambiguous,7,45,,Chưa có bản dịch
rabbit_fullbottle,0,45,,Chưa có bản dịch
pokemon_gsc_(style),0,45,,Chưa có bản dịch
mostly_clothed_female,7,44,,Chưa có bản dịch
dragon_plushie,7,44,,Chưa có bản dịch
furry_pussy,7,44,,Chưa có bản dịch
bitter_rabbit,0,44,,Chưa có bản dịch
duo_handjob_while_rimming,7,44,,Chưa có bản dịch
dragon_background,0,42,,Nền rồng
gynomorph_rimming_female,7,42,,Chưa có bản dịch
furry_foreskin,7,42,,Chưa có bản dịch
rabbit_maebari,0,42,,Chưa có bản dịch
petite_female,7,41,,Chưa có bản dịch
dragon_slayer_(berserk),7,41,,Chưa có bản dịch
male_dominating_andromorph,7,40,,Chưa có bản dịch
male_rimming_anthro,7,40,,Chưa có bản dịch
rabbit_day,0,40,,Chưa có bản dịch
group_shot,7,40,,Chưa có bản dịch
white_rabbit_pointing_at_a_clock_(meme),0,40,,Chưa có bản dịch
female_peeing_on_female,7,39,,Chưa có bản dịch
humanoid_with_feline_genitalia,7,39,,Chưa có bản dịch
dragon_land,7,39,,Chưa có bản dịch
dragon_paws,7,39,,Chưa có bản dịch
fire_dragon_(inazuma_eleven),0,39,,Chưa có bản dịch
rimming_anthro,7,39,,Chưa có bản dịch
tentacle_penetrating_anthro,7,39,,Chưa có bản dịch
sleeping_female,7,39,,Chưa có bản dịch
male_dominating_humanoid,7,39,,Chưa có bản dịch
dildo_penetrating_male,7,38,,Chưa có bản dịch
rabbit_button,0,38,rabbit-shaped_buttons,Chưa có bản dịch
rabbit_eyepatch,0,38,bunny_eyepatch,Chưa có bản dịch
rabbit_shadow_puppet,0,38,bunny_shadow_puppet,Chưa có bản dịch
rabbit_sticker,0,38,,Chưa có bản dịch
two_headed_dragon,7,38,,Chưa có bản dịch
lunar_duo,7,38,,Chưa có bản dịch
young_female_penetrated,7,38,,Chưa có bản dịch
group_hairstyle_switch,0,38,,Chưa có bản dịch
black_dragon,0,37,,Chưa có bản dịch
furry_fandom,7,37,,Chưa có bản dịch
awake_male,7,37,,Chưa có bản dịch
pokemon-amie,0,37,,Chưa có bản dịch
mismatched_heart_duo,0,37,,Chưa có bản dịch
female_penetrating_feral,7,36,,Chưa có bản dịch
atm_crossgender,7,36,"andromorph_to_male_crossgender,andromorph_to_male_r63,andromorph_to_male_rule_63,atm_r63,atm_rule_63,ctm_crossgender,ctm_r63,ctm_rule_63,cuntboy_to_male_crossgender,cuntboy_to_male_r63,cuntboy_to_male_rule_63",Chưa có bản dịch
unworn_male_swimwear,0,36,,Chưa có bản dịch
andromorph_penetrating_female,7,36,"am/p/fm,c/p/fm,cboy_penetrating_female,cuntboy_penetrating_female,cuntman_penetrating_female",Chưa có bản dịch
fire_dragon,0,36,,Chưa có bản dịch
anthro_rimming_male,7,35,,Chưa có bản dịch
fuji_rabbit,0,35,,Chưa có bản dịch
green_wolf,7,35,,Chưa có bản dịch
group_wedgies,0,35,,Chưa có bản dịch
furry_convention,7,35,,Chưa có bản dịch
furry_confusion,7,35,,Chưa có bản dịch
rabbit_helmet,0,35,,Chưa có bản dịch
fatter_female_thinner_male,0,35,,Chưa có bản dịch
tentacles_on_anthro,7,34,,Chưa có bản dịch
sleeping_male,7,34,,Chưa có bản dịch
the_dragon_knights,0,34,,Chưa có bản dịch
male_fisted,7,34,,Chưa có bản dịch
male_race_queen,0,34,,Chưa có bản dịch
rabbit_slippers,0,34,,Chưa có bản dịch
wagner_group,0,34,,Chưa có bản dịch
towel_rabbit,0,33,towel_bunny,Chưa có bản dịch
humanoid_dominating_anthro,7,33,,Chưa có bản dịch
wolf_cutout,0,33,,Chưa có bản dịch
tentacle_penetrating_female,7,33,,Chưa có bản dịch
tentacles_penetrating_female,7,33,,Chưa có bản dịch
anthro_peed_on,7,32,,Chưa có bản dịch
male_dominating_human,7,32,,Chưa có bản dịch
after_group_sex,7,32,,Chưa có bản dịch
wolf_nanaki_(colorist),9,32,,Người đóng góp
wolf_ornament,0,32,,Chưa có bản dịch
feral_dom_anthro_sub,7,32,,Chưa có bản dịch
female_draconcopode,7,32,,Chưa có bản dịch
proportionally_endowed_male,7,32,,Chưa có bản dịch
furry_(fandom),0,31,,Chưa có bản dịch
furry_extremities,0,31,,Chưa có bản dịch
intersex_rimming_male,7,31,,Chưa có bản dịch
wolf_headdress,0,31,,Chưa có bản dịch
cuntboy_with_female,0,31,,Chưa có bản dịch
group_presenting,7,31,,Chưa có bản dịch
hairy_female,7,31,,Chưa có bản dịch
han_solo_(cosplay),0,31,,Chưa có bản dịch
gynomorph_fingering_male,7,30,,Chưa có bản dịch
dog_pussy,0,30,canine_pussy,Chưa có bản dịch
canine_clitoris,7,30,,Chưa có bản dịch
who's_that_pokemon_(meme),0,30,,Chưa có bản dịch
gest_of_the_mighty_wolf_(genshin_impact),0,30,,Chưa có bản dịch
poke_mart,0,30,pokemon_mart,Chưa có bản dịch
atm_transformation,7,29,"andromorph_to_male_tf,andromorph_to_male_transformation,atm_tf,ctm_tf,ctm_transformation,cuntboy_to_male_tf,cuntboy_to_male_transformation",Chưa có bản dịch
inanimate_to_anthro,7,29,,Chưa có bản dịch
two-tone_male_swimwear,0,29,,Chưa có bản dịch
pokemon_print,7,28,,Chưa có bản dịch
rabbit_pattern,7,28,,Chưa có bản dịch
female_humping,7,28,,Chưa có bản dịch
tentacle_penetrating_male,7,28,,Chưa có bản dịch
male_penetrating_null,7,28,,Chưa có bản dịch
male_viewer,7,28,,Chưa có bản dịch
male_penetrating_young,7,27,,Chưa có bản dịch
dragon_statue,0,27,,Chưa có bản dịch
wild_pokemon_appeared,0,27,,Chưa có bản dịch
penetrated_male_penetrating,7,27,,Chưa có bản dịch
shared_male_with_animal,7,26,,Chưa có bản dịch
dragon_boat,0,26,,Chưa có bản dịch
male_fisting_female,7,26,,Chưa có bản dịch
female_endministrator_(arknights)_(cosplay),0,26,,Chưa có bản dịch
atf_crossgender,7,26,"andromorph_to_female_crossgender,andromorph_to_female_r63,andromorph_to_female_rule_63,atf_r63,atf_rule_63,ctf_crossgender,ctf_r63,ctf_rule_63,cuntboy_to_female_crossgender,cuntboy_to_female_r63,cuntboy_to_female_rule_63",Chưa có bản dịch
pokemon_balloon,7,25,,Chưa có bản dịch
intimidating_female,7,25,,Chưa có bản dịch
pokemon_tower,0,25,,Chưa có bản dịch
female_penetrating_humanoid,7,25,,Chưa có bản dịch
home_economics_dragon,0,25,,Chưa có bản dịch
male_bride,0,25,,Chưa có bản dịch
dragon_chastity_cage,7,24,,Chưa có bản dịch
mostly_clothed_male,7,24,,Chưa có bản dịch
bound_anthro,7,24,,Chưa có bản dịch
eastern_dragon_print,0,24,,Chưa có bản dịch
female_lifting_female,7,24,,Chưa có bản dịch
female_circumcision,0,24,,Chưa có bản dịch
female_carrying_female,7,24,,Chưa có bản dịch
couple_toying,7,24,,Chưa có bản dịch
nervous_male,7,24,,Chưa có bản dịch
inexperienced_male,7,23,,Chưa có bản dịch
titan_pokemon,0,23,,Chưa có bản dịch
humanoid_raping_anthro,7,23,,Chưa có bản dịch
male_dominating_ambiguous,7,23,,Chưa có bản dịch
male_fingering_herm,7,23,,Chưa có bản dịch
female_twerking,7,23,,Chưa có bản dịch
gtm_transformation,7,23,"dickgirl_to_male_tf,dickgirl_to_male_transformation,dtm_tf,dtm_transformation,gtm_tf,gynomorph_to_male_tf,gynomorph_to_male_transformation",Chưa có bản dịch
monster!_dragon_(idolmaster),0,23,,Chưa có bản dịch
dragon_sleeper,0,23,,Chưa có bản dịch
sumbissive_male,7,22,,Chưa có bản dịch
canine_uterus,7,22,,Chưa có bản dịch
group_selfie,7,22,,Chưa có bản dịch
gtm_crossgender,7,22,"dickgirl_to_male_crossgender,dickgirl_to_male_r63,dickgirl_to_male_rule_63,dtm_crossgender,dtm_r63,dtm_rule_63,gtm_r63,gtm_rule_63,gynomorph_to_male_crossgender,gynomorph_to_male_r63,gynomorph_to_male_rule_63",Chưa có bản dịch
cross-z_dragon,0,22,,Chưa có bản dịch
male_rimming_andromorph,7,22,,Chưa có bản dịch
pale-skinned_male,7,22,,Chưa có bản dịch
ticklish_male,7,22,,Chưa có bản dịch
rabbit_hairstyle,0,22,,Chưa có bản dịch
rabbit_agent_(idolmaster),0,22,,Chưa có bản dịch
interracial_couple,7,21,,Chưa có bản dịch
togawa_group_(bang_dream!),0,21,,Chưa có bản dịch
lightning_dragon,0,21,,Chưa có bản dịch
anthro_fingering_feral,7,21,,Chưa có bản dịch
anthro_penetrating_maleherm,7,21,,Chưa có bản dịch
your_favorite_character_as_male_and_female,0,21,,Chưa có bản dịch
female_suit,7,21,,Chưa có bản dịch
female_fisted,7,21,,Chưa có bản dịch
feral_peeing_on_anthro,7,20,,Chưa có bản dịch
male_milking,7,20,,Chưa có bản dịch
male_fingering_intersex,7,20,,Chưa có bản dịch
male_anthro_on_female,7,20,,Chưa có bản dịch
spoken_male-female_symbol,0,20,,Chưa có bản dịch
humanoid_dominating_male,7,20,,Chưa có bản dịch
dragon_knight,7,20,,Chưa có bản dịch
toned_anthro,7,20,,Chưa có bản dịch
