simple_background,0,4553756,"/sbg,/simplebg,basic_background,basic_bg,blank_background,blank_bg,chromatic_background,chromatic_bg,empty_background,empty_bg,flat_background,flat_bg,generic_background,generic_bg,lazy_background,minimal_background,minimal_bg,minimalist_background,minimalist_bg,monochromatic_background,monochromatic_bg,monochrome_bg,plain_backgorund,plain_backgroudn,plain_background,plain_bg,simple_backgorund,simple_backgroudn,simple_backround,simple_bg,simplistic_background,simplistic_bg,solid_background,solid_bg,stoopidly_simple_background,stoopidly_simple_bg,undetailed_background,undetailed_bg,very_simple_background,very_simple_bg",Nền đơn giản
white_background,0,2791029,"/wbg,/whitebg,white_backgorund,white_backgroudn,white_backround,white_bg,whtie_background,whtie_bg",Nền trắng
flower,0,980359,"flover,flowers",Hoa
outdoors,0,817214,outdoor,Ngoài trời
sky,0,786887,"background_sky,dark_sky,light_sky,sky_background",Bầu trời
indoors,0,557375,,Trong nhà
plant,0,542517,"plants,vegetation",Thực vật
cloud,0,503774,clouds,Mây
grey_background,0,500511,"/graybg,/greybg,dark_gray_background,dark_gray_bg,dark_grey_background,dark_grey_bg,gray_backgorund,gray_background,gray_backround,gray_bg,grey_backgorund,grey_backgroudn,grey_backround,grey_bg,light_gray_background,light_gray_bg,light_grey_background,light_grey_bg",Nền xám
water,0,459596,open_water,Nước
tree,0,428021,trees,Cây
blue_sky,0,323753,,Bầu trời xanh dương
detailed_background,7,264420,"complex_background,complex_bg,complicated_background,complicated_bg,detailed_backgorund,detailed_backgroudn,detailed_bg,detaled_background,detaled_bg,detalied_background,detalied_bg,full_background,full_bg,ornate_background,ornate_bg,realistic_background,realistic_bg",Nền chi tiết
blue_background,0,249359,"/bluebg,blue_backgorund,blue_backgroudn,blue_bg,dark_blue_background,dark_blue_bg,indigo_background,light_blue_background,light_blue_bg",Nền xanh dương
gradient_background,0,245033,"/gbg,/gradientbg,background_gradient,gradiant_background,gradient_backgorund,gradient_backgroudn,gradient_bg",Nền chuyển sắc
grass,0,229489,,Cỏ
transparent_background,0,226592,"/tbg,/transparentbg,alpha_background,alpha_bg,clear_background,clear_bg,translucent_background,transparent_backgorund,transparent_backgroudn,transparent_bg,transparent_gif,transparent_png,trasnparent_background,trasnparent_bg",Nền trong suốt
beach,0,217454,"beach_background,beech,on_beach",Bãi biển
blurry_background,0,187585,,Nền mờ
pink_background,0,186812,"/pinkbg,light_pink_background,light_pink_bg,pink_backgorund,pink_backgroudn,pink_bg",Nền hồng
petals,0,181467,"flower_petal,flower_petals,petal",Cánh hoa
black_background,0,163376,"/blackbg,black_backgorund,black_backgroudn,black_bg,blakc_background,blakc_bg",Nền đen
white_flower,0,153995,white_flowers,Hoa trắng
ocean,0,146455,,Đại dương
floral_print,0,131691,flower_print,Chưa có bản dịch
forest,0,123813,"dark_forest,dark_woods,forests,woods",Rừng
building,0,121218,"buildings,bulding",Chưa có bản dịch
yellow_background,0,116782,"/yellowbg,dark_yellow_background,dark_yellow_bg,light_yellow_background,light_yellow_bg,yellow_backgorund,yellow_backgroudn,yellow_bg",Nền vàng
red_flower,0,114883,red_flowers,Hoa đỏ
steam,0,114532,"steamy,urine_steam,vapor_clouds",Chưa có bản dịch
red_background,0,114322,"/redbg,dark_red_background,dark_red_bg,light_red_background,light_red_bg,red_backgorund,red_backgroudn,red_bg",Nền đỏ
cloudy_sky,0,107543,cloudy,Chưa có bản dịch
purple_background,0,101429,"/purplebg,dark_purple_background,dark_purple_bg,lavender_background,lavender_backgrounds,light_purple_background,light_purple_bg,lilac_background,purple_backgorund,purple_backgroudn,purple_bg,violet_background",Nền tím
pink_flower,0,97415,,Hoa hồng
green_background,0,93230,"/greenbg,dark_green_background,dark_green_bg,green_backgorund,green_backgroudn,green_bg,light_green_background,light_green_bg,lime_background",Nền xanh lá
scenery,0,78525,scenic,Phong cảnh
brown_background,0,75149,"/brownbg,brown_backgorund,brown_backgroudn,brown_bg,dark_brown_background,dark_brown_bg,light_brown_background,light_brown_bg",Nền nâu
abstract_background,0,73961,"/abstractbg,abrstact_background,abstract_backgorund,abstract_backgroudn,abstract_bg,abstrat_background",Chưa có bản dịch
starry_sky,0,69358,starry_night,Bầu trời đầy sao
blue_flower,0,69231,blue_flowers,Hoa xanh dương
city,0,66618,cities,Thành phố
two-tone_background,0,65594,/two-tonebg,Chưa có bản dịch
yellow_flower,0,56302,yellow_flowers,Hoa vàng
orange_background,0,55147,"/orangebg,light_orange_background,light_orange_bg,orange_backgorund,orange_backgroudn,orange_bg",Nền cam
purple_flower,0,54383,purple_flowers,Hoa tím
mountain,0,53292,"montains,mountains",Núi
palm_tree,0,47908,"palm,palm_trees,palmtree,palmtrees",Chưa có bản dịch
sea,7,37603,,Chưa có bản dịch
water_drop,0,36114,"droplet,rain_drop,raindrops,water_drip,water_drops",Chưa có bản dịch
potted_plant,0,36060,potted_plants,Chưa có bản dịch
floral_background,0,32284,"/floralbg,floral_bg,flower_background,flower_bg",Chưa có bản dịch
classroom,0,31557,class_room,Lớp học
road,0,28353,roads,Chưa có bản dịch
watercraft,0,28284,"water_borne_craft,water_borne_vessel,water_craft,water_transport,water_transportation,water_vehicle,water_vessel,waterborne_craft,waterborne_vessel",Chưa có bản dịch
blurred_background,7,27203,"blurred_backgorund,blurred_backgroudn,blurred_bg,blurry_bg",Chưa có bản dịch
christmas_tree,0,26506,"christmas_trees,christmastree,christmastrees",Chưa có bản dịch
house,0,26479,houses,Chưa có bản dịch
office_lady,0,24775,"officelady,ol",Chưa có bản dịch
polka_dot_background,0,24136,"/pdbg,/polkadotbg,polka-dot_background",Chưa có bản dịch
outside_sex,7,22680,"outdoor_sex,outdoors_sex",Chưa có bản dịch
photo_background,0,22061,"/photobg,anime_in_real_life,photo_bg,picture_background,picture_bg,real_background,real_bg",Chưa có bản dịch
outdoor_nudity,7,20906,outdoors_nudity,Chưa có bản dịch
striped_background,0,19840,"/stripedbg,striped_bg",Chưa có bản dịch
water_bottle,0,19125,waterbottle,Chưa có bản dịch
school,0,19059,,Chưa có bản dịch
aqua_background,0,18569,/aquabg,Chưa có bản dịch
locker_room,0,18312,"locker-room,lockerroom",Chưa có bản dịch
grid_background,0,18225,"grid_bg,gridded_background,gridded_bg,tile_background",Chưa có bản dịch
pattern_background,7,17745,"background_pattern,pattern_backgorund,pattern_bg,patterned_bg",Chưa có bản dịch
dark_background,0,17115,/darkbg,Nền sẫm
nature_background,7,16960,"natural_background,natural_bg,nature_bg",Chưa có bản dịch
river,0,16854,,Chưa có bản dịch
street,0,16529,streets,Đường phố
checkered_background,0,15711,"/checkbg,/checkeredbg,/ckbg,checker-board_background,checker-board_bg,checker_board_background,checker_board_bg,checkerboard_background,checkerboard_bg,checkered_bg",Chưa có bản dịch
dappled_sunlight,0,15274,sunlight_through_trees,Chưa có bản dịch
orange_flower,0,15249,,Hoa cam
castle,0,15142,,Chưa có bản dịch
waterfall,0,15051,water_fall,Chưa có bản dịch
black_flower,0,15040,,Hoa đen
bare_tree,0,14393,,Chưa có bản dịch
landscape,0,14376,,Phong cảnh
flower_field,0,14002,,Chưa có bản dịch
lake,0,13976,,Chưa có bản dịch
desert,0,13699,desert_background,Chưa có bản dịch
office,0,13659,,Chưa có bản dịch
forest_background,7,13635,forest_bg,Chưa có bản dịch
greyscale_with_colored_background,0,13610,,Chưa có bản dịch
flower_knot,0,11853,,Chưa có bản dịch
tan_background,7,11475,"beige_background,beige_bg,cream_background,cream_bg,light_beige_background,light_beige_bg,light_cream_background,light_cream_bg,light_peach_background,light_peach_bg,light_tan_background,light_tan_bg,peach_background,peach_bg,tan_backgorund,tan_backgroudn,tan_bg",Chưa có bản dịch
fart_cloud,7,11171,fart_clouds,Chưa có bản dịch
flower_wreath,0,10989,,Chưa có bản dịch
star_symbol_background,0,10925,,Chưa có bản dịch
heart_background,0,10830,"/heartbg,<3_background,<3_bg,heart_bg,hearts_background,hearts_bg",Chưa có bản dịch
orange_sky,0,10826,,Bầu trời cam
gradient_sky,0,10735,,Chưa có bản dịch
pointing_up,0,10128,"pointing_skyward,pointing_to_the_sky",Chưa có bản dịch
halftone_background,0,10005,"/halftonebg,/htbg,half-tone_background,half_tone_background,halftone_bg",Chưa có bản dịch
people,0,9759,background_people,Chưa có bản dịch
beach_towel,0,9727,,Chưa có bản dịch
road_sign,0,9607,roadsign,Chưa có bản dịch
restaurant,0,9492,,Chưa có bản dịch
park,0,9322,,Chưa có bản dịch
shop,0,8408,shops,Chưa có bản dịch
hill,0,8391,hills,Chưa có bản dịch
bedroom_sex,7,8334,,Chưa có bản dịch
grey_sky,0,8299,gray_sky,Bầu trời xám
christmas_lights,0,8290,christmas_tree_lights,Chưa có bản dịch
hallway,0,8255,school_hall,Chưa có bản dịch
swimming_trunks,7,8184,"beach_shorts,board_shorts,swim_brief,swim_shorts,swimming_brief,swimming_briefs,swimming_shorts,swimming_trunks_only,swimshorts,swimtrunks,trunks,trunks_(clothing)",Chưa có bản dịch
reflective_liquid,0,8102,reflective_water,Chưa có bản dịch
seashell,0,7925,"sea_shell,sea_shells,seashells",Chưa có bản dịch
argyle_background,0,7755,"/argbg,/argylebg",Chưa có bản dịch
christmas_ornaments,0,7501,"bauble_(christmas),christmas_tree_ornament",Chưa có bản dịch
sauna,0,7496,steam_room,Chưa có bản dịch
indoor_nudity,7,7457,,Chưa có bản dịch
purple_sky,0,7418,lilac_sky,Bầu trời tím
city_lights,0,7348,,Chưa có bản dịch
in_tree,0,6951,,Chưa có bản dịch
flower_pot,0,6912,"flowerpot,pot_(plant)",Chưa có bản dịch
shrine,0,6888,jinja,Chưa có bản dịch
sparkle_background,0,6819,,Chưa có bản dịch
jungle,0,6697,jungle_background,Chưa có bản dịch
flower_ornament,0,6681,,Chưa có bản dịch
cafe,0,6622,café,Chưa có bản dịch
city_background,7,6563,,Chưa có bản dịch
church,0,6434,,Chưa có bản dịch
against_tree,0,6426,,Chưa có bản dịch
skyscape,7,6417,"cloud_scape,cloudscape,sky_scape",Chưa có bản dịch
afloat,0,6338,floating_in_water,Chưa có bản dịch
flower_symbol,0,6230,flower_(symbol),Chưa có bản dịch
living_room,0,6107,livingroom,Chưa có bản dịch
cumulonimbus_cloud,0,6104,,Chưa có bản dịch
indoor_sex,7,6006,,Chưa có bản dịch
red_sky,0,5897,,Bầu trời đỏ
park_bench,0,5862,,Chưa có bản dịch
school_emblem,0,5839,,Chưa có bản dịch
monotone_background,7,5825,"monocolor_background,monocolor_bg,monocolored_background,monocolored_bg,monocolour_background,monocolour_bg,monocoloured_background,monocoloured_bg,monotone_bg,monotoned_background,monotoned_bg,single-color_background,single-color_bg,single-colored_background,single-colored_bg,single-colour_background,single-colour_bg,single-coloured_background,single-coloured_bg,single_color_background,single_color_bg,single_colored_background,single_colored_bg,single_colour_background,single_colour_bg,single_coloured_background,single_coloured_bg,singlecolor_background,singlecolor_bg,singlecolored_background,singlecolored_bg,singlecolour_background,singlecolour_bg,singlecoloured_background,singlecoloured_bg,solid-color_background,solid-color_bg,solid-colored_background,solid-colored_bg,solid-colour_background,solid-colour_bg,solid-coloured_background,solid-coloured_bg,solid_color_background,solid_color_bg,solid_colored_background,solid_colored_bg,solid_colour_background,solid_colour_bg,solid_coloured_background,solid_coloured_bg,solidcolor_background,solidcolor_bg,solidcolored_background,solidcolored_bg,solidcolour_background,solidcolour_bg,solidcoloured_background,solidcoloured_bg",Chưa có bản dịch
plant_pot,7,5710,"plant_pots,plantpot,plantpots",Chưa có bản dịch
sex_on_the_beach,7,5510,beach_sex,Chưa có bản dịch
pine_tree,0,5374,"pine_trees,pinetree,pinetrees",Chưa có bản dịch
bedding_background,7,5216,bedding_backgorund,Chưa có bản dịch
tree_stump,0,5140,"tree_stumps,treestump,treestumps",Chưa có bản dịch
patterned_background,0,5107,,Chưa có bản dịch
flower_tattoo,0,5045,,Chưa có bản dịch
dotted_background,0,5009,"dot_background,dot_bg,dots_background,dots_bg,dotted_bg,polka-dot_background,polka-dot_bg,polka-dots_background,polka-dots_bg,polka_dot_bg,polka_dots_background,polka_dots_bg,spotted_background,spotted_bg",Chưa có bản dịch
flower_on_head,0,4998,,Chưa có bản dịch
starry_sky_print,0,4971,,Chưa có bản dịch
geometric_background,7,4933,"geometric_bg,geometry_background,geometry_bg",Chưa có bản dịch
bamboo_forest,0,4920,,Chưa có bản dịch
3d_background,0,4688,3d_bg,Chưa có bản dịch
garden,0,4681,,Chưa có bản dịch
on_grass,7,4618,,Chưa có bản dịch
plaid_background,0,4476,"/plaidbg,plaid_bg,tartan_background,tartan_bg",Chưa có bản dịch
neck_flower,0,4268,,Chưa có bản dịch
green_flower,0,4071,,Hoa xanh lá
dust_cloud,0,4033,,Chưa có bản dịch
starry_sky_background,0,3996,,Chưa có bản dịch
tree_shade,0,3964,,Chưa có bản dịch
cloud_print,0,3868,,Chưa có bản dịch
streetwear,0,3691,"street_wear,urban_style",Chưa có bản dịch
yellow_sky,0,3600,,Bầu trời vàng
train_station,0,3538,,Chưa có bản dịch
pink_sky,0,3510,,Bầu trời hồng
plant_girl,0,3472,plantgirl,Chưa có bản dịch
seaweed,0,3402,sea_weed,Chưa có bản dịch
green_fart_cloud,7,3389,,Chưa có bản dịch
gym_storeroom,0,3352,"gym_equipment_shed,gym_storage_room",Chưa có bản dịch
vertical-striped_background,0,3345,,Chưa có bản dịch
shallow_water,0,3312,,Chưa có bản dịch
clear_sky,0,3301,,Chưa có bản dịch
diagonal-striped_background,0,3260,,Chưa có bản dịch
sunburst_background,0,3215,macedonian_flag,Chưa có bản dịch
cosmic_background,7,3181,"cosmic_bg,galaxy_bg",Chưa có bản dịch
eggplant,0,3131,"aubergine,egg_plant",Chưa có bản dịch
temple,0,3127,,Chưa có bản dịch
street_lamp,7,3127,"lamp_post,lamp_posts,lampposts,light_post,light_posts,lightpost,lightposts,street_lamps,street_light,street_lights,streetlamp,streetlamps,streetlight,streetlights",Chưa có bản dịch
fitting_room,0,3123,"fitting-room,fittingroom",Chưa có bản dịch
dark_room,0,3093,,Chưa có bản dịch
black_sky,0,2973,,Bầu trời đen
colorful_background,0,2968,"colorful_bg,colourful_background,colourful_bg",Chưa có bản dịch
textured_background,7,2949,"texture_background,texture_bg,textured_bg",Chưa có bản dịch
hydrokinesis,0,2858,"water_bending,water_magic",Chưa có bản dịch
flower_hairclip,0,2854,flower_hairpin,Chưa có bản dịch
landscape_dwarfing,7,2730,,Chưa có bản dịch
sand_castle,0,2663,sandcastle,Chưa có bản dịch
screenshot_background,0,2633,,Chưa có bản dịch
paw_print_background,0,2547,paw_background,Chưa có bản dịch
messy_room,0,2534,"disheveled_room,unkempt_room",Chưa có bản dịch
bernese_mountain_dog,0,2527,"berner_dog,berner_mountain_dog,berner_sennenhund,bernese_cattle_dog,bernese_sennenhund",Chưa có bản dịch
school_briefcase,0,2504,,Chưa có bản dịch
cloud_emanata,7,2340,,Chưa có bản dịch
ho-kago_tea_time,0,2304,"after-school_tea_time,hokago_tea_time,houkago_tea_time",Chưa có bản dịch
under_tree,0,2299,,Chưa có bản dịch
flower_(anatomy),7,2261,,Chưa có bản dịch
evergreen_tree,7,2258,"evergreen_(tree),evergreen_(trees),evergreen_trees,evergreentree,evergreentrees",Chưa có bản dịch
amusement_park,0,2245,"fun_fair,funfair,theme_park,traveling_carnival,traveling_fun_fair,traveling_funfair",Chưa có bản dịch
white_sky,0,2238,,Bầu trời trắng
game_screenshot_background,0,2199,,Chưa có bản dịch
grey_flower,0,2103,,Hoa xám
multicolored_flower,0,2100,,Hoa nhiều màu
hanging_plant,0,2081,,Chưa có bản dịch
colorful_clouds,0,2062,"aqua_clouds,colored_clouds,colorful_cloudy_sky,green_clouds,yellow_clouds",Chưa có bản dịch
grass_field,7,2046,grassy_field,Chưa có bản dịch
booth_seating,0,1987,restaurant_booth,Chưa có bản dịch
burp_cloud,7,1940,,Chưa có bản dịch
above_clouds,0,1938,,Chưa có bản dịch
city_destruction,7,1936,,Chưa có bản dịch
flower_crown,7,1902,,Chưa có bản dịch
sea_slug,0,1879,seaslug,Chưa có bản dịch
amazing_background,7,1862,amazing_bg,Chưa có bản dịch
monochrome_background,0,1859,colored_with_greyscale_background,Chưa có bản dịch
building_destruction,7,1841,,Chưa có bản dịch
plant_roots,0,1829,tree_root,Chưa có bản dịch
infirmary,0,1814,"nurse's_office,nurse_office",Chưa có bản dịch
flag_background,0,1750,,Chưa có bản dịch
rainbow_background,0,1726,"/rainbowbg,rainbow_bg",Chưa có bản dịch
cherry_tree,0,1724,"cherry_trees,cherrytree,cherrytrees",Chưa có bản dịch
hotel_room,0,1696,,Chưa có bản dịch
sketch_background,0,1692,"doodle_bg,doodles_background,doodles_bg,scetch_background,scetch_bg,sketch_bg,sketch_dump_background,sketch_dump_bg,sketchdump_background,sketchdump_bg,sketched_background,sketched_bg,sketches_background,sketches_bg,sketching_background,sketching_bg",Chưa có bản dịch
teal_background,7,1664,"dark_teal_background,dark_teal_bg,light_teal_background,light_teal_bg,teal_backgorund,teal_backgroudn,teal_bg",Chưa có bản dịch
tall_grass,0,1654,long_grass,Chưa có bản dịch
wrist_flower,0,1653,,Chưa có bản dịch
aqua_flower,0,1625,,Chưa có bản dịch
snowflake_background,0,1563,,Chưa có bản dịch
brown_flower,0,1504,,Hoa nâu
shower_room,7,1484,,Chưa có bản dịch
coconut_tree,0,1482,"coconut_trees,coconuttree,coconuttrees",Chưa có bản dịch
glowing_flower,0,1470,,Chưa có bản dịch
dark_cloud,0,1466,black_cloud,Mây sẫm
sex_in_water,7,1465,,Chưa có bản dịch
beach_mat,0,1455,,Chưa có bản dịch
green_sky,0,1448,,Bầu trời xanh lá
plant_tentacles,7,1435,,Chưa có bản dịch
flower_on_liquid,0,1424,,Chưa có bản dịch
water_lily_flower,0,1335,,Chưa có bản dịch
boutonniere,0,1335,lapel_flower,Chưa có bản dịch
head_flower,7,1331,,Chưa có bản dịch
spiral_background,0,1328,"/spiralbg,spiral_bg,spiraled_background,spiraled_bg,spiraling_background,spiraling_bg,spiralled_background,spiralled_bg,spiralling_background,spiralling_bg,spirally_background,spirally_bg,spiraly_background,spiraly_bg,swirl_background,swirl_bg,swirled_background,swirled_bg,swirling_background,swirling_bg,swirlled_background,swirlled_bg,swirlling_background,swirlling_bg,swirlly_background,swirlly_bg,swirly_background,swirly_bg",Chưa có bản dịch
honeycomb_background,0,1309,"/honeycombbg,hexagonal_background",Chưa có bản dịch
plant_sex,0,1306,,Chưa có bản dịch
padded_room,0,1286,padded_cell,Chưa có bản dịch
water_inflation,7,1277,,Chưa có bản dịch
hakurei_shrine,0,1272,,Chưa có bản dịch
flower_trim,0,1265,,Chưa có bản dịch
sky_lantern,0,1264,,Chưa có bản dịch
falling_flower,0,1228,,Chưa có bản dịch
chaldea_bedroom,0,1217,my_room_(chaldea)_(fate),Chưa có bản dịch
flower_garland,7,1197,,Chưa có bản dịch
throne_room,0,1182,,Chưa có bản dịch
sky_print,0,1168,,Chưa có bản dịch
cloud_tattoo,0,1161,,Chưa có bản dịch
dirt_road,0,1160,,Chưa có bản dịch
starry_background,7,1147,starry_bg,Chưa có bản dịch
beach_volleyball,0,1133,,Chưa có bản dịch
school_of_fish,0,1128,,Chưa có bản dịch
xiangyun,0,1102,whorled_clouds,Chưa có bản dịch
school_gym,0,1099,"school_gymnasium,sports_hall",Chưa có bản dịch
fiery_background,0,1089,"/fierybg,/firebg,burning_background,flame_background",Chưa có bản dịch
water_slide,0,1084,waterslide,Chưa có bản dịch
on_water,0,1079,,Chưa có bản dịch
paper_background,0,1075,,Chưa có bản dịch
leaf_background,0,1071,/leafbg,Chưa có bản dịch
water_yoyo,0,1065,,Chưa có bản dịch
greenhouse,0,1054,"glass_house,glasshouse,green_house",Chưa có bản dịch
flower_basket,0,1052,,Chưa có bản dịch
housewife,0,1041,house_wife,Chưa có bản dịch
on_cloud,0,1040,,Chưa có bản dịch
train_station_platform,0,1038,,Chưa có bản dịch
space_background,7,1030,space_bg,Chưa có bản dịch
lavender_(flower),0,1029,lavender_flower,Chưa có bản dịch
seahorse,0,1023,"sea_horse,sea_pony,seapony",Chưa có bản dịch
changing_room,0,1018,,Chưa có bản dịch
plant_monster,0,1003,,Chưa có bản dịch
flower_cloud_(spongebob),7,1001,,Chưa có bản dịch
sea_lion,0,998,sealion,Chưa có bản dịch
lace_background,0,995,,Chưa có bản dịch
space_station,0,991,,Chưa có bản dịch
water_type_theme_(pokemon),0,986,,Chưa có bản dịch
coffee_shop,7,951,,Chưa có bản dịch
flower_bouquet,7,948,"bouquet_of_flower,bouquet_of_flowers,bouquet_of_roses,bouquets_of_flowers,flower_bouquets",Chưa có bản dịch
roots,7,942,"tree_root,tree_roots,treeroot,treeroots",Chưa có bản dịch
qingxin_flower,0,935,,Chưa có bản dịch
frustration_cloud,7,927,,Chưa có bản dịch
on_tree_stump,0,924,,Chưa có bản dịch
board_eraser,0,920,classroom_eraser,Chưa có bản dịch
plant_pred,7,907,,Chưa có bản dịch
pride_color_background,7,905,"pride_background,pride_colored_background,pride_colors_background,pride_colour_background,pride_coloured_background,pride_colours_background,pride_flag_background",Chưa có bản dịch
smelling_flower,0,901,smelling_flowers,Chưa có bản dịch
bubble_background,0,883,,Chưa có bản dịch
blowup_background,7,882,"blowup_bg,closeup_background,recursive_background",Chưa có bản dịch
cum_in_water,7,874,,Chưa có bản dịch
dead_tree,7,841,"dead_trees,deadtree,deadtrees",Chưa có bản dịch
multicolored_sky,0,841,multi_tone_sky,Bầu trời nhiều màu
burning_building,0,830,,Chưa có bản dịch
brick_road,0,813,,Chưa có bản dịch
shrine_maiden,7,809,,Chưa có bản dịch
sentient_plant,0,804,,Chưa có bản dịch
flower_eyepatch,0,797,,Chưa có bản dịch
carnivorous_plant,0,791,,Chưa có bản dịch
sea_otter,0,788,,Chưa có bản dịch
ginkgo_tree,0,778,"gingko_tree,ginkgo",Chưa có bản dịch
water_balloon,0,774,water_balloons,Chưa có bản dịch
sea_monster,0,757,,Chưa có bản dịch
apple_tree,0,750,"apple_trees,appletree,appletrees",Chưa có bản dịch
sea_serpent,0,737,,Chưa có bản dịch
splatter_background,0,730,,Chưa có bản dịch
sea_turtle,0,717,marine_turtle,Chưa có bản dịch
building_sex,0,717,"building_fuck,building_fucking",Chưa có bản dịch
mountain_range,7,712,,Chưa có bản dịch
cherry_blossom_tree,7,705,"cherry_blossom_trees,sakura_tree,sakura_trees,sakuratree,sakuratrees",Chưa có bản dịch
interior_background,7,702,,Chưa có bản dịch
oversized_flower,0,691,oversized_flowers,Chưa có bản dịch
destroyed_building,7,689,,Chưa có bản dịch
building_sand_sculpture,0,688,,Chưa có bản dịch
after-school_sweets_club_(blue_archive),0,683,,Chưa có bản dịch
ankle_flower,0,682,,Chưa có bản dịch
white_clouds,7,680,,Mây trắng
anaconda,0,672,water_boa,Chưa có bản dịch
brown_fart_cloud,7,667,,Chưa có bản dịch
gas_station,0,655,petrol_station,Chưa có bản dịch
plant_name,0,655,,Chưa có bản dịch
grass_root_youkai_network,0,654,,Chưa có bản dịch
eurasian_tree_sparrow,0,648,,Chưa có bản dịch
decorating_christmas_tree,0,648,,Chưa có bản dịch
great_pyrenees,0,642,"can_de_montana_de_os_perines,can_de_montaña_de_os_perinés,chien_de_montagne_des_pyrenees,chien_de_montagne_des_pyrénées,chien_des_pyrenees,chien_des_pyrénées,great_pyreness,great_pyrénées,montanes_del_pirineo,montañés_del_pirineo,patou_dog,perro_de_montana_de_los_pirineos,perro_de_montaña_de_los_pirineos,pyrenean_mountain_dog,pyrenees,pyrenees_mountain_dog",Chưa có bản dịch
maid_cafe,0,632,,Chưa có bản dịch
new_york_city,0,624,,Chưa có bản dịch
rose_background,0,622,,Chưa có bản dịch
water_breaking,0,614,"water_break,water_broke",Chưa có bản dịch
abandoned_building,7,611,,Chưa có bản dịch
bucket_of_water,0,608,,Chưa có bản dịch
city_crushing,7,605,,Chưa có bản dịch
sea_urchin,0,603,urchin,Chưa có bản dịch
planter,0,593,flower_box,Chưa có bản dịch
scenery_porn,7,579,,Chưa có bản dịch
water_manipulation,7,577,"aqua_magic,aqua_manip,aqua_manipulation,aquakinesis,aquakinetic,h2o_control,h2o_element_control,h2o_magic,h2o_manip,h2o_manipulation,hydro_control,hydro_element_control,hydro_magic,hydro_manip,hydro_manipulation,hydrokinetic,liquid_magic,magic_aqua,magic_water,oxydan_manip,oxydan_manipulation,suiton,water_bending,water_control,water_element_control,water_magic,water_manip,water_release,waterbending",Chưa có bản dịch
grass_type_theme_(pokemon),0,570,,Chưa có bản dịch
on_flower,0,560,,Chưa có bản dịch
green_grass,7,557,,Chưa có bản dịch
gingham_background,0,551,,Chưa có bản dịch
saturated_background,0,545,,Chưa có bản dịch
otaku_room,0,544,otakuroom,Chưa có bản dịch
sea_slug_girl,0,542,,Chưa có bản dịch
foggy_background,7,541,,Chưa có bản dịch
chalk_outline,0,537,father_hill,Chưa có bản dịch
birch_tree,0,534,"birch_trees,birchtree,birchtrees",Chưa có bản dịch
cyan_background,7,519,"cyan_bg,light_cyan_background,light_cyan_bg",Chưa có bản dịch
building_penetrated,7,519,,Chưa có bản dịch
green_hill_zone,0,517,,Chưa có bản dịch
storage_room,0,515,storeroom,Chưa có bản dịch
water_tank,0,514,,Chưa có bản dịch
plant_antlers,7,511,,Chưa có bản dịch
water_reflection,7,509,,Chưa có bản dịch
subway_station,0,508,,Chưa có bản dịch
splashing_water,7,502,,Chưa có bản dịch
brown_sky,0,501,,Bầu trời nâu
painted_background,7,486,,Chưa có bản dịch
skate_park,0,484,"skateboard_park,skatepark",Chưa có bản dịch
star-shaped_background,7,481,"star-pattern_background,star-pattern_bg,star-shaped_bg,star_background,star_bg,star_pattern_background,star_pattern_bg,star_shaped_background,star_shaped_bg",Chưa có bản dịch
watercolor_background,0,480,,Chưa có bản dịch
too_many_flowers,0,478,,Chưa có bản dịch
maple_tree,0,476,"maple_trees,mapletree,mapletrees",Chưa có bản dịch
floral_border,0,472,flower_border,Chưa có bản dịch
water_cooler,0,470,watercooler,Chưa có bản dịch
sailing_watercraft,7,468,"sailing_rig,sailing_vessel,sailing_water_craft",Chưa có bản dịch
fire_flower,0,466,,Chưa có bản dịch
dining_room,0,460,,Chưa có bản dịch
late_for_school,0,458,,Chưa có bản dịch
mushroom_cloud,0,455,,Chưa có bản dịch
tree_trunk,7,452,,Chưa có bản dịch
forest_sex,7,452,,Chưa có bản dịch
water_buffalo,0,452,,Chưa có bản dịch
beach_blanket,7,451,,Chưa có bản dịch
school_nurse,0,447,,Chưa có bản dịch
starry_sky_bright_(idolmaster),0,445,starry_sky_bright,Chưa có bản dịch
lotus_(flower),7,436,lotus_flower,Chưa có bản dịch
giant_tree,0,433,,Chưa có bản dịch
landscape_background,7,420,,Chưa có bản dịch
on_tree,0,420,,Chưa có bản dịch
triangle_background,0,418,,Chưa có bản dịch
plant_transformation,7,418,,Chưa có bản dịch
susuki_grass,0,417,,Chưa có bản dịch
room_filling,7,415,,Chưa có bản dịch
rough_time_school_(idolmaster),0,413,rough_time_school,Chưa có bản dịch
plant_on_head,0,412,,Chưa có bản dịch
fire_background,7,411,,Chưa có bản dịch
plant_print,0,408,"flora_pattern,flora_print,plant_pattern",Chưa có bản dịch
chewing_grass,7,407,,Chưa có bản dịch
myouren_temple_clan_(touhou),0,407,,Chưa có bản dịch
yunjian,0,403,cloud_collar,Chưa có bản dịch
water_tower,0,402,,Chưa có bản dịch
pink_check_school_(idolmaster),0,396,pink_check_school,Chưa có bản dịch
shrine_bell,0,395,,Chưa có bản dịch
seabed,7,388,"ocean_bed,ocean_bottom,ocean_floor,sea_bed,sea_bottom,sea_floor",Chưa có bản dịch
room_you_can't_get_out_of_unless_you_x_(meme),0,387,,Chưa có bản dịch
water_ripple,7,385,water_ripples,Chưa có bản dịch
sea_anemone,0,385,"anemone,anemone_(animal)",Chưa có bản dịch
flower_shop,0,384,,Chưa có bản dịch
wilted_flower,0,384,,Chưa có bản dịch
beach_house,0,384,,Chưa có bản dịch
seafloor,0,382,"ocean_bottom,ocean_floor",Chưa có bản dịch
tree_house,7,380,"tree_houses,treehouses",Chưa có bản dịch
doctor's_office,7,380,doctors_office,Chưa có bản dịch
sofmap_background,0,378,,Chưa có bản dịch
flower_censor,0,373,,Chưa có bản dịch
drinking_fountain,0,367,drinking_water_fountain,Chưa có bản dịch
mosaic_background,0,366,,Chưa có bản dịch
school_gateway,0,361,,Chưa có bản dịch
flower_halo,0,360,,Chưa có bản dịch
outdoor_background,7,352,,Chưa có bản dịch
dressing_room,0,352,,Chưa có bản dịch
climbing_tree,0,351,,Chưa có bản dịch
fir_tree,0,349,,Chưa có bản dịch
water_jacking,7,348,,Chưa có bản dịch
yellow_fart_cloud,7,347,,Chưa có bản dịch
haunted_house,7,347,,Chưa có bản dịch
tree-topper,0,337,,Chưa có bản dịch
artificial_flower,0,336,,Chưa có bản dịch
behind_tree,0,332,,Chưa có bản dịch
animal_background,0,327,,Nền động vật
bright_background,0,327,,Nền sáng
sparkling_background,7,326,,Chưa có bản dịch
ocean_sunfish,0,325,"mola_(fish),mola_fish,molid,molidae,sunfish",Chưa có bản dịch
underwater_scenery,7,323,,Chưa có bản dịch
locker_room_sex,7,322,,Chưa có bản dịch
background_shot,7,321,,Chưa có bản dịch
circle_background,7,321,circular_background,Chưa có bản dịch
game_background,7,320,game_bg,Chưa có bản dịch
stink_cloud,7,313,stink_clouds,Chưa có bản dịch
fallen_tree,0,311,,Chưa có bản dịch
water_world,0,310,,Chưa có bản dịch
negai_wa_itsuka_asa_wo_koete_(project_sekai),0,307,"hope_will_someday_go_beyond_the_morning_(project_sekai),someday_this_wish_will_transcend_the_morning_sky_(project_sekai)",Chưa có bản dịch
cecilia_flower_(genshin_impact),0,307,,Chưa có bản dịch
peeing_into_water,7,307,,Chưa có bản dịch
psychedelic_background,7,305,"psychedelia_background,psychedelia_bg,psychedelic_bg,trippy_background,trippy_bg",Chưa có bản dịch
shaded_background,7,304,,Chưa có bản dịch
cloud_background,0,304,,Chưa có bản dịch
full-stop_office_(identity)_(project_moon),0,303,,Chưa có bản dịch
bamboo_tree,7,303,,Chưa có bản dịch
flower_pin,0,296,,Chưa có bản dịch
office_sex,7,294,,Chưa có bản dịch
tree_bondage,7,294,,Chưa có bản dịch
water_lily,7,291,,Chưa có bản dịch
paneled_background,0,289,,Chưa có bản dịch
snow_on_tree,0,288,,Chưa có bản dịch
two-tone_flower,0,286,,Chưa có bản dịch
purple_fart_cloud,7,285,,Chưa có bản dịch
giving_flower,0,284,,Chưa có bản dịch
cat_tree,0,282,cat_tower,Chưa có bản dịch
sea_angel,0,281,,Chưa có bản dịch
water_park,7,280,,Chưa có bản dịch
red_ocean,0,275,,Chưa có bản dịch
moriya_shrine,0,274,,Chưa có bản dịch
school_bus,0,271,,Chưa có bản dịch
tree_print,0,270,,Chưa có bản dịch
elpis_flower,0,268,,Chưa có bản dịch
blood_on_flower,0,265,,Chưa có bản dịch
sex_shop,0,265,,Chưa có bản dịch
sea_cucumber,0,262,"holothurian,holothuroidea,holothuroidean",Chưa có bản dịch
pitcher_plant,0,259,pitcherplant,Chưa có bản dịch
sefirot,0,258,tree_of_life,Chưa có bản dịch
lightning_background,0,256,,Chưa có bản dịch
misty_lake,0,255,,Chưa có bản dịch
water_droplets,7,254,,Chưa có bản dịch
radial_gradient_background,0,251,,Chưa có bản dịch
street_snap,0,251,,Chưa có bản dịch
greyscale_background,7,251,,Chưa có bản dịch
water_wheel,0,251,watermill,Chưa có bản dịch
drinking_water,7,250,,Chưa có bản dịch
glory_hole_station,7,245,,Chưa có bản dịch
rainforest,0,245,rain_forest,Chưa có bản dịch
orange_fart_cloud,7,244,,Chưa có bản dịch
garden_of_eden,7,243,,Chưa có bản dịch
gingerbread_house,0,240,,Chưa có bản dịch
flower_facial_mark,0,239,,Chưa có bản dịch
storm_cloud,0,237,,Chưa có bản dịch
ice_flower,0,237,,Chưa có bản dịch
examination_room,7,231,,Chưa có bản dịch
florakinesis,0,230,plant_magic,Chưa có bản dịch
garden_of_the_sun,0,230,,Chưa có bản dịch
orange_tree,0,228,"orange_trees,orangetree,orangetrees",Chưa có bản dịch
flower_underskirt,0,228,flower_petticoat,Chưa có bản dịch
multi-lane_road,0,226,,Chưa có bản dịch
frozen_lake,0,223,,Chưa có bản dịch
lumiose_city,0,223,,Chưa có bản dịch
green_room,7,223,"green-room,greenroom",Chưa có bản dịch
cloud_strife_(cosplay),0,223,,Chưa có bản dịch
building_snowman,0,221,,Chưa có bản dịch
flower_hairtie,0,218,,Chưa có bản dịch
flower_thigh_strap,0,217,,Chưa có bản dịch
steamroller,0,217,road_roller,Chưa có bản dịch
silhouette_background,7,217,,Chưa có bản dịch
sea_spray,0,216,,Chưa có bản dịch
oversized_plant,0,215,,Chưa có bản dịch
butterfly_background,0,214,,Chưa có bản dịch
collage_background,0,213,,Chưa có bản dịch
three-toned_background,0,213,,Chưa có bản dịch
flower_anklet,0,212,,Chưa có bản dịch
mondstadt_city,0,212,,Chưa có bản dịch
street_sign,7,209,,Chưa có bản dịch
floating_city,0,209,,Chưa có bản dịch
hyrule_castle,0,206,,Chưa có bản dịch
character_background,0,206,,Chưa có bản dịch
water_stone,0,204,,Chưa có bản dịch
city_skyline,7,203,,Chưa có bản dịch
high_school,7,202,,Chưa có bản dịch
eating_flower,0,201,,Chưa có bản dịch
sea_salt_ice_cream,7,201,,Chưa có bản dịch
apartment_building,7,201,,Chưa có bản dịch
colorless_fart_cloud,7,200,,Chưa có bản dịch
strawberry_plant,0,199,,Chưa có bản dịch
strawberry_background,0,196,,Chưa có bản dịch
gradient_flower,0,196,,Chưa có bản dịch
dripping_water,7,196,,Chưa có bản dịch
building_insertion,7,195,,Chưa có bản dịch
blood_in_water,0,194,,Chưa có bản dịch
floating_castle,0,194,,Chưa có bản dịch
flower_button,0,194,flower-shaped_buttons,Chưa có bản dịch
sky_surfing,0,193,,Chưa có bản dịch
generic_flower,7,193,,Chưa có bản dịch
spider_web_background,0,192,,Chưa có bản dịch
sky_mirage,0,191,,Chưa có bản dịch
tied_to_tree,0,191,,Chưa có bản dịch
gold_flower,0,190,,Hoa vàng kim
pixelated_background,0,189,,Chưa có bản dịch
cafe_maid_(love_live!),0,188,cafe_maid_(love_live),Chưa có bản dịch
blue_water,7,187,,Chưa có bản dịch
padisarah_flower,0,186,,Chưa có bản dịch
6th_live_dream_~bloom_garden_party~,0,186,,Chưa có bản dịch
floating_on_water,7,185,,Chưa có bản dịch
bedroom_window,7,185,,Chưa có bản dịch
damaged_building,7,184,,Chưa có bản dịch
spoken_flower,0,184,,Chưa có bản dịch
shapes_background,0,183,,Chưa có bản dịch
wooden_house,0,180,,Chưa có bản dịch
house_of_cards,0,179,card_tower,Chưa có bản dịch
green_water,0,178,,Chưa có bản dịch
trinity_general_school_sportswear,0,177,,Chưa có bản dịch
brick_background,7,176,,Chưa có bản dịch
flower_swing,0,176,,Chưa có bản dịch
plant_vore,7,176,,Chưa có bản dịch
station_wagon,0,174,,Chưa có bản dịch
bird_of_paradise_flower,0,174,strelitzia_(flower),Chưa có bản dịch
smoke_cloud,7,174,,Chưa có bản dịch
life_at_the_hakurei_shrine_(touhou),0,171,,Chưa có bản dịch
water_hose,7,171,,Chưa có bản dịch
laundry_room,7,168,,Chưa có bản dịch
cum_on_grass,7,167,,Chưa có bản dịch
steam_clouds,7,167,,Chưa có bản dịch
school_festival,0,167,,Chưa có bản dịch
interrogation_room,7,167,,Chưa có bản dịch
castle_wall,7,166,,Chưa có bản dịch
loud_background_music,7,164,,Chưa có bản dịch
hospital_room,7,163,,Chưa có bản dịch
ringed_background,7,162,,Chưa có bản dịch
musical_note_background,0,162,,Chưa có bản dịch
magic_circle_background,0,162,,Chưa có bản dịch
flower_collar,0,161,,Chưa có bản dịch
water_elemental,0,160,,Chưa có bản dịch
northern_ocean_princess_(cosplay),0,159,,Chưa có bản dịch
water_censor,0,159,,Chưa có bản dịch
succulent_plant,0,158,,Chưa có bản dịch
water_masturbation,0,158,,Chưa có bản dịch
beach_bar,7,158,,Chưa có bản dịch
public_park,7,158,,Chưa có bản dịch
school_nudity,7,157,,Chưa có bản dịch
flower_wrapper,0,157,,Chưa có bản dịch
skydiving,7,157,"sky_diving,skydiver",Chưa có bản dịch
taking_in_water,7,157,,Chưa có bản dịch
galaxy_background,0,157,,Chưa có bản dịch
plant_boy,0,154,,Chưa có bản dịch
lake_guardians,7,152,,Chưa có bản dịch
escape_room,0,152,,Chưa có bản dịch
firework_background,0,150,,Chưa có bản dịch
magenta_background,7,148,,Chưa có bản dịch
shaped_cloud,0,148,,Chưa có bản dịch
red_water,0,147,,Chưa có bản dịch
dead_plants,0,147,,Chưa có bản dịch
tree_bark,0,146,,Chưa có bản dịch
blue_fart_cloud,7,146,,Chưa có bản dịch
shining_needle_castle,0,145,,Chưa có bản dịch
family_tree,0,145,,Chưa có bản dịch
pink_fart_cloud,7,145,,Chưa có bản dịch
flower_in_drink,0,145,,Chưa có bản dịch
myouren_temple,0,144,,Chưa có bản dịch
bdsm_room,7,144,,Chưa có bản dịch
print_background,0,143,,Chưa có bản dịch
school_hallway,7,143,,Chưa có bản dịch
sweat_clouds,7,143,,Chưa có bản dịch
everfree_forest,7,142,,Chưa có bản dịch
underwater_city,0,141,,Chưa có bản dịch
doll_house,0,140,dollhouse,Chưa có bản dịch
rock_garden,0,140,zen_garden,Chưa có bản dịch
flower_trick,7,137,,Chưa có bản dịch
american_flag_background,0,136,,Chưa có bản dịch
background_sex,7,136,,Chưa có bản dịch
back_plant,7,133,,Chưa có bản dịch
dark_clouds,7,130,,Mây sẫm
server_room,0,130,,Chưa có bản dịch
pink_water,0,130,,Chưa có bản dịch
hanging_from_tree,0,126,,Chưa có bản dịch
ruined_building,7,126,,Chưa có bản dịch
christmas_tree_topper,7,126,,Chưa có bản dịch
park_ranger,7,123,,Chưa có bản dịch
sopheria_flower_(tales),0,123,,Chưa có bản dịch
green_burp_cloud,7,122,,Chưa có bản dịch
water_ballooning,7,121,,Chưa có bản dịch
sparkling_water,0,121,,Chưa có bản dịch
flower_on_helmet,7,120,,Chưa có bản dịch
spraying_water,7,119,,Chưa có bản dịch
christmas_tree_print,0,117,,Chưa có bản dịch
water_bowl,7,116,"water-bowl,water-dish,water-dishes,water_bowls,water_dish,water_dishes,waterbowl,waterdish,waterdishes",Chưa có bản dịch
model_building,0,116,,Chưa có bản dịch
dithered_background,0,116,,Chưa có bản dịch
gold_background,0,115,,Nền vàng kim
cross_background,0,114,,Chưa có bản dịch
japanese_house,7,114,,Chưa có bản dịch
clover_background,0,113,,Chưa có bản dịch
flower_tact,0,112,,Chưa có bản dịch
garden_hose,7,112,watering_hose,Chưa có bản dịch
water_boiler,0,111,,Chưa có bản dịch
flower_armlet,0,110,,Chưa có bản dịch
dorm_room,7,110,,Chưa có bản dịch
fish_background,0,110,,Chưa có bản dịch
garden_eel,0,109,,Chưa có bản dịch
police_station,0,108,,Chưa có bản dịch
hanging_flower,0,108,,Chưa có bản dịch
forest_of_magic,0,108,,Chưa có bản dịch
echo_flower,0,108,,Chưa có bản dịch
palm_tree_print,0,108,,Chưa có bản dịch
cum_on_building,7,107,,Chưa có bản dịch
transparent_flower,0,107,,Chưa có bản dịch
oval_background,0,107,,Chưa có bản dịch
7_colored_flowers_(deltarune),0,106,,Chưa có bản dịch
sanzu_river,0,106,,Chưa có bản dịch
glowing_plants,0,106,,Chưa có bản dịch
classroom_nudity,7,106,,Chưa có bản dịch
water_fountain,7,105,,Chưa có bản dịch
plant_growth,0,105,,Chưa có bản dịch
willow_tree,7,105,"willow_trees,willowtree,willowtrees",Chưa có bản dịch
grey_cloud,7,104,grey_clouds,Mây xám
water_tentacles,7,103,,Chưa có bản dịch
dry_grass,0,103,,Chưa có bản dịch
dynamax_clouds,7,103,,Chưa có bản dịch
tentacle_sex_in_water,7,103,,Chưa có bản dịch
mountain_background,7,102,,Chưa có bản dịch
station,7,102,,Chưa có bản dịch
haunted_house_(attraction),0,102,,Chưa có bản dịch
white_cloud,7,102,,Mây trắng
gas_cloud,7,101,,Chưa có bản dịch
simple_flower,0,101,,Chưa có bản dịch
drawn_flower,0,100,,Chưa có bản dịch
tree_hollow,0,100,tree_hole,Chưa có bản dịch
sky_bison,0,99,air_bison,Chưa có bản dịch
knees_out_of_water,7,99,,Chưa có bản dịch
sea_bunny,0,99,,Chưa có bản dịch
blue_grass,0,98,,Chưa có bản dịch
glistening_water,7,98,shiny_water,Chưa có bản dịch
lemon_tree,0,98,,Chưa có bản dịch
velvet_room,0,98,,Chưa có bản dịch
youkai_mountain,0,97,,Chưa có bản dịch
scribble_background,0,97,,Chưa có bản dịch
industrial_background,7,97,,Chưa có bản dịch
cafe_cuties_(league),0,97,cafe_cuties_(league_of_legends),Chưa có bản dịch
house_plant,7,97,,Chưa có bản dịch
sweet_flower,0,96,,Chưa có bản dịch
beach_hut,7,96,,Chưa có bản dịch
multiple_seasonal_school_uniforms,0,95,winter_and_summer_school_uniforms,Chưa có bản dịch
bat_background,0,95,,Chưa có bản dịch
sea_bream,0,94,,Chưa có bản dịch
indoor_pool,7,93,,Chưa có bản dịch
mauve_background,7,93,,Chưa có bản dịch
glowing_background,7,93,glowing_bg,Chưa có bản dịch
tardigrade,0,92,water_bear,Chưa có bản dịch
number_background,0,92,,Chưa có bản dịch
school_wear_(idolmaster),0,92,,Chưa có bản dịch
peaceful_scenery,7,91,,Chưa có bản dịch
tiled_background,7,91,,Chưa có bản dịch
water_spray,7,91,,Chưa có bản dịch
outdoor_shower,7,91,,Chưa có bản dịch
deep_sea,0,90,,Chưa có bản dịch
eating_grass,7,90,,Chưa có bản dịch
boiling_water,7,89,,Chưa có bản dịch
holy_water,0,89,,Chưa có bản dịch
pink_cloud,7,89,,Mây hồng
art_room,0,89,,Chưa có bản dịch
water_background,7,89,,Chưa có bản dịch
moving_background,0,88,,Chưa có bản dịch
hexagon_background,7,88,,Chưa có bản dịch
training_room,0,88,,Chưa có bản dịch
coniferous_tree,7,88,,Chưa có bản dịch
flower_bush,0,88,,Chưa có bản dịch
shrunken_city,7,87,,Chưa có bản dịch
macaron_background,0,87,,Chưa có bản dịch
newsprint_background,0,87,,Chưa có bản dịch
princess_peach's_castle,0,87,,Chưa có bản dịch
dawn_office_(identity)_(project_moon),0,87,,Chưa có bản dịch
snow_on_trees,7,86,,Chưa có bản dịch
card_background,0,84,/cardbg,Chưa có bản dịch
water_pump,0,84,,Chưa có bản dịch
waiting_room,0,84,,Chưa có bản dịch
paper_flower,0,84,,Chưa có bản dịch
dried_flower,0,84,,Chưa có bản dịch
black_forest_cake,0,84,,Chưa có bản dịch
canterlot_castle,7,83,,Chưa có bản dịch
kame_house,0,83,,Chưa có bản dịch
multicolored_squares_background,0,83,,Chưa có bản dịch
empire_state_building,0,83,,Chưa có bản dịch
carrot_background,0,83,,Chưa có bản dịch
silk_flower_(genshin_impact),0,82,,Chưa có bản dịch
grass_block,0,82,,Chưa có bản dịch
forest_fire,7,82,,Chưa có bản dịch
tileable,0,82,"tessellation,tileable_background",Chưa có bản dịch
shrine_team_(len'en),0,82,,Chưa có bản dịch
sumeru_city,0,81,,Chưa có bản dịch
room_number,7,81,,Chưa có bản dịch
picking_flowers,0,81,,Chưa có bản dịch
flower_pendant,0,81,,Chưa có bản dịch
cum_on_tree,7,81,,Chưa có bản dịch
flower_in_mane,7,81,,Chưa có bản dịch
flower_balloon,0,81,,Chưa có bản dịch
static_background,0,81,,Chưa có bản dịch
kirby's_house,0,81,,Chưa có bản dịch
map_background,0,80,,Chưa có bản dịch
dog_park,7,80,,Chưa có bản dịch
rocking_school_(idolmaster),0,79,rocking_school,Chưa có bản dịch
flower_wand,0,79,,Chưa có bản dịch
hot_water,7,79,,Chưa có bản dịch
water_splashes,7,79,,Chưa có bản dịch
red_grass,0,79,,Chưa có bản dịch
stylized_background,7,79,,Chưa có bản dịch
street_gutter,0,79,,Chưa có bản dịch
puffer_fish_vomiting_water_(meme),0,78,puffer_fish_vomiting_water,Chưa có bản dịch
pooping_into_water,7,78,,Chưa có bản dịch
futuristic_city,7,78,,Chưa có bản dịch
gracidea_flower,7,78,,Chưa có bản dịch
beacon_of_the_reed_sea_(genshin_impact),0,78,,Chưa có bản dịch
rainbow_road,0,77,,Chưa có bản dịch
destroyed_city,7,77,,Chưa có bản dịch
orgy_landscape,7,77,,Chưa có bản dịch
power_plant,0,77,power_station,Chưa có bản dịch
aozora_ni_negau_your_happiness!_(project_sekai),0,77,"wishing_for_your_happiness_upon_the_blue_sky!_(project_sekai),wishing_to_the_blue_sky_for_your_happiness!_(project_sekai)",Chưa có bản dịch
mushroom_castle_(super_mario_64),7,77,,Chưa có bản dịch
plant_manipulation,7,77,"agro_kinesis,agrokinesis,arbor_kinesis,arborkinesis,botanical_control,botanical_manipulation,botano_kinesis,botanokinesis,chloro_kinesis,chlorokinesis,flora_kinesis,flora_manipulation,leaf_speak,leafspeak,phyllo_kinesis,phyllokinesis,phyto_kinesis,phytokinesis,plant_bending,plant_life_manipulation,plantbending,plantlife_manipulation",Chưa có bản dịch
flower_head,0,76,,Chưa có bản dịch
dirty_room,7,76,,Chưa có bản dịch
tomato_plant,0,76,,Chưa có bản dịch
doodle_background,0,75,,Chưa có bản dịch
inazuma_city,0,75,,Chưa có bản dịch
peeing_on_tree,7,75,,Chưa có bản dịch
flower_sticker,0,75,,Chưa có bản dịch
parting_water,0,74,,Chưa có bản dịch
minna_de_enjoy!_spojoy_park_(project_sekai),0,74,let's_enjoy_together!_spojoy_park_(project_sekai),Chưa có bản dịch
multicrack_office_(identity)_(project_moon),0,74,,Chưa có bản dịch
flowing_water,7,74,,Chưa có bản dịch
coughing_flowers,0,74,"hanahaki_disease,vomiting_flowers",Chưa có bản dịch
meeting_room,7,73,,Chưa có bản dịch
kanazawa_station,0,73,,Chưa có bản dịch
beach_shower,7,73,,Chưa có bản dịch
empty_room,0,73,,Chưa có bản dịch
temple_gate,0,73,,Chưa có bản dịch
water_shuriken,7,71,,Chưa có bản dịch
cat_cafe,0,71,,Chưa có bản dịch
column_lineup_background,0,71,,Chưa có bản dịch
mountain_climbing,0,71,,Chưa có bản dịch
forest_for_the_flames_(e.g.o),0,71,,Chưa có bản dịch
church_bell,0,71,,Chưa có bản dịch
japanese_castle,0,70,,Chưa có bản dịch
tentacle_room,7,70,,Chưa có bản dịch
sea_grass,7,70,,Chưa có bản dịch
nokotan_entering_a_classroom_(meme),0,70,,Chưa có bản dịch
peach_tree,0,70,"peach_trees,peachtree,peachtrees",Chưa có bản dịch
salmon_background,7,70,,Chưa có bản dịch
gear_background,0,69,,Chưa có bản dịch
academy_city,0,69,,Chưa có bản dịch
name_in_background,7,69,,Chưa có bản dịch
office_worker,7,69,,Chưa có bản dịch
sea_angel_girl,0,69,,Chưa có bản dịch
animated_background,7,68,,Chưa có bản dịch
castle_town_(deltarune),0,68,,Chưa có bản dịch
city_scape,7,68,,Chưa có bản dịch
city_wall,7,68,,Chưa có bản dịch
cracked_background,0,68,,Chưa có bản dịch
notebook_paper_background,7,67,,Chưa có bản dịch
pouring_water,7,67,,Chưa có bản dịch
ambiguous_background,7,66,,Chưa có bản dịch
orange_clouds,7,66,,Mây cam
manhattan_cafe_(umamusume)_(cosplay),0,66,,Chưa có bản dịch
internet_cafe,0,66,,Chưa có bản dịch
pooping_on_grass,7,66,,Chưa có bản dịch
maroon_background,7,66,,Chưa có bản dịch
road_of_radiance_(umamusume),0,66,,Chưa có bản dịch
camouflage_background,0,65,,Chưa có bản dịch
pawprint_background,7,65,"paw-print_background,paw-print_bg,paw-prints_background,paw-prints_bg,paw_background,paw_print_bg,paw_prints_background,paw_prints_bg,pawprint_bg,pawprints_background,pawprints_bg",Chưa có bản dịch
room_party,7,65,,Chưa có bản dịch
fanghunt_office_(identity)_(project_moon),0,64,,Chưa có bản dịch
water_on_glass,0,64,,Chưa có bản dịch
cherry_background,0,64,,Chưa có bản dịch
purple_grass,7,64,,Chưa có bản dịch
aozora_no_saki_kagayaki_wo_oikakete_(project_sekai),0,63,"chasing_the_radiance_beyond_the_blue_sky_(project_sekai),chasing_the_sparkle_beyond_the_blue_sky_(project_sekai)",Chưa có bản dịch
head_out_of_water,7,63,,Chưa có bản dịch
cum_on_city,7,63,,Chưa có bản dịch
skull_background,0,63,,Chưa có bản dịch
lactating_water,7,63,,Chưa có bản dịch
koi_koi_cafe_(ensemble_stars!),0,62,,Chưa có bản dịch
night_city_(cyberpunk),0,62,,Chưa có bản dịch
international_space_station,0,62,,Chưa có bản dịch
ten_no_hate_no_phoenix_e_(project_sekai),0,62,"the_phoenix_in_the_distant_sky_(project_sekai),toward_the_phoenix_at_the_sky's_edge_(project_sekai)",Chưa có bản dịch
impressionist_background,7,62,,Chưa có bản dịch
road_closed_to_vehicles_sign,0,62,,Chưa có bản dịch
millennium_castle_(tsukihime),0,61,,Chưa có bản dịch
stone_building,0,61,,Chưa có bản dịch
ominous_background,7,61,,Chưa có bản dịch
grass_plain,7,60,,Chưa có bản dịch
glowing_water,7,60,,Chưa có bản dịch
the_loud_house_(style),0,60,,Chưa có bản dịch
koukyou_suru_machi_no_katasumi_de_(project_sekai),0,60,"in_the_corner_of_a_resonant_town_(project_sekai),in_this_singing_city_(project_sekai)",Chưa có bản dịch
comic_background,0,60,,Chưa có bản dịch
beach_city,0,59,,Chưa có bản dịch
glowing_tree,0,59,,Chưa có bản dịch
acacia_tree,7,59,,Chưa có bản dịch
blade_of_grass,0,59,,Chưa có bản dịch
castle_dedede,0,59,,Chưa có bản dịch
moon_background,0,59,,Chưa có bản dịch
new_york_city_police_department,0,58,nypd,Chưa có bản dịch
water_glass,7,58,,Chưa có bản dịch
water_stream,0,58,,Chưa có bản dịch
hook_office_(identity)_(project_moon),0,58,,Chưa có bản dịch
yellow_grass,7,58,,Chưa có bản dịch
flower_vase,7,57,,Chưa có bản dịch
swan_lake_headpiece,0,57,,Chưa có bản dịch
pomegranate_flower,0,57,,Chưa có bản dịch
oak_tree,7,57,"oak_trees,oaktree,oaktrees",Chưa có bản dịch
hasu_no_sora_pop_up_shop_china_collection,0,57,,Chưa có bản dịch
paw_flower,7,56,,Chưa có bản dịch
chinese_restaurant,0,56,,Chưa có bản dịch
ruined_city,7,56,,Chưa có bản dịch
tavern_background,7,56,,Chưa có bản dịch
dotabata_cafe_rec!!_(project_sekai),0,56,"bustling_cafe_rec!!_(project_sekai),hectic_cafe_rec!!_(project_sekai)",Chưa có bản dịch
stilt_house,0,56,,Chưa có bản dịch
molar_office_(identity)_(project_moon),0,56,,Chưa có bản dịch
beautiful_background,7,56,,Chưa có bản dịch
turquoise_background,7,55,,Chưa có bản dịch
building_in_pussy,7,55,,Chưa có bản dịch
offering_flower,7,55,,Chưa có bản dịch
background_signs,7,55,,Chưa có bản dịch
convention_room,7,55,,Chưa có bản dịch
passion_flower,0,54,,Chưa có bản dịch
red_clouds,7,54,,Mây đỏ
sea_stars,0,54,,Chưa có bản dịch
bottled_water,7,54,,Chưa có bản dịch
white_tree,0,54,,Chưa có bản dịch
mini_christmas_tree,0,54,,Chưa có bản dịch
hawker_harrier,0,53,"bae_harrier,bae_sea_harrier,bae_sea_harrier_frs.mk.1,bae_sea_harrier_frs.mk.2,sea_harrier,sea_harrier_frs.mk.1,sea_harrier_frs.mk.2",Chưa có bản dịch
divine_water_(fate),0,53,,Chưa có bản dịch
purple_clouds,7,52,,Mây tím
inteyvat_flower_(genshin_impact),0,52,,Chưa có bản dịch
lineart_background,0,52,,Chưa có bản dịch
school_connection,0,51,,Chưa có bản dịch
chocolate_river_no_sono_saki_ni,0,51,,Chưa có bản dịch
firefist_office_(identity)_(project_moon),0,51,,Chưa có bản dịch
animal-shaped_cloud,0,51,,Chưa có bản dịch
square_background,7,51,,Chưa có bản dịch
translucent_water,7,51,,Chưa có bản dịch
break_room,7,51,,Chưa có bản dịch
background_smoke,7,51,,Chưa có bản dịch
garden_of_thorns_(e.g.o),0,51,,Chưa có bản dịch
koikoi_love_cafe_(ensemble_stars!),0,50,,Chưa có bản dịch
houndstooth_background,0,50,,Chưa có bản dịch
citrus_tree,7,50,"citrus_trees,citrustree,citrustrees",Chưa có bản dịch
sanjou_school_swords_(touken_ranbu),0,50,,Chưa có bản dịch
cactus_flower,7,50,,Chưa có bản dịch
wilted_plant,7,50,,Chưa có bản dịch
mountain_bike,7,49,,Chưa có bản dịch
mountain_print,0,49,,Chưa có bản dịch
hiding_behind_tree,7,49,,Chưa có bản dịch
flower_in_pocket,0,49,,Chưa có bản dịch
office_siren,0,49,,Chưa có bản dịch
after-school_valentines_(love_live!),0,49,,Chưa có bản dịch
purple_water,0,49,,Chưa có bản dịch
fake_sky,0,49,,Chưa có bản dịch
itsukushima_shrine,0,49,,Chưa có bản dịch
white_house,0,48,,Chưa có bản dịch
cure_sky_(cosplay),0,48,,Chưa có bản dịch
danshi_koukou_valentine_(meme),0,48,"danshi_koukou_valentine,valentine's_day_at_an_all_boys_school_(meme)",Chưa có bản dịch
sepia_background,7,48,,Chưa có bản dịch
pumpkin_hill,7,48,,Chưa có bản dịch
vibrant_background,7,48,,Chưa có bản dịch
heart-shaped_cloud,0,48,,Chưa có bản dịch
water_spring,0,48,,Chưa có bản dịch
flower_tank_(touhou),0,48,flower_tank,Chưa có bản dịch
nameless_hill,0,47,,Chưa có bản dịch
cucumber_plant,0,47,,Chưa có bản dịch
cucumber_flower,0,47,,Chưa có bản dịch
prerendered_background,7,47,,Chưa có bản dịch
peeing_into_river,7,47,,Chưa có bản dịch
red_room,7,46,,Chưa có bản dịch
candy_shop,7,46,,Chưa có bản dịch
water_drop_print,0,46,,Chưa có bản dịch
christmas_background,7,46,,Chưa có bản dịch
flower-trimmed_crown,0,46,,Chưa có bản dịch
garden_gnome,0,45,,Chưa có bản dịch
everbloom_(hollow_knight),0,45,delicate_flower_(hollow_knight),Chưa có bản dịch
high-cloud_quintet_(honkai:_star_rail),0,45,,Chưa có bản dịch
red_fart_cloud,7,45,,Chưa có bản dịch
howl's_castle,0,45,,Chưa có bản dịch
on_building,0,45,,Chưa có bản dịch
stuck_in_tree,7,44,,Chưa có bản dịch
city_below,0,44,,Chưa có bản dịch
cherry_blossom_background,0,44,,Chưa có bản dịch
temple_of_time,0,44,,Chưa có bản dịch
street_corner,7,44,,Chưa có bản dịch
room_divider,7,44,,Chưa có bản dịch
shibuya_station,0,44,,Chưa có bản dịch
water_jug,7,44,,Chưa có bản dịch
watering_flower,7,43,,Chưa có bản dịch
shinto_shrine,7,43,,Chưa có bản dịch
jeong's_office_(identity)_(project_moon),0,43,,Chưa có bản dịch
ano_hi_mita_yozora_wa_itsuka_no_mirai_e_(project_sekai),0,43,our_starry_sky_leading_to_the_future_(project_sekai),Chưa có bản dịch
school_yard,0,42,,Chưa có bản dịch
karma_flower,7,42,,Chưa có bản dịch
street_hopper_(idolmaster),0,42,street_hopper,Chưa có bản dịch
staff_room,0,42,,Chưa có bản dịch
botanical_garden,0,42,,Chưa có bản dịch
floating_building,0,42,,Chưa có bản dịch
triangular_tiling_background,0,42,,Chưa có bản dịch
cloudy_background,7,41,,Chưa có bản dịch
in_grass,7,41,,Chưa có bản dịch
office_setting,7,41,,Chưa có bản dịch
storm_clouds,7,41,,Chưa có bản dịch
tokyo_station,0,41,,Chưa có bản dịch
road_roller_da!_(meme),0,41,,Chưa có bản dịch
entering_room,7,41,,Chưa có bản dịch
honda_city,0,41,,Chưa có bản dịch
romaritime_flower,0,40,,Chưa có bản dịch
castle_of_friendship,7,40,,Chưa có bản dịch
chao_garden,7,40,,Chưa có bản dịch
water_shuriken_(pokemon),0,40,,Chưa có bản dịch
floating_flowers,0,40,,Chưa có bản dịch
control_room,7,40,,Chưa có bản dịch
pink_grass,7,40,,Chưa có bản dịch
security_room,7,40,,Chưa có bản dịch
distant_city,7,39,,Chưa có bản dịch
bimbo_flower,7,39,,Chưa có bản dịch
video_game_background,7,39,,Chưa có bản dịch
house_background,7,39,,Chưa có bản dịch
plant_bondage,7,39,,Chưa có bản dịch
nuclear_power_plant,7,39,,Chưa có bản dịch
cracked_road,0,38,,Chưa có bản dịch
sydney_opera_house,0,38,,Chưa có bản dịch
orange_star_high_school,0,38,,Chưa có bản dịch
wonder_flower,0,38,,Chưa có bản dịch
butcher_shop_(place),0,38,,Chưa có bản dịch
orange_grass,7,38,,Chưa có bản dịch
hot_water_bottle,0,38,,Chưa có bản dịch
vape_cloud,7,38,,Chưa có bản dịch
kijiyama_north_high_school,0,38,,Chưa có bản dịch
operating_room,7,38,,Chưa có bản dịch
unfinished_background,7,38,,Chưa có bản dịch
pumpkin_background,0,37,,Chưa có bản dịch
pill_background,0,37,,Chưa có bản dịch
blueprint_background,0,37,,Chưa có bản dịch
grass_background,7,37,,Chưa có bản dịch
small_lamp_grass,0,37,,Chưa có bản dịch
ecruteak_city,0,37,,Chưa có bản dịch
kisaragi_station,0,37,,Chưa có bản dịch
golden_flower_(undertale),0,36,,Chưa có bản dịch
barber_shop,7,36,,Chưa có bản dịch
luxurious_sea-lord,0,36,,Chưa có bản dịch
knee_out_of_water,7,36,,Chưa có bản dịch
rectangle_background,7,36,,Chưa có bản dịch
arrow_background,0,36,,Chưa có bản dịch
tropical_plants,7,36,,Chưa có bản dịch
in_flower,0,35,,Chưa có bản dịch
flower_clip,7,35,,Chưa có bản dịch
pink_tree,7,35,,Chưa có bản dịch
school_invader_(hundred_line),0,35,,Chưa có bản dịch
black_clouds,7,35,,Mây đen
cloud_over_head,0,35,,Chưa có bản dịch
multicolored_clouds,0,35,,Mây nhiều màu
stuffed_flower,0,34,,Chưa có bản dịch
butcher_shop,7,34,,Chưa có bản dịch
in_sky,7,34,,Chưa có bản dịch
flying_grass,0,34,,Chưa có bản dịch
urban_background,7,34,,Chưa có bản dịch
my_room_(fire_emblem_fates),0,34,,Chưa có bản dịch
pastel_background,7,34,,Chưa có bản dịch
bad_ass_temple,0,34,,Chưa có bản dịch
lotus_flower_pastry,0,34,,Chưa có bản dịch
school_rooftop,0,34,,Chưa có bản dịch
touching_grass,7,34,,Chưa có bản dịch
green_gas_cloud,7,33,,Chưa có bản dịch
blue_clouds,7,33,,Mây xanh dương
concrete_building,7,33,,Chưa có bản dịch
aspen_tree,7,33,"aspen_trees,aspentree,aspentrees",Chưa có bản dịch
closet_room,7,33,,Chưa có bản dịch
bioluminescent_plants,7,33,,Chưa có bản dịch
gold_city_(umamusume)_(cosplay),0,33,,Chưa có bản dịch
tree_sap,7,33,,Chưa có bản dịch
utatsuyama_park,0,33,,Chưa có bản dịch
water_absorption,7,32,,Chưa có bản dịch
indoor_fish,0,32,,Chưa có bản dịch
flower_day,0,32,,Chưa có bản dịch
flag_on_building,7,32,,Chưa có bản dịch
coniferous_forest,7,32,,Chưa có bản dịch
cafe_(blue_archive),0,32,,Chưa có bản dịch
sea_slug_boy,0,32,,Chưa có bản dịch
bondage_theme_park,7,32,,Chưa có bản dịch
background_crowd,7,32,,Chưa có bản dịch
ramen_shop,7,32,,Chưa có bản dịch
cloud_gouger_(sword),0,32,,Chưa có bản dịch
astro_city,0,32,,Chưa có bản dịch
fantasy_tree_(fate),0,32,tree_of_emptiness_(fate),Chưa có bản dịch
tree_boy,0,32,,Chưa có bản dịch
stock_image_background,7,31,,Chưa có bản dịch
viparyas_flower,0,31,,Chưa có bản dịch
cloud_pattern,7,31,,Chưa có bản dịch
water_butterfly,0,31,,Chưa có bản dịch
night_city,7,31,,Chưa có bản dịch
flower_(accessory),7,31,,Chưa có bản dịch
grass_lily,0,31,,Chưa có bản dịch
cat_background,0,31,,Nền mèo
boiler_room,7,31,,Chưa có bản dịch
changing_station,7,31,,Chưa có bản dịch
school_crossing_sign,0,30,,Chưa có bản dịch
outdoor_bath,7,30,,Chưa có bản dịch
snowy_mountain,7,30,,Chưa có bản dịch
hollow_tree,7,30,,Chưa có bản dịch
grainy_background,7,30,,Chưa có bản dịch
golden_flower,7,30,golden_flowers,Chưa có bản dịch
i'm_not_at_the_beach_this_is_a_bathtub_(meme),0,30,,Chưa có bản dịch
kara_no_kyoukai/the_garden_of_order,0,30,,Chưa có bản dịch
water_bubble,7,30,,Chưa có bản dịch
cocktail_flower,0,30,,Chưa có bản dịch
frozen_flower,0,30,,Chưa có bản dịch
sailor_beach_wear_(no.s_project),0,29,,Chưa có bản dịch
funny_background_event,7,29,,Chưa có bản dịch
squidward's_house,7,29,,Chưa có bản dịch
post_office,0,29,,Chưa có bản dịch
broken_building,7,29,,Chưa có bản dịch
glitch_background,0,29,,Chưa có bản dịch
water_jet,7,29,,Chưa có bản dịch
water_dispenser,7,29,,Chưa có bản dịch
teal_sky,7,29,,Chưa có bản dịch
banana_tree,0,29,,Chưa có bản dịch
ilex_forest,0,29,,Chưa có bản dịch
tentacles_in_water,7,29,,Chưa có bản dịch
tokyo_city_hall,0,29,,Chưa có bản dịch
bounce_house,7,29,,Chưa có bản dịch
diamond_background,7,29,,Chưa có bản dịch
sea_sparkle,0,29,,Chưa có bản dịch
tree_of_harmony,7,29,,Chưa có bản dịch
shrine_tank_(touhou),0,29,shrine_tank,Chưa có bản dịch
mystic_water,7,28,,Chưa có bản dịch
digital_background,7,28,,Chưa có bản dịch
peeing_on_plant,7,28,,Chưa có bản dịch
house_party,7,28,,Chưa có bản dịch
landscape_painting,7,28,,Chưa có bản dịch
persimmon_tree,0,28,,Chưa có bản dịch
fang_of_the_mountain_king_(genshin_impact),0,28,,Chưa có bản dịch
abandoned_city,7,28,,Chưa có bản dịch
on_plant,7,28,,Chưa có bản dịch
water_breathing,7,28,"breathing_water,hydrokinetic_breath,hydrokinetic_breathing,water_breath",Chưa có bản dịch
water_heater,0,28,,Chưa có bản dịch
csejte_pyramid_himeji_castle,0,28,,Chưa có bản dịch
against_building,7,28,,Chưa có bản dịch
mechanical_flower,0,28,,Chưa có bản dịch
pink_room,7,28,,Chưa có bản dịch
cafe_parade_(idolmaster),0,27,cafe_parade,Chưa có bản dịch
malevolent_shrine_(jujutsu_kaisen),0,27,,Chưa có bản dịch
kanda_shrine,0,27,,Chưa có bản dịch
flower_areola,7,27,,Chưa có bản dịch
skull_in_fart_cloud,7,27,,Chưa có bản dịch
touch_grass_(meme),0,27,,Chưa có bản dịch
suga_shrine_otokozaka,0,27,,Chưa có bản dịch
tree_trunk_bridge,0,27,,Chưa có bản dịch
pink_clouds,7,26,,Mây hồng
shaking_off_water,7,26,,Chưa có bản dịch
laying_in_water,7,26,,Chưa có bản dịch
sentient_plants,7,26,,Chưa có bản dịch
rainbow_fart_cloud,7,26,,Chưa có bản dịch
small_animal_water_bottle,0,26,,Chưa có bản dịch
sea_ganoderma,0,26,,Chưa có bản dịch
sunset_background,7,26,,Chưa có bản dịch
mangrove_tree,7,26,"mangrove_trees,mangrovetree,mangrovetrees",Chưa có bản dịch
chrysler_building,0,26,,Chưa có bản dịch
room_background,7,26,,Chưa có bản dịch
floating_water_bubble,0,26,,Chưa có bản dịch
south_park_(style),0,26,,Chưa có bản dịch
two_tone_sky,7,26,,Chưa có bản dịch
spaceship_background,7,25,,Chưa có bản dịch
kirisame_magic_shop,0,25,,Chưa có bản dịch
n's_room,0,25,,Chưa có bản dịch
water_torture,7,25,,Chưa có bản dịch
filtered_background,7,25,,Chưa có bản dịch
starry_sky_camouflage,0,25,,Chưa có bản dịch
industrial_plant,7,25,,Chưa có bản dịch
alternate_colored_grass,0,25,,Chưa có bản dịch
cloud_halo,0,25,,Chưa có bản dịch
flower_kingdom_(deltarune),0,25,,Chưa có bản dịch
flower_emanata,7,25,,Chưa có bản dịch
skeleton_flower_(plant),0,25,,Chưa có bản dịch
flower_wristband,0,25,,Chưa có bản dịch
ice_background,0,25,,Chưa có bản dịch
bear_background,0,25,,Nền gấu
unwelcome_school_(song),0,25,,Chưa có bản dịch
bowser's_castle,7,25,,Chưa có bản dịch
burial_at_sea,0,25,,Chưa có bản dịch
house_collar_tag,7,25,,Chưa có bản dịch
school_circle_(nikke),0,25,,Chưa có bản dịch
school_(toaru),0,25,,Chưa có bản dịch
background_noise,7,25,,Chưa có bản dịch
soapy_water,7,25,,Chưa có bản dịch
high_school_student,7,25,,Chưa có bản dịch
sea_creature,0,25,,Chưa có bản dịch
tropical_forest,7,25,,Chưa có bản dịch
secret_garden_(fate/extra_ccc),0,25,,Chưa có bản dịch
anthill,7,24,ant_hill,Chưa có bản dịch
himeji_castle,0,24,,Chưa có bản dịch
shinjuku_station,0,24,,Chưa có bản dịch
hertas_spinning_to_piranha_plants_on_parade_(meme),0,24,,Chưa có bản dịch
science_fiction_background,7,24,,Chưa có bản dịch
selene_girls_school_(nijisanji),0,24,,Chưa có bản dịch
school_trip,0,24,,Chưa có bản dịch
school_shooting,0,24,,Chưa có bản dịch
hypnotic_background,7,24,,Chưa có bản dịch
pinned_to_tree,7,24,,Chưa có bản dịch
liquid_flower,0,24,,Chưa có bản dịch
cloud_(marking),7,24,,Chưa có bản dịch
let's_hit_the_road_(jojo),0,24,,Chưa có bản dịch
watering_plants,7,24,,Chưa có bản dịch
water_clouding,7,24,,Chưa có bản dịch
purple_cloud,7,24,,Mây tím
lake_suwa,0,24,,Chưa có bản dịch
inside_tree,0,23,,Chưa có bản dịch
toilet_water,7,23,,Chưa có bản dịch
white_church_set_(bloodborne),0,23,,Chưa có bản dịch
deciduous_tree,7,23,,Chưa có bản dịch
dead_plant,7,23,,Chưa có bản dịch
distracting_background,7,23,,Chưa có bản dịch
building_print,0,23,,Chưa có bản dịch
office_background,7,23,,Chưa có bản dịch
mana_tree,0,23,,Chưa có bản dịch
snowy_tree,7,23,,Chưa có bản dịch
peach's_castle,7,23,,Chưa có bản dịch
nishino_flower_(umamusume)_(cosplay),0,23,,Chưa có bản dịch
green_trees,7,23,,Chưa có bản dịch
room_filling_inflation,7,23,,Chưa có bản dịch
moonlight_flower_(cosplay),0,23,,Chưa có bản dịch
summer_days_school_(idolmaster),0,23,,Chưa có bản dịch
cafe_au_lait,0,22,,Chưa có bản dịch
summer_elementary_school_(idolmaster),0,22,,Chưa có bản dịch
flower_charm,0,22,,Chưa có bản dịch
grass_wonder_(umamusume)_(cosplay),0,22,,Chưa có bản dịch
grass_print,0,22,,Chưa có bản dịch
donut_background,0,22,doughnut_background,Chưa có bản dịch
tree_carving,7,22,,Chưa có bản dịch
ocean_maid_(stellar_blade),0,22,,Chưa có bản dịch
chemical_plant,7,22,,Chưa có bản dịch
dimly_lit_room,0,22,,Chưa có bản dịch
seiun_sky_(umamusume)_(cosplay),0,22,,Chưa có bản dịch
bouncy_castle,7,22,,Chưa có bản dịch
rain_cloud,7,22,,Chưa có bản dịch
outgrowing_building,7,22,,Chưa có bản dịch
water_cum,7,22,,Chưa có bản dịch
clawing_tree,7,21,,Chưa có bản dịch
warm_water_prank,7,21,,Chưa có bản dịch
cafe_sweety_(nikke),0,21,,Chưa có bản dịch
radio_station,7,21,,Chưa có bản dịch
surrounded_by_flowers,0,21,,Chưa có bản dịch
sweets_house,0,21,,Chưa có bản dịch
flag_on_sand_castle,7,21,,Chưa có bản dịch
back_room,7,21,,Chưa có bản dịch
tree_transformation,7,21,,Chưa có bản dịch
shrine_gate,7,21,,Chưa có bản dịch
water_cannon,0,20,,Chưa có bản dịch
hawaiian_flower,7,20,,Chưa có bản dịch
school_of_friendship,7,20,,Chưa có bản dịch
trailer_park,7,20,,Chưa có bản dịch
road_markings,7,20,,Chưa có bản dịch
japanese_shrine,7,20,,Chưa có bản dịch
ocean_liner,0,20,,Chưa có bản dịch
sandy_hook_elementary_school_shooting,0,20,,Chưa có bản dịch
dark_city,7,20,,Chưa có bản dịch
flower-shaped_chocolate,0,20,,Chưa có bản dịch
flower_cutout,0,20,,Chưa có bản dịch
shimonada_station,0,20,,Chưa có bản dịch
rainy_city,7,20,,Chưa có bản dịch
church_pew,7,20,,Chưa có bản dịch
windmill_tree,0,20,,Chưa có bản dịch
bath_water,7,20,,Chưa có bản dịch
multicolored_fart_cloud,7,20,,Chưa có bản dịch
pinstripe_background,0,20,,Chưa có bản dịch
osaka_castle,0,20,,Chưa có bản dịch
full_house_(card_hand),7,20,,Chưa có bản dịch
water_temple,0,20,,Chưa có bản dịch
water_skiing,0,20,,Chưa có bản dịch
water_jacking_partner,7,20,,Chưa có bản dịch
