monochrome,0,1359875,"/m,colorless,monochome,monochorme,monochorome,monochromatic,monotone,no_color,no_colour,non-colored,non_coloured,uncolored,uncoloured",Đơn sắc
comic,0,1161974,"comic_page,comic_strip,comics,cómic,dojin,doujin,doujinshi,manga",Truyện tranh
chibi,0,410789,"chibifur,super_deformed,tdm",Chibi
sketch,0,394471,"/sk,black_and_white_sketch,doodle,doodles,rough,rough_sketch,scetch,sketch_art,sketch_dump,sketchdump,sketched,sketches",Phác thảo
chibi_only,0,83849,,Chưa có bản dịch
anime_coloring,0,57537,cel_shading_(2d),Tô màu anime
realistic,0,39195,"real_pokemon,realism,realistic_pokemon,toon_realism",Chưa có bản dịch
style_parody,0,34061,,Chưa có bản dịch
chibi_inset,0,33540,,Chưa có bản dịch
pixel_art,0,32033,,Tranh pixel
3d,0,30265,"3dcg,polygon",Hình ảnh 3D
silent_comic,0,28718,,Chưa có bản dịch
partially_colored,0,26836,"partially_coloured,partially_monochrome",Chưa có bản dịch
retro_artstyle,0,24810,oldschool,Chưa có bản dịch
indian_style,0,21361,agura,Chưa có bản dịch
lineart,0,16766,,Nét vẽ
painting_(object),0,15858,,Chưa có bản dịch
fake_screenshot,0,15443,fakeshot,Chưa có bản dịch
official_style,0,15306,,Chưa có bản dịch
flat_color,0,13927,,Chưa có bản dịch
traditional_halo,0,13261,,Chưa có bản dịch
art_program_in_frame,0,9365,,Chưa có bản dịch
dakimakura,7,7338,"daki,dakimakura_pose,dakimakura_style",Chưa có bản dịch
comic_panel,7,7122,,Chưa có bản dịch
screenshot_inset,0,6979,screencap_inset,Chưa có bản dịch
segmented_comic,0,5876,,Chưa có bản dịch
mp3_player,0,5727,digital_media_player,Chưa có bản dịch
no_lineart,0,5384,no_line-art,Chưa có bản dịch
realistic_feral,7,5231,,Chưa có bản dịch
faux_traditional_media,0,5159,/ftrad,Chưa có bản dịch
sketchbook,0,4731,"sketch_book,sketchpad",Chưa có bản dịch
art_tools_in_frame,0,4504,,Chưa có bản dịch
screencap,7,4479,screen_shot,Chưa có bản dịch
faux_retro_artstyle,0,4231,,Chưa có bản dịch
fine_art_parody,0,4197,,Chưa có bản dịch
comic_sans,0,4031,,Chưa có bản dịch
manga_(object),0,3998,doujin_(object),Chưa có bản dịch
traditional_nun,0,3805,,Chưa có bản dịch
game_screenshot_inset,0,3698,,Chưa có bản dịch
painting_(action),0,3456,painting,Chưa có bản dịch
manga_cover,0,3412,tankoubon_cover,Chưa có bản dịch
official_art_inset,0,3384,,Chưa có bản dịch
style_emulation,7,3091,,Chưa có bản dịch
left-to-right_manga,0,3007,"left-to-right,left_to_right_manga",Chưa có bản dịch
art_nouveau,0,2946,"alphonse_mucha_(style),mucha_style",Chưa có bản dịch
boned_meat,0,2862,manga_meat,Chưa có bản dịch
4_panel_comic,7,2828,,Chưa có bản dịch
full_page_comic,0,2766,,Chưa có bản dịch
traditional_youkai,0,2689,youkai,Chưa có bản dịch
2_panel_comic,7,2678,,Chưa có bản dịch
comic_cover,0,2438,,Chưa có bản dịch
3_panel_comic,7,2401,,Chưa có bản dịch
vertical_scroll_comic,0,2159,,Chưa có bản dịch
multiple_monochrome,0,2022,,Chưa có bản dịch
anime_nosebleed,7,2004,,Chưa có bản dịch
sexualized_chibi,0,1964,,Chưa có bản dịch
thick_lineart,0,1921,,Chưa có bản dịch
photorealistic,0,1807,,Phong cách ảnh chân thực
art_brush,0,1774,,Chưa có bản dịch
digital_clock,0,1759,,Chưa có bản dịch
right-to-left_comic,0,1629,,Chưa có bản dịch
5_panel_comic,7,1612,,Chưa có bản dịch
box_art,0,1346,boxart,Chưa có bản dịch
creating_art,7,1298,,Chưa có bản dịch
abstract_art,7,1270,,Chưa có bản dịch
ai-generated_art_(topic),0,1262,,Chưa có bản dịch
6_panel_comic,7,1251,,Chưa có bản dịch
digital_hazard,0,1172,,Chưa có bản dịch
digital_dissolve,0,1159,,Chưa có bản dịch
colored_lineart,0,1075,,Chưa có bản dịch
watercolor_effect,0,1024,,Chưa có bản dịch
sprite_art,0,898,,Chưa có bản dịch
anime_style,7,883,,Chưa có bản dịch
chibi_on_head,0,879,,Chưa có bản dịch
painted_claws,7,846,,Chưa có bản dịch
3d_fluid_sim,7,846,,Chưa có bản dịch
anime_screenshot_inset,0,832,,Chưa có bản dịch
ink_wash_painting,0,819,,Chưa có bản dịch
black_line_art,7,796,,Chưa có bản dịch
digital_thermometer,0,791,,Chưa có bản dịch
digital_camouflage,0,672,"emr_camouflage,marpat,mm14,pixelated_camouflage",Chưa có bản dịch
latte_art,0,659,coffee_art,Chưa có bản dịch
7_panel_comic,7,640,,Chưa có bản dịch
fleischer_style_toon,7,634,"fleischer_studios_style,fleischer_style,fleischer_style_toony,old_toon,old_toony",Chưa có bản dịch
draw_this_in_your_style_challenge,0,620,,Chưa có bản dịch
painted_balls,7,601,,Chưa có bản dịch
art_shift,0,596,,Chưa có bản dịch
glitch_art,0,576,,Chưa có bản dịch
on_style,7,546,,Chưa có bản dịch
traditional_elf,0,538,,Chưa có bản dịch
realistic_lighting,7,527,,Chưa có bản dịch
wall_art,7,521,,Chưa có bản dịch
drawing_on_fourth_wall,0,519,"painting_on_fourth_wall,writing_on_fourth_wall",Chưa có bản dịch
fake_screencap,7,510,,Chưa có bản dịch
white_line_art,7,476,,Chưa có bản dịch
painted_butt,7,469,,Chưa có bản dịch
sketch_inset,0,457,,Chưa có bản dịch
realistic_shading,7,449,,Chưa có bản dịch
blue_line_art,7,448,,Chưa có bản dịch
screencap_redraw,7,441,,Chưa có bản dịch
pixel_art_inset,0,434,,Chưa có bản dịch
cover_sketch,0,422,,Chưa có bản dịch
story_in_picture,7,396,story_in_the_art,Chưa có bản dịch
art_deco,0,372,,Chưa có bản dịch
unamused_friend_comic_(meme),0,338,,Chưa có bản dịch
painting_fingernails,0,337,,Chưa có bản dịch
fake_box_art,0,313,,Chưa có bản dịch
manga_style,7,310,,Chưa có bản dịch
8_panel_comic,7,307,,Chưa có bản dịch
vent_art,7,299,,Chưa có bản dịch
ascii_art,0,296,ascii,Chưa có bản dịch
egyptian_art,0,284,,Chưa có bản dịch
twitter_screenshot,0,272,,Chưa có bản dịch
simulated_traditional_(artwork),7,259,,Chưa có bản dịch
3d_print,7,249,,Chưa có bản dịch
style_crossover,7,243,,Chưa có bản dịch
red_line_art,7,235,,Chưa có bản dịch
small_comic,7,225,,Chưa có bản dịch
art_gallery,0,222,,Chưa có bản dịch
adaptation_comparison,0,221,"anime_design_and_light_novel_design,anime_design_and_manga_design",Chưa có bản dịch
digital_sketch,7,212,,Chưa có bản dịch
jinki-style_restrained,0,205,,Chưa có bản dịch
semi-realistic,7,187,,Chưa có bản dịch
shaded_sketch,7,187,,Chưa có bản dịch
multiple_style_parody,0,187,style_collage,Chưa có bản dịch
retro_anime_style,7,182,,Chưa có bản dịch
dunhuang_style,0,181,,Chưa có bản dịch
purple_line_art,7,181,,Chưa có bản dịch
art_prompt,7,180,,Chưa có bản dịch
lineart_zoom_layer,0,177,,Chưa có bản dịch
faux_3d,0,167,,Chưa có bản dịch
painting_toenails,0,161,,Chưa có bản dịch
9_panel_comic,7,158,,Chưa có bản dịch
personal_art,7,154,,Chưa có bản dịch
cave_painting,7,147,,Chưa có bản dịch
mini_comic,7,146,,Chưa có bản dịch
rubber_hose_style,7,134,,Chưa có bản dịch
pink_line_art,7,132,,Chưa có bản dịch
capsces_digital_ink_(modeler),9,131,,Người đóng góp
different_artstyle,7,129,,Chưa có bản dịch
greek_painting_style,0,127,,Chưa có bản dịch
mosaic_art,0,127,,Chưa có bản dịch
pop_art,0,122,,Chưa có bản dịch
comic_panel_inset,0,116,,Chưa có bản dịch
long_comic,7,116,,Chưa có bản dịch
brown_line_art,7,113,,Chưa có bản dịch
hate_art,7,108,,Chưa có bản dịch
motivational_art,7,103,,Chưa có bản dịch
ai_drawing_anime_characters_eating_ramen_(meme),0,101,,Chưa có bản dịch
alternate_art_style,0,99,,Chưa có bản dịch
green_line_art,7,97,,Chưa có bản dịch
personal_digital_assistant,0,92,pda,Chưa có bản dịch
art_deco_architecture,7,92,,Chưa có bản dịch
art_vs_artist,0,91,,Chưa có bản dịch
traditional_harpy,0,90,,Chưa có bản dịch
digital_camo,7,87,,Chưa có bản dịch
short_comic,7,87,,Chưa có bản dịch
painted_stripes,7,86,,Chưa có bản dịch
style_change,7,85,,Chưa có bản dịch
on-model_vs_in_your_style_challenge,0,84,draw_fanart_challenge,Chưa có bản dịch
anime_figure,7,83,,Chưa có bản dịch
performance_art,7,82,,Chưa có bản dịch
painting_on_wall,7,80,,Chưa có bản dịch
art_progression,7,78,,Chưa có bản dịch
horizontal_comic,0,76,,Chưa có bản dịch
fine_art,0,75,,Chưa có bản dịch
digital_coloring,7,75,,Chưa có bản dịch
royale_style_(idolmaster),0,71,,Chưa có bản dịch
semi-realistic_feral,7,70,,Chưa có bản dịch
pomni_(the_amazing_digital_circus)_(cosplay),0,68,,Chưa có bản dịch
painted_hooves,7,67,,Chưa có bản dịch
3d_effect,7,67,,Chưa có bản dịch
10_panel_comic,7,67,,Chưa có bản dịch
egg_painting,0,64,,Chưa có bản dịch
sailor_chibi_moon_(cosplay),0,63,,Chưa có bản dịch
art_class,7,63,,Chưa có bản dịch
jungle_style,0,61,coupled_magazines_(weapon),Chưa có bản dịch
art_supplies,0,61,,Chưa có bản dịch
3d_mousepad,7,60,,Chưa có bản dịch
large_comic,7,58,,Chưa có bản dịch
medium_comic,7,58,,Chưa có bản dịch
brown_monochrome,7,57,,Chưa có bản dịch
medieval_style,7,56,,Chưa có bản dịch
art_styles_image_response,0,55,,Chưa có bản dịch
sketch_animation,7,54,,Chưa có bản dịch
digital_pen,7,53,,Chưa có bản dịch
color_sketch,7,52,,Chưa có bản dịch
agnes_digital_(umamusume)_(cosplay),0,52,,Chưa có bản dịch
how_to_draw_manga_redraw_challenge_(meme),0,51,how_to_draw_manga_redraw_challenge,Chưa có bản dịch
orange_line_art,7,50,,Chưa có bản dịch
mostly_monochrome,7,50,,Chưa có bản dịch
in_comic_sequence,7,50,,Chưa có bản dịch
digital_rain,0,50,,Chưa có bản dịch
euphrates_3d_(modeler),9,49,,Người đóng góp
grey_line_art,7,48,,Chưa có bản dịch
watercolor_tray,0,48,,Chưa có bản dịch
split_depth,0,47,"3d_lines,rei_no_sen",Chưa có bản dịch
art_pack,7,46,,Chưa có bản dịch
what_has_art_done,7,45,,Chưa có bản dịch
full_render,7,45,,Chưa có bản dịch
painted_markings,7,44,,Chưa có bản dịch
multicolored_line_art,7,44,,Chưa có bản dịch
2d_on_3d,7,44,,Chưa có bản dịch
3d_printer,0,43,,Chưa có bản dịch
anime_girl_throwing_things_(meme),0,43,,Chưa có bản dịch
2000s_anime_style,7,42,,Chưa có bản dịch
splash_art,7,42,,Chưa có bản dịch
blue_lineart,0,42,,Chưa có bản dịch
traditional_ninja,0,41,,Chưa có bản dịch
traditional_animation,7,40,,Chưa có bản dịch
american_traditional,7,40,,Chưa có bản dịch
froggy_style,0,40,,Chưa có bản dịch
art_comparison,7,40,,Chưa có bản dịch
digital_world,7,39,,Chưa có bản dịch
realistic_hypnosis,7,39,,Chưa có bản dịch
american_traditional_tattoo,0,38,,Chưa có bản dịch
art_tool_censor,0,38,,Chưa có bản dịch
line_art_only,7,38,,Chưa có bản dịch
painted_eggs,7,37,,Chưa có bản dịch
pencil_sketch,7,35,,Chưa có bản dịch
cancelled_comic,7,35,,Chưa có bản dịch
clavia_digital_musical_instruments,0,33,,Chưa có bản dịch
voxel_art,0,33,,Chưa có bản dịch
omni-directional_mobility_gear,7,32,3d_maneuver_gear,Chưa có bản dịch
art_meme,7,32,,Chưa có bản dịch
comic_style,7,31,,Chưa có bản dịch
anniversary_art,7,31,,Chưa có bản dịch
anime_girl_hiding_from_a_terminator_(meme),0,31,,Chưa có bản dịch
yellow_line_art,7,31,,Chưa có bản dịch
omori_in_your_style_challenge,0,31,,Chưa có bản dịch
wall_painting,7,30,,Chưa có bản dịch
barrel_art,7,29,,Chưa có bản dịch
art_dump,7,29,,Chưa có bản dịch
victorian_style,7,29,,Chưa có bản dịch
animated_sketch,7,29,,Chưa có bản dịch
detailed_sketch,7,29,,Chưa có bản dịch
painting_claws,7,28,,Chưa có bản dịch
torn_painting,0,28,,Chưa có bản dịch
tan_monochrome,7,28,,Chưa có bản dịch
living_art,7,27,,Chưa có bản dịch
11_panel_comic,7,27,,Chưa có bản dịch
protest_art,7,27,,Chưa có bản dịch
clean_lineart,7,26,,Chưa có bản dịch
digital_display,7,26,,Chưa có bản dịch
digital_transformation,7,26,,Chưa có bản dịch
wheeze_comic_(meme),0,26,,Chưa có bản dịch
red_lineart,0,26,,Chưa có bản dịch
domi_3d_(modeler),9,26,,Người đóng góp
word_art,7,25,,Chưa có bản dịch
anti-art_attachment,0,24,,Chưa có bản dịch
digital_watch,7,24,,Chưa có bản dịch
detailed_painting,7,23,,Chưa có bản dịch
jax_(the_amazing_digital_circus)_(cosplay),0,23,,Chưa có bản dịch
anime_reference,7,23,,Chưa có bản dịch
art_studio,7,23,,Chưa có bản dịch
style_swap,7,22,,Chưa có bản dịch
shift_jis_art,0,22,,Chưa có bản dịch
digital_pastel_(artwork),7,22,,Chưa có bản dịch
digital_inflation,7,22,,Chưa có bản dịch
outline_with_lineart,0,22,,Chưa có bản dịch
stop_motion_style,7,21,,Chưa có bản dịch
12_panel_comic,7,21,,Chưa có bản dịch
13_panel_comic,7,21,,Chưa có bản dịch
comic_con,7,21,,Chưa có bản dịch
digital_color,7,21,,Chưa có bản dịch
traditional_japanese,7,21,,Chưa có bản dịch
realistic_cum_volume,7,21,,Chưa có bản dịch
emo_art,0,20,,Chưa có bản dịch
