text,7,1692270,"colored_text,coloured_text,moonspeak,texts,words",Chữ trong ảnh
english_text,0,1627085,"english,english-text,english_dialog,english_dialogue",Chữ tiếng Anh
male_focus,0,1153242,"boys_only,guys_only,male_only,man,men",Tập trung vào nhân vật nam
cowboy_shot,0,861770,,Khung hình đầu đến đùi
signature,0,779904,"artist_signature,siganture,signature_artist_name,signed,signiture,singature",Chữ ký
solo_focus,0,774546,solo-focus,Tập trung vào nhân vật chính
portrait,0,418699,headshot_(composition),Chân dung
watermark,0,342335,"water_mark,water_marks,watermarked,watermarks",Dấu bản quyền
rear_view,7,247923,"ass_view,back_pose,back_shot,back_to_camera,back_to_viewer,back_turned,back_view,backview,behind_view,from_behind_view,rearview,view_from_back,view_from_behind",Góc nhìn từ phía sau
front_view,7,222413,"frong_view,front,front-view,front_facing,frontal,frontal_view",Góc nhìn chính diện
dutch_angle,0,174954,,Góc nghiêng kiểu Hà Lan
from_above,0,147649,view_from_above,Góc nhìn từ trên
depth_of_field,0,132779,"/dof,focus_blur",Độ sâu trường ảnh
logo,0,130103,,Chưa có bản dịch
first_person_view,7,117805,"1st_person_view,first-person_view,first_person,first_person_pov,point_of_view,pov_sex",Chưa có bản dịch
close-up,0,106630,"close_up,closeup,up_close",Cận cảnh
internal,7,96911,"inside_view,interal,internal_shot,internal_view,internal_views,xray_view",Chưa có bản dịch
side_view,7,95622,"profile_view,side_profile,sideview,size_view",Chưa có bản dịch
female_focus,7,92539,,Tập trung vào nhân vật nữ
low-angle_view,7,76517,"below_view,low-angle,low-angle_shot,low_angle,low_angle_shot,low_angle_veiw,low_angle_view,power_shot,upshot,view_from_below",Chưa có bản dịch
artist_logo,0,66802,,Chưa có bản dịch
three-quarter_view,7,64302,"3/4_view,three_quarter_view",Chưa có bản dịch
chinese_text,0,60238,"chinese_writing,han_characters,hanzi",Chưa có bản dịch
lens_flare,0,54384,"lens_flares,lensflare",Chưa có bản dịch
patreon_logo,0,52882,,Chưa có bản dịch
korean_text,0,51025,,Chưa có bản dịch
butt_focus,7,50880,"booty_focus,butt_focus_blowjob",Chưa có bản dịch
pokemon_focus,0,48735,,Chưa có bản dịch
animal_focus,0,47449,,Chưa có bản dịch
ass_focus,0,46807,pov_ass,Chưa có bản dịch
camera,0,45350,cameras,Chưa có bản dịch
motion_blur,0,43539,,Chưa có bản dịch
weibo_watermark,0,37453,,Chưa có bản dịch
high-angle_view,7,36566,"above_view,high-angle,high-angle_shot,high_angle,high_angle_shot,high_angle_view,top-down_view,top_angle_view,top_down_perspective,top_view",Chưa có bản dịch
duo_focus,7,34721,,Chưa có bản dịch
other_focus,0,33866,,Chưa có bản dịch
sample_watermark,0,33781,,Chưa có bản dịch
wide_shot,0,24166,,Chưa có bản dịch
black_text,7,22855,,Chưa có bản dịch
not_furry_focus,7,20554,,Chưa có bản dịch
text_focus,0,20005,,Chưa có bản dịch
human_focus,7,19053,focus_on_human,Chưa có bản dịch
food_focus,0,17392,drink_focus,Chưa có bản dịch
butt_from_the_front,7,17056,"ass_from_front,ass_from_the_front,booty_from_front,booty_from_the_front,booty_visible_through_thighs,butt_from_front,butt_visible_through_thighs,front_view_butt,thut,thut_butt",Chưa có bản dịch
spanish_text,0,16394,,Chưa có bản dịch
hip_focus,0,16308,hips,Chưa có bản dịch
multiple_angles,7,15919,"different_angles,multiple_angle",Chưa có bản dịch
copyright_logo,0,15714,,Chưa có bản dịch
vehicle_focus,0,15418,tank_focus,Chưa có bản dịch
anthro_focus,7,15267,,Chưa có bản dịch
perspective,0,14807,,Chưa có bản dịch
text_on_topwear,7,14446,,Chưa có bản dịch
mecha_focus,0,14372,,Chưa có bản dịch
millennium_science_school_logo,0,14065,,Chưa có bản dịch
white_text,7,13675,,Chưa có bản dịch
x-ray_view,7,13544,"x_ray_view,xray_view",Chưa có bản dịch
twitter_logo,0,11536,,Chưa có bản dịch
bokeh,0,11214,,Chưa có bản dịch
mixed-language_text,0,11035,,Chưa có bản dịch
text_box,7,10545,textbox,Chưa có bản dịch
engrish_text,0,9281,,Chưa có bản dịch
romaji_text,0,8640,"romaji,romanji",Chưa có bản dịch
russian_text,0,8562,,Chưa có bản dịch
camera_view,7,7851,on_camera,Chưa có bản dịch
text_background,0,7847,text_bg,Chưa có bản dịch
heart_after_text,7,7158,,Chưa có bản dịch
text_with_heart,7,6917,,Chưa có bản dịch
fisheye,0,6838,,Chưa có bản dịch
website_logo,7,6832,,Chưa có bản dịch
before_and_after,0,6795,"before/after,before/after_focus",Chưa có bản dịch
gore_focus,7,6450,,Chưa có bản dịch
reflection_focus,0,6075,,Chưa có bản dịch
humanoid_focus,7,5202,,Chưa có bản dịch
color_coded_text,7,4816,,Chưa có bản dịch
video_game_dialogue_box,0,4782,"adventure_text_box,visual_novel_dialogue_box,visual_novel_text_box",Chưa có bản dịch
armpit_focus,0,4751,,Chưa có bản dịch
video_camera,0,4710,"video-camera,videocamera",Chưa có bản dịch
red_text,7,4518,,Chưa có bản dịch
instagram_logo,0,4516,,Chưa có bản dịch
feral_focus,7,4403,,Chưa có bản dịch
watermark_grid,0,4203,,Chưa có bản dịch
french_text,0,4112,,Chưa có bản dịch
blue_text,7,4081,,Chưa có bản dịch
bilingual_text,0,3615,,Chưa có bản dịch
text-only_page,0,3543,text_only_page,Chưa có bản dịch
twitter_x_logo,0,3495,,Chưa có bản dịch
portrait_(object),0,3440,,Chưa có bản dịch
simplified_chinese_text,0,3326,simplified_chinese,Chưa có bản dịch
text_emphasis,7,3311,,Chưa có bản dịch
german_text,0,3295,,Chưa có bản dịch
absurdly_detailed_composition,0,3292,"busy_composition,cluttered_composition,intricate_composition",Chưa có bản dịch
pixiv_logo,0,3210,,Chưa có bản dịch
vulva_focus,7,3199,,Chưa có bản dịch
object_focus,0,3017,,Chưa có bản dịch
back_focus,0,2936,,Chưa có bản dịch
text_on_headgear,7,2884,,Chưa có bản dịch
green_text,7,2875,,Chưa có bản dịch
grey_text,7,2707,gray_text,Chưa có bản dịch
subscribestar_logo,0,2681,,Chưa có bản dịch
thai_text,0,2655,thai,Chưa có bản dịch
pink_text,7,2553,,Chưa có bản dịch
tilde_after_text,7,2545,,Chưa có bản dịch
crotch_focus,0,2526,,Chưa có bản dịch
censored_text,0,2457,,Chưa có bản dịch
text_messaging,0,2392,messaging,Chưa có bản dịch
wall_of_text,0,2388,,Chưa có bản dịch
yellow_text,0,2356,,Chưa có bản dịch
chaldea_logo,0,2268,,Chưa có bản dịch
logo_parody,0,2232,,Chưa có bản dịch
repeated_text,7,2178,,Chưa có bản dịch
camera_flash,0,2052,,Chưa có bản dịch
purple_text,7,2027,,Chưa có bản dịch
creature_focus,0,2024,,Chưa có bản dịch
character_signature,0,1990,,Chưa có bản dịch
traditional_chinese_text,0,1965,traditional_chinese,Chưa có bản dịch
hearts_around_text,7,1935,,Chưa có bản dịch
trio_focus,7,1868,,Chưa có bản dịch
text_on_tank_top,7,1840,,Chưa có bản dịch
trinity_general_school_logo,0,1825,,Chưa có bản dịch
bad_perspective,0,1818,,Chưa có bản dịch
rhodes_island_logo_(arknights),0,1817,rhodes_island_logo,Chưa có bản dịch
intersex_focus,7,1782,"futa_focus,futanari_focus",Chưa có bản dịch
monster_focus,0,1764,,Chưa có bản dịch
bold_text,7,1667,,Chưa có bản dịch
deviantart_logo,0,1666,,Chưa có bản dịch
portuguese_text,0,1567,portuguese,Chưa có bản dịch
ambiguous_focus,7,1547,,Chưa có bản dịch
bluesky_logo,0,1472,,Chưa có bản dịch
vulva_close-up,7,1452,pussy_close-up,Chưa có bản dịch
italian_text,0,1443,,Chưa có bản dịch
thigh_focus,0,1442,,Chưa có bản dịch
facebook_logo,0,1390,,Chưa có bản dịch
company_logo,0,1352,,Chưa có bản dịch
writing_text,7,1334,,Chưa có bản dịch
weapon_focus,0,1331,weapon_sheet,Chưa có bản dịch
orange_text,7,1323,,Chưa có bản dịch
pectoral_focus,0,1250,,Chưa có bản dịch
text_message,7,1247,,Chưa có bản dịch
bust_cup,0,1211,"alcohol_between_breasts,breast_cup,breasts_cup",Chưa có bản dịch
latin_text,0,1205,latin,Chưa có bản dịch
sky_focus,0,1201,,Chưa có bản dịch
camera_around_neck,0,1187,"camera_hanging_from_neck,camera_on_neck",Chưa có bản dịch
pussy_focus,0,1179,,Chưa có bản dịch
text_print,7,1165,,Chưa có bản dịch
gynomorph_focus,7,1160,dickgirl_focus,Chưa có bản dịch
camera_hud,7,1149,,Chưa có bản dịch
fisheye_lens,7,1149,,Chưa có bản dịch
furaffinity_logo,7,1094,,Chưa có bản dịch
flower_focus,0,1015,,Chưa có bản dịch
rhine_lab_logo,0,1014,,Chưa có bản dịch
non-circular_lens_flare,0,1008,,Chưa có bản dịch
brown_text,7,966,,Chưa có bản dịch
plant_focus,0,925,,Chưa có bản dịch
censored_by_text,0,923,,Chưa có bản dịch
impregnation_view,7,896,,Chưa có bản dịch
dark_text,7,884,,Chưa có bản dịch
youtube_logo,0,875,,Chưa có bản dịch
fanbox_logo,0,864,,Chưa có bản dịch
gehenna_academy_logo,0,858,,Chưa có bản dịch
waterline_view,7,845,,Chưa có bản dịch
security_camera,0,845,surveillance_camera,Chưa có bản dịch
highlighted_text,7,845,,Chưa có bản dịch
superman_logo,0,843,,Chưa có bản dịch
dripping_text,7,807,,Chưa có bản dịch
multicolored_text,0,802,,Chưa có bản dịch
text_header,7,795,,Chưa có bản dịch
nerv_logo,0,786,nerv,Chưa có bản dịch
macro_focus,7,771,,Chưa có bản dịch
focus_lines,7,759,,Chưa có bản dịch
dvd_logo,0,753,,Chưa có bản dịch
soft_focus,0,712,,Chưa có bản dịch
upward_angle_frieren_drawing_(meme),0,706,,Chưa có bản dịch
rear-view_mirror,0,695,,Chưa có bản dịch
rear_focus,7,687,,Chưa có bản dịch
miyoushe_watermark,0,670,,Chưa có bản dịch
steppee_focus,0,669,,Chưa có bản dịch
text_on_bottomwear,7,651,,Chưa có bản dịch
hidden_camera,0,643,spycam,Chưa có bản dịch
gradient_text,0,634,,Chưa có bản dịch
text_tattoo,0,630,,Chưa có bản dịch
alternating_focus,7,625,,Chưa có bản dịch
abydos_high_school_logo,0,624,,Chưa có bản dịch
greek_text,0,622,,Chưa có bản dịch
indonesian_text,0,616,indonesian,Chưa có bản dịch
atmospheric_perspective,0,614,,Chưa có bản dịch
hoof_focus,7,613,,Chưa có bản dịch
camera_phone,0,608,,Chưa có bản dịch
text_on_collar,7,603,,Chưa có bản dịch
bust_chart,0,600,"boob_chart,breast_chart,breast_comparison,chichikurabe",Chưa có bản dịch
alpha_signature,0,599,,Chưa có bản dịch
rainbow_text,0,572,,Chưa có bản dịch
ko-fi_logo,0,567,kofi_logo,Chưa có bản dịch
balls_focus,7,559,,Chưa có bản dịch
tiktok_logo,0,552,,Chưa có bản dịch
curved_text,7,549,,Chưa có bản dịch
vietnamese_text,0,540,vietnamese,Chưa có bản dịch
mirrored_text,0,539,mirror_writing,Chưa có bản dịch
young_focus,7,538,,Chưa có bản dịch
finnish_text,0,535,,Chưa có bản dịch
heavy_lens_flare,0,530,lens_flare_abuse,Chưa có bản dịch
perspective_shot,7,519,,Chưa có bản dịch
tumblr_logo,0,509,,Chưa có bản dịch
phone_view,7,506,,Chưa có bản dịch
penguin_logistics_logo,0,504,,Chưa có bản dịch
heart_in_signature,7,493,,Chưa có bản dịch
character_watermark,0,480,,Chưa có bản dịch
foreground_text,0,477,,Chưa có bản dịch
gumroad_logo,0,470,,Chưa có bản dịch
monotone_text,7,468,,Chưa có bản dịch
x_logo,7,463,,Chưa có bản dịch
character_logo,0,461,,Chưa có bản dịch
view,7,460,,Chưa có bản dịch
multilingual_text,0,459,multilingual,Chưa có bản dịch
heart_before_text,7,454,,Chưa có bản dịch
text_drop_shadow,7,453,,Chưa có bản dịch
escaping_text,7,445,,Chưa có bản dịch
mountain_focus,0,444,,Chưa có bản dịch
through_painting,0,443,"coming_out_of_painting,coming_out_of_portrait",Chưa có bản dịch
playstation_logo,0,441,,Chưa có bản dịch
logo_print,0,437,,Chưa có bản dịch
andromorph_focus,7,434,cuntboy_focus,Chưa có bản dịch
digital_camera,0,433,,Chưa có bản dịch
mihuashi_logo,0,431,,Chưa có bản dịch
multi_view,7,418,,Chưa có bản dịch
nasa_logo,0,418,,Chưa có bản dịch
griffin_&_kryuger_logo,0,415,"griffin_&_kryuger,griffin_and_kryuger",Chưa có bản dịch
text_with_emanata,7,412,,Chưa có bản dịch
bowser_logo,0,412,,Chưa có bản dịch
ukrainian_text,0,411,,Chưa có bản dịch
cervix_view,7,408,,Chưa có bản dịch
bottom_view,7,407,,Chưa có bản dịch
translucent_text,7,401,,Chưa có bản dịch
cloud_focus,0,401,,Chưa có bản dịch
side-view_mirror,0,400,side_mirror,Chưa có bản dịch
bust_(sculpture),0,400,,Chưa có bản dịch
forced_perspective,0,397,,Chưa có bản dịch
twitch_logo,0,387,,Chưa có bản dịch
book_focus,0,381,,Chưa có bản dịch
single-lens_reflex_camera,0,370,"single_lens_reflex_camera,slr,slr_camera",Chưa có bản dịch
text_in_heart,7,368,,Chưa có bản dịch
arabic_text,0,365,,Chưa có bản dịch
family_portrait,0,363,,Chưa có bản dịch
red_winter_federal_academy_logo,0,362,,Chưa có bản dịch
camera_overlay,7,357,,Chưa có bản dịch
sunrise_stance,0,351,brave_perspective,Chưa có bản dịch
pixel_text,0,348,,Chưa có bản dịch
text_on_swimwear,7,346,,Chưa có bản dịch
polish_text,0,344,polish,Chưa có bản dịch
discord_logo,0,328,,Chưa có bản dịch
stomach_focus,0,320,,Chưa có bản dịch
under_surface_view,7,320,,Chưa có bản dịch
close_up_panel,7,317,,Chưa có bản dịch
swedish_text,0,317,,Chưa có bản dịch
stylized_text,7,314,,Chưa có bản dịch
high_school_girls_posing_for_google_street_view_(meme),0,308,,Chưa có bản dịch
404_logo_(girls'_frontline),0,303,404_logo_(girls_frontline),Chưa có bản dịch
bilibili_logo,0,299,,Chưa có bản dịch
background_text,7,295,,Chưa có bản dịch
fixed-point_camera,0,288,,Chưa có bản dịch
homicipher_text,0,285,,Chưa có bản dịch
artstation_logo,0,283,,Chưa có bản dịch
cinderella_bust,0,280,,Chưa có bản dịch
back_view_in_reflection,0,260,mirror_behind,Chưa có bản dịch
uterus_view,7,259,,Chưa có bản dịch
text_on_crop_top,7,257,,Chưa có bản dịch
tree_focus,0,256,,Chưa có bản dịch
kjerag_logo,0,250,,Chưa có bản dịch
reunion_logo_(arknights),0,247,,Chưa có bản dịch
dollhouse_view,0,247,,Chưa có bản dịch
phone_camera,7,247,,Chưa có bản dịch
pride_color_text,7,238,,Chưa có bản dịch
kessoku_band_logo,0,237,,Chưa có bản dịch
light_text,7,234,,Chưa có bản dịch
kazimierz_logo,0,234,kingdom_of_kazimierz_logo,Chưa có bản dịch
text_on_top_of_text,7,232,,Chưa có bản dịch
text_on_diaper,7,231,,Chưa có bản dịch
explicit_text,7,230,,Chưa có bản dịch
text_border,7,229,,Chưa có bản dịch
weibo_logo,7,223,,Chưa có bản dịch
adult_focus,7,220,,Chưa có bản dịch
tan_text,7,218,,Chưa có bản dịch
spanking_focus,7,216,,Chưa có bản dịch
text_on_sign,7,215,,Chưa có bản dịch
fatui_logo,0,213,,Chưa có bản dịch
polaroid_camera,0,213,,Chưa có bản dịch
white_text_border,7,211,,Chưa có bản dịch
text_on_hotpants,7,207,,Chưa có bản dịch
scenic_view,7,205,,Chưa có bản dịch
white_text_outline,7,202,,Chưa có bản dịch
fake_text,0,201,"fictional_text,mysterious_text",Chưa có bản dịch
perspective_text,7,200,,Chưa có bản dịch
windows_logo,0,199,,Chưa có bản dịch
endfield_industries_logo,0,197,,Chưa có bản dịch
degradation_text,7,194,,Chưa có bản dịch
camera_shake,7,193,,Chưa có bản dịch
movie_camera,0,193,,Chưa có bản dịch
heart_font_signature,7,190,,Chưa có bản dịch
newgrounds_logo,0,187,,Chưa có bản dịch
ursus_logo,0,185,,Chưa có bản dịch
hebrew_text,0,184,hebrew,Chưa có bản dịch
neck_focus,0,179,,Chưa có bản dịch
kanji_focus,0,175,,Chưa có bản dịch
fruit_focus,0,175,,Chưa có bản dịch
wildhunt_art_academy_logo,0,175,wild_hunt_academy_of_arts_logo,Chưa có bản dịch
panorama,0,172,,Chưa có bản dịch
black_text_border,7,172,,Chưa có bản dịch
pecs_focus,7,172,,Chưa có bản dịch
heart_after_signature,7,172,,Chưa có bản dịch
text_on_mug,7,170,,Chưa có bản dịch
super_smash_bros._logo,0,169,,Chưa có bản dịch
alternate_view,0,168,,Chưa có bản dịch
backwards_text,0,167,,Chưa có bản dịch
colored_text_highlight,0,164,,Chưa có bản dịch
blu-ray_logo,0,164,,Chưa có bản dịch
bulge_focus,7,162,,Chưa có bản dịch
aperture_logo,7,162,,Chưa có bản dịch
death_focus,7,160,,Chưa có bản dịch
reddit_logo,0,160,,Chưa có bản dịch
penetration_close-up,7,158,,Chưa có bản dịch
two_tone_text,7,158,,Chưa có bản dịch
upskirt_view,7,157,,Chưa có bản dịch
underlined_text,7,156,,Chưa có bản dịch
twin-lens_reflex_camera,0,156,tlr_camera,Chưa có bản dịch
perspective-incorrect_texturing,7,154,,Chưa có bản dịch
camera_feed,0,151,,Chưa có bản dịch
overwatch_logo,0,150,,Chưa có bản dịch
filler_text,0,149,,Chưa có bản dịch
dutch_text,0,149,"dutch,dutch_(language)",Chưa có bản dịch
text_on_jockstrap,7,148,,Chưa có bản dịch
video_game_logo,7,148,,Chưa có bản dịch
camera_pov,0,148,,Chưa có bản dịch
contact_lens,0,147,,Chưa có bản dịch
extreme_close-up,7,147,,Chưa có bản dịch
schale_logo,0,146,,Chưa có bản dịch
text_on_balloon,7,146,,Chưa có bản dịch
lofter_logo,0,146,,Chưa có bản dịch
text_on_collar_tag,7,145,,Chưa có bản dịch
cum_on_camera,7,143,,Chưa có bản dịch
social_media_composition,0,143,,Chưa có bản dịch
wet_lens,0,143,water_on_fourth_wall,Chưa có bản dịch
butt_close-up,7,142,,Chưa có bản dịch
self_portrait,7,142,,Chưa có bản dịch
artist_watermark,7,138,,Chưa có bản dịch
caught_on_camera,7,138,,Chưa có bản dịch
diaper_focus,7,137,,Chưa có bản dịch
ambiguous_text,7,137,,Chưa có bản dịch
pred_focus,7,135,,Chưa có bản dịch
out_of_focus,7,135,,Chưa có bản dịch
text_on_butt,7,134,,Chưa có bản dịch
text_markings,7,132,"text_(marking),text_(markings),text_marking",Chưa có bản dịch
younger_focus,7,132,,Chưa có bản dịch
metal_band_text,0,131,,Chưa có bản dịch
text_on_bib,7,130,,Chưa có bản dịch
xiaohongshu_watermark,0,129,,Chưa có bản dịch
text_on_jersey,7,128,,Chưa có bản dịch
highlander_railway_academy_logo,0,127,,Chưa có bản dịch
text_with_iconography,7,126,,Chưa có bản dịch
tagalog_text,0,124,,Chưa có bản dịch
distorted_text,7,124,,Chưa có bản dịch
text_on_container,7,123,,Chưa có bản dịch
extruded_text,7,122,,Chưa có bản dịch
suggestive_text,7,118,,Chưa có bản dịch
xiaohongshu_logo,0,117,,Chưa có bản dịch
text_on_wall,7,116,,Chưa có bản dịch
front-quarter_view,7,116,,Chưa có bản dịch
criss-crossed_composition,0,115,,Chưa có bản dịch
xbox_logo,0,115,,Chưa có bản dịch
tv_camera,0,115,,Chưa có bản dịch
text_with_star,7,115,,Chưa có bản dịch
keysmash_text,7,114,keyboard_spam_text,Chưa có bản dịch
rear-quarter_view,7,112,,Chưa có bản dịch
black_text_outline,7,111,,Chưa có bản dịch
bellows_camera,0,110,,Chưa có bản dịch
interior_view,7,110,,Chưa có bản dịch
teal_text,7,109,,Chưa có bản dịch
upside-down_text,0,108,,Chưa có bản dịch
fullbody_suit,7,105,,Chưa có bản dịch
filipino_text,0,104,,Chưa có bản dịch
mojibake_text,0,104,mojibake,Chưa có bản dịch
underside_view,7,104,,Chưa có bản dịch
itch.io_logo,0,103,,Chưa có bản dịch
it's_all_a_matter_of_angle_(meme),0,101,,Chưa có bản dịch
text_censor,7,101,,Chưa có bản dịch
lungmen_logo,0,100,,Chưa có bản dịch
logo_on_topwear,7,100,,Chưa có bản dịch
pip_focus,7,99,,Chưa có bản dịch
replaced_text,7,99,,Chưa có bản dịch
angle,7,99,,Chưa có bản dịch
animated_text,7,99,,Chưa có bản dịch
text_on_pillow,7,98,,Chưa có bản dịch
glistening_text,7,96,,Chưa có bản dịch
illegible_text,0,96,"illegible_dialogue,scribbled_dialogue",Chưa có bản dịch
heart_between_text,7,96,,Chưa có bản dịch
mygo!!!!!_logo_(bang_dream!),0,95,,Chưa có bản dịch
fantia_logo,0,95,,Chưa có bản dịch
gibberish_text,0,93,,Chưa có bản dịch
upward_angle,7,93,,Chưa có bản dịch
big_text,7,92,,Chưa có bản dịch
glowing_text,7,91,,Chưa có bản dịch
text_in_background,7,91,,Chưa có bản dịch
text_on_handwear,7,91,,Chưa có bản dịch
taur_focus,7,90,,Chưa có bản dịch
disposable_camera,0,90,,Chưa có bản dịch
text_on_latex,7,88,,Chưa có bản dịch
arousal_focus,7,87,,Chưa có bản dịch
bilibili_watermark,0,87,,Chưa có bản dịch
hidden_text,7,86,,Chưa có bản dịch
google_street_view,0,86,,Chưa có bản dịch
diegetic_signature,7,86,,Chưa có bản dịch
after_frame_focus,7,86,,Chưa có bản dịch
blurry_text,0,85,,Chưa có bản dịch
lobotomy_corporation_logo,0,84,,Chưa có bản dịch
blurred_text,7,84,,Chưa có bản dịch
vertical_text,0,83,,Chưa có bản dịch
early_modern_english_text,0,82,,Chưa có bản dịch
e621_logo,7,82,,Chưa có bản dịch
perspective-incorrect_plaid,7,81,,Chưa có bản dịch
underwater_view,7,80,,Chưa có bản dịch
text_on_harness,7,79,,Chưa có bản dịch
black_text_box,7,79,,Chưa có bản dịch
submissive_focus,7,78,,Chưa có bản dịch
rotating_view,0,78,,Chưa có bản dịch
lens,7,78,,Chưa có bản dịch
prts_logo_(arknights),0,78,,Chưa có bản dịch
telegram_logo,0,77,,Chưa có bản dịch
heart_before_signature,7,76,,Chưa có bản dịch
action_camera,0,76,,Chưa có bản dịch
white_text_box,7,76,,Chưa có bản dịch
herm_focus,7,75,,Chưa có bản dịch
future_signature_(idolmaster),0,73,,Chưa có bản dịch
micro_focus,7,73,,Chưa có bản dịch
outside_view,7,73,,Chưa có bản dịch
group_portrait,7,72,,Chưa có bản dịch
sos_brigade_logo,0,72,sos-dan_logo_(suzumiya_haruhi),Chưa có bản dịch
star_in_signature,7,70,,Chưa có bản dịch
text_on_legwear,7,69,,Chưa có bản dịch
text_on_briefs,7,69,,Chưa có bản dịch
wind_chime_focus,0,69,,Chưa có bản dịch
bowser_logo_thong,7,69,,Chưa có bản dịch
pixelated_text,7,68,,Chưa có bản dịch
purple_text_border,7,67,,Chưa có bản dịch
bubble_text,7,67,,Chưa có bản dịch
pinyin_text,0,66,,Chưa có bản dịch
switch_logo,7,65,,Chưa có bản dịch
fullbody_straitjacket,7,65,,Chưa có bản dịch
pred_pov,7,64,pred_point_of_view,Chưa có bản dịch
danish_text,0,64,danish,Chưa có bản dịch
time_signature,0,64,,Chưa có bản dịch
underflowing_text,7,63,,Chưa có bản dịch
malay_text,0,63,malay,Chưa có bản dịch
find_the_dream_view_(project_sekai),0,62,,Chưa có bản dịch
vgen_logo,0,62,,Chưa có bản dịch
nintendo_logo,7,61,,Chưa có bản dịch
red_lens,7,60,,Chưa có bản dịch
prey_focus,7,59,,Chưa có bản dịch
warped_text,7,59,,Chưa có bản dịch
blacksteel_worldwide_logo,0,59,,Chưa có bản dịch
null_focus,0,58,,Chưa có bản dịch
czech_text,0,58,,Chưa có bản dịch
creative_signature,0,58,,Chưa có bản dịch
band_logo,7,58,,Chưa có bản dịch
text_on_pasties,7,57,,Chưa có bản dịch
playboy_bunny_logo,7,57,,Chưa có bản dịch
skland_watermark,0,57,,Chưa có bản dịch
putting_in_contact_lens,0,57,,Chưa có bản dịch
outline_text,7,56,,Chưa có bản dịch
sex_toy_focus,7,56,,Chưa có bản dịch
text_on_armwear,7,56,,Chưa có bản dịch
text_box_prompt,7,55,,Chưa có bản dịch
hungarian_text,0,55,,Chưa có bản dịch
game_logo,7,55,,Chưa có bản dịch
archaic_japanese_text,0,54,,Chưa có bản dịch
faux_text,0,54,,Chưa có bản dịch
monster_energy_logo,7,54,,Chưa có bản dịch
focus_(horizon),0,54,,Chưa có bản dịch
showing_baby_to_a_supermarket_camera_(meme),0,53,absolutely_losing_it_over_this_picture_of_my_brother_with_his_baby_(meme),Chưa có bản dịch
blue_text_border,7,53,,Chưa có bản dịch
minmatar_logo_(eve_online),0,53,,Chưa có bản dịch
yellow_text_box,7,53,,Chưa có bản dịch
laterano_logo,0,53,,Chưa có bản dịch
color_coded_text_box,7,52,,Chưa có bản dịch
source_filmmaker_logo,7,52,,Chưa có bản dịch
tengwar_text,0,52,,Chưa có bản dịch
text_only,7,51,,Chưa có bản dịch
blue_text_box,7,50,,Chưa có bản dịch
star_after_text,7,49,,Chưa có bản dịch
perspective-incorrect_topwear,7,49,,Chưa có bản dịch
victoria_logo,0,49,,Chưa có bản dịch
instant_camera,7,49,,Chưa có bản dịch
gyakkou_no_lens_flare_(project_sekai),0,48,backlight_lens_flare_(project_sekai),Chưa có bản dịch
n64_logo,7,47,,Chưa có bản dịch
yellow_lens,7,46,,Chưa có bản dịch
dokkiri_camera,0,46,,Chưa có bản dịch
apple_logo,0,46,,Chưa có bản dịch
nirvana_logo,7,46,,Chưa có bản dịch
digimon_focus,0,46,,Chưa có bản dịch
circle_logo,0,46,,Chưa có bản dịch
batman_logo,7,46,,Chưa có bản dịch
iberia_logo,0,45,,Chưa có bản dịch
pride_color_logo,7,45,,Chưa có bản dịch
text_on_coffee_mug,7,45,,Chưa có bản dịch
sega_logo,7,44,,Chưa có bản dịch
scottish_english_text,0,44,,Chưa có bản dịch
boosty_logo,0,44,,Chưa có bản dịch
perspective-incorrect_bottomwear,7,44,,Chưa có bản dịch
college_logo,7,43,,Chưa có bản dịch
ornament_focus,0,43,,Chưa có bản dịch
colored_contact_lens,0,42,,Chưa có bản dịch
patreon_logo_censor,0,42,,Chưa có bản dịch
snout_focus,7,42,,Chưa có bản dịch
blue_lens,7,42,,Chưa có bản dịch
oral_focus,7,42,,Chưa có bản dịch
obscured_text,7,41,,Chưa có bản dịch
redacted_text,7,41,,Chưa có bản dịch
red_text_border,7,41,,Chưa có bản dịch
recaptcha_logo,0,41,,Chưa có bản dịch
alternate_angle,7,40,,Chưa có bản dịch
translucent_logo,7,40,,Chưa có bản dịch
gold_text,7,40,,Chưa có bản dịch
abyssal_hunters_logo,0,40,,Chưa có bản dịch
babel_logo_(arknights),0,40,,Chưa có bản dịch
hindi_text,0,40,hindi,Chưa có bản dịch
portrait_graffiti,7,39,,Chưa có bản dịch
plot_focus,7,39,,Chưa có bản dịch
under_view,7,39,,Chưa có bản dịch
arius_branch_school_logo,0,39,,Chưa có bản dịch
dark_text_border,7,39,,Chưa có bản dịch
pawprint_in_signature,7,39,,Chưa có bản dịch
valkyrie_police_academy_logo,0,38,,Chưa có bản dịch
close-up_bubbles,7,38,,Chưa có bản dịch
focus_sash,0,38,,Chưa có bản dịch
cantonese_text,0,38,cantonese,Chưa có bản dịch
game_boy_logo,7,37,,Chưa có bản dịch
text_on_helmet,7,37,,Chưa có bản dịch
adidas_logo,7,37,,Chưa có bản dịch
portal_amputated_bodyparts_in_view,7,36,,Chưa có bản dịch
text_on_thigh_highs,7,36,,Chưa có bản dịch
close_view,7,36,,Chưa có bản dịch
logo_censor,7,35,,Chưa có bản dịch
pink_lens,7,35,,Chưa có bản dịch
italic_text,7,35,,Chưa có bản dịch
spider-man_logo,0,35,,Chưa có bản dịch
anamorphic_lens_flare,7,35,,Chưa có bản dịch
text_on_cup,7,34,,Chưa có bản dịch
upside_down_text,7,34,,Chưa có bản dịch
photo_date_watermark,0,34,,Chưa có bản dịch
zoom_lens,0,34,,Chưa có bản dịch
pink_text_box,7,34,,Chưa có bản dịch
red_text_outline,7,33,,Chưa có bản dịch
painted_text,7,33,,Chưa có bản dịch
unobtrusive_watermark,7,32,,Chưa có bản dịch
vault-tec_logo,7,32,,Chưa có bản dịch
starfox_logo,7,31,,Chưa có bản dịch
pinterest_logo,0,31,,Chưa có bản dịch
camera_flash_overexposure,0,31,,Chưa có bản dịch
downward_angle,7,31,,Chưa có bản dịch
window_view,7,31,,Chưa có bản dịch
cum_text,7,31,,Chưa có bản dịch
turkish_text,0,31,turkish,Chưa có bản dịch
stereographic_panorama,7,30,,Chưa có bản dịch
hearts_around_signature,7,30,,Chưa có bản dịch
older_focus,7,30,,Chưa có bản dịch
text_outside_panel,7,30,,Chưa có bản dịch
text_on_object,7,30,,Chưa có bản dịch
red_army_logo_(eddsworld),0,30,,Chưa có bản dịch
rear_view_mirror,7,30,,Chưa có bản dịch
violence_focus,7,30,,Chưa có bản dịch
name_in_text,7,30,,Chưa có bản dịch
circled_text,7,29,,Chưa có bản dịch
pride_color_artist_logo,7,29,,Chưa có bản dịch
atari_logo,7,29,,Chưa có bản dịch
bust_statue,7,29,,Chưa có bản dịch
nintendo_switch_logo,0,29,,Chưa có bản dịch
text_on_box,7,29,,Chưa có bản dịch
dreamcast_logo,7,29,,Chưa có bản dịch
rabbit_house_logo,0,29,,Chưa có bản dịch
fantasy_text,0,29,,Chưa có bản dịch
aerial_view,7,29,,Chưa có bản dịch
bottom_focus,7,29,,Chưa có bản dịch
translucent_text_box,7,29,,Chưa có bản dịch
vsf_logo,0,28,,Chưa có bản dịch
doorbell_camera,7,28,,Chưa có bản dịch
abstract_text,7,28,,Chưa có bản dịch
black_lens,7,28,,Chưa có bản dịch
sample_text,7,28,,Chưa có bản dịch
serbo-croatian_text,0,28,serbo-croatian,Chưa có bản dịch
kazakh_text,0,27,,Chưa có bản dịch
green_text_box,7,27,,Chưa có bản dịch
gravitational_lens,0,27,,Chưa có bản dịch
shanhaijing_secondary_school_logo,0,27,,Chưa có bản dịch
orange_lens,7,26,,Chưa có bản dịch
focus_viewfinder,0,26,camera_focus,Chưa có bản dịch
beretta_de_camera,0,26,,Chưa có bản dịch
pink_text_border,7,25,,Chưa có bản dịch
vkontakte_logo,0,25,,Chưa có bản dịch
side_view_mirror,7,25,,Chưa có bản dịch
balls_close-up,7,25,,Chưa có bản dịch
antique_camera,0,24,,Chưa có bản dịch
25_perspective_box_exercise,0,24,,Chưa có bản dịch
off_camera,7,24,,Chưa có bản dịch
enjoying_view,7,24,,Chưa có bản dịch
irish_text,0,24,,Chưa có bản dịch
itaku_logo,7,24,,Chưa có bản dịch
overhead_view,7,23,,Chưa có bản dịch
british_english_text,0,23,,Chưa có bản dịch
detached_lens,0,23,detached_camera_lens,Chưa có bản dịch
illegible_signature,7,23,,Chưa có bản dịch
sheath_focus,7,23,,Chưa có bản dịch
logo_background,7,23,,Chưa có bản dịch
text_box_drop_shadow,7,23,,Chưa có bản dịch
resolution_comparison_(meme),0,23,,Chưa có bản dịch
medic_logo_(arknights),0,23,,Chưa có bản dịch
green_lens,7,23,,Chưa có bản dịch
star_before_text,7,23,,Chưa có bản dịch
camera_lights,7,22,,Chưa có bản dịch
star_after_signature,7,22,,Chưa có bản dịch
confusing_perspective,7,22,,Chưa có bản dịch
rotated_text,7,22,,Chưa có bản dịch
contact_lens_case,0,22,,Chưa có bản dịch
romanian_text,0,22,romanian,Chưa có bản dịch
green_text_border,7,22,,Chưa có bản dịch
pokemon_logo,7,22,,Chưa có bản dịch
background_focus,7,22,,Chưa có bản dịch
text_input_box,7,22,,Chưa có bản dịch
small_text,7,22,,Chưa có bản dịch
bowser_logo_jockstrap,7,22,,Chưa có bản dịch
imp-print_text,7,21,,Chưa có bản dịch
star_bokeh,7,21,,Chưa có bản dịch
huge_resolution,7,21,,Chưa có bản dịch
mongolian_text,0,21,,Chưa có bản dịch
forehead_touch_perspective_(meme),0,21,,Chưa có bản dịch
360_panorama,0,21,,Chưa có bản dịch
extreme_perspective,7,21,,Chưa có bản dịch
pornhub_logo,7,21,,Chưa có bản dịch
heart_in_logo,7,20,,Chưa có bản dịch
panning_camera,0,20,,Chưa có bản dịch
minnan_text,0,20,,Chưa có bản dịch
text_color_change,7,20,,Chưa có bản dịch
text_on_onesie,7,20,,Chưa có bản dịch
text_on_weapon,0,20,,Chưa có bản dịch
self-portrait_(object),0,20,,Chưa có bản dịch
perspective_speech_bubble,7,20,,Chưa có bản dịch
larger_focus,7,20,,Chưa có bản dịch
imperial_logo_(star_wars),0,20,,Chưa có bản dịch
