balls,7,1409557,"ball_sack,balls_under,ballsac,ballsack,bals,human_ball,human_ball_sack,human_balls,human_ballsack,human_scrotum,human_testes,human_testicle,human_testicles,humanoid_ball,humanoid_ball_sack,humanoid_balls,humanoid_ballsack,humanoid_scrotum,humanoid_testes,humanoid_testicle,humanoid_testicles,scrotum,testes,testicals,testicle",Tinh hoàn
weapon,0,994090,"weaponry,weapons",Vũ khí
food,0,834547,food_porn,Thức ăn
male_penetrating,7,658840,"male_penetrating_alien,male_penetrating_robot",Nhân vật nam chủ động thâm nhập
furniture,7,432602,,Đồ nội thất
sword,0,428930,swords,Kiếm
bed,0,382364,beds,Giường
pillow,0,317325,"cushions,pillows,pilow,pilows",Gối
on_bed,0,288272,,Nằm trên giường
sex_toy,0,249548,"black_sex_toy,blue_sex_toy,brown_sex_toy,green_sex_toy,grey_sex_toy,orange_sex_toy,pink_sex_toy,purple_sex_toy,red_sex_toy,sex-toy,sex_toys,sextoy,sextoys,tan_sex_toy,teal_sex_toy,toy_sex,white_sex_toy,yellow_sex_toy",Đồ chơi tình dục
gun,0,247894,"firearm,firearms,guns,sidearm",Súng
book,0,235692,books,Sách
phone,0,221312,"phones,telephone",Điện thoại
chair,0,213106,chairs,Ghế
fruit,0,206801,fruits,Trái cây
robot,0,192619,"female_robot,fembot,robotgirl,robots",Người máy
table,0,184886,tables,Bàn
cellphone,0,179995,"cell_phone,celphone,keitai,mobile_phone",Điện thoại di động
machine,0,161246,"machinery,machines,mech,mechanical",Chưa có bản dịch
bed_sheet,0,146343,"bed_sheets,bedsheet,bedsheets,sheet,sheets",Chưa có bản dịch
smartphone,0,144288,"smart_phone,smarthphone,smartphones",Chưa có bản dịch
stuffed_toy,0,121730,"plush,plush_toy,stuffed_doll",Chưa có bản dịch
knife,0,109162,knives,Chưa có bản dịch
melee_weapon,7,91763,"melee,melee_weapons",Chưa có bản dịch
katana,0,88113,"katanas,samurai_sword",Chưa có bản dịch
bedroom,0,86151,"bed_room,bedchamber,bedroom_background,bedroom_setting",Phòng ngủ
instrument,0,81961,instruments,Chưa có bản dịch
ball,0,78177,,Chưa có bản dịch
desk,0,74827,desks,Chưa có bản dịch
vehicle,7,69471,vehicles,Chưa có bản dịch
rifle,0,66364,rifles,Chưa có bản dịch
sex_toy_insertion,7,65728,sex_toy_penetration,Chưa có bản dịch
motor_vehicle,0,65051,,Chưa có bản dịch
on_chair,0,55635,,Chưa có bản dịch
car,0,50741,"automobile,cars",Chưa có bản dịch
object_in_ass,7,47888,,Chưa có bản dịch
sex_toy_in_ass,7,44668,sextoy_in_ass,Chưa có bản dịch
ball_gag,0,44498,"ball-gag,ballgag,ballgagged,gag_ball,gagball",Chưa có bản dịch
open_book,0,42720,,Chưa có bản dịch
computer,0,39799,"computers,coputer,gaming_computer,gaming_pc,pc",Chưa có bản dịch
poke_ball,0,39783,"monster_ball,poke_balls,pokeballs",Chưa có bản dịch
object_insertion,0,39156,insertion,Chưa có bản dịch
guitar,0,37663,,Chưa có bản dịch
bookshelf,0,35370,"book_shelf,bookcase,bookshelves",Chưa có bản dịch
poke_ball_(basic),0,27227,poke_ball_(generic),Chưa có bản dịch
assault_rifle,0,26561,assualt_rifle,Chưa có bản dịch
school_desk,0,26250,,Chưa có bản dịch
plug_(sex_toy),7,23918,"plug_(sextoy),sex_toy_plug,sexual_plug",Chưa có bản dịch
military_vehicle,0,23218,,Chưa có bản dịch
electric_guitar,0,21329,,Chưa có bản dịch
scabbard,0,21145,sword_sheath,Chưa có bản dịch
playing_instrument,0,20904,playing_musical_instrument,Chưa có bản dịch
anal_object_insertion,0,20612,"anal_insertion,anal_object_push",Chưa có bản dịch
weapon_on_back,0,18772,,Chưa có bản dịch
laptop,0,18598,,Chưa có bản dịch
vaginal_object_insertion,0,17620,"vaginal_insertion,vaginal_object_push",Chưa có bản dịch
ball_fondling,7,17319,"ball_cradling,ball_fondle,balls_fondle,balls_fondling,caressing_balls,fondling_balls,rubbing_balls",Chưa có bản dịch
vegetable,0,16913,vegetables,Chưa có bản dịch
motorcycle,0,16516,motorbike,Chưa có bản dịch
musical_instrument,7,16228,"instrument_(music),instrument_(musical),instruments_(music),instruments_(musical),music_instrument,music_instruments,musical_instruments",Chưa có bản dịch
toy,0,16018,toys,Chưa có bản dịch
submachine_gun,0,15349,"smg,sub-machine_gun,submachinegun",Chưa có bản dịch
on_table,0,15299,,Chưa có bản dịch
balls_outline,7,15219,"ball_outline,ballsack_outline",Chưa có bản dịch
warfaremachine_(modeler),9,14903,"warfare_machine_(modeler),warfare_machine_(modeller),warfaremachine_(modeller)",Người đóng góp
robot_joints,0,14591,,Chưa có bản dịch
sniper_rifle,0,14484,monotone_sniper_rifle,Chưa có bản dịch
oversized_object,0,14417,,Chưa có bản dịch
head_on_pillow,0,14280,,Chưa có bản dịch
office_chair,0,14071,"computer_chair,desk_chair",Chưa có bản dịch
ball_size_difference,7,14017,"ball-sack_size_difference,ball_sack_size_difference,balls-sack_size_difference,balls_sack_size_difference,balls_size_difference,ballsack_size_difference,ballssack_size_difference,scrotum_size_difference,testes_size_difference,testicle_size_difference,testicles_size_difference",Chưa có bản dịch
floating_object,0,13927,,Chưa có bản dịch
chair_position,7,13398,"inverse_mastery_position,reverse_mastery_position",Chưa có bản dịch
on_desk,0,13201,,Chưa có bản dịch
book_stack,0,13132,"stack_of_books,stacked_books",Chưa có bản dịch
ball_slap,7,13128,"ball_slapping,balls_slap,balls_slapping,slapping_ball,slapping_balls",Chưa có bản dịch
swivel_chair,0,13104,,Chưa có bản dịch
object_head,0,12688,,Chưa có bản dịch
blood_on_weapon,0,12308,"bloody_sword,bloody_weapon",Chưa có bản dịch
object_on_head,0,12280,,Chưa có bản dịch
lap_pillow,0,12095,"head_in_lap,hizamakura,lappillow",Chưa có bản dịch
computer_keyboard,0,11983,"gaming_keyboard,keyboard_(computer)",Chưa có bản dịch
food_print,0,11584,food_pattern,Chưa có bản dịch
school_chair,0,11558,,Chưa có bản dịch
pillow_hug,0,11556,,Chưa có bản dịch
penetrable_sex_toy,7,11480,"artificial_pussy,artificial_vagina,flesh_light,fleshlight,masturbation_sleeve,masturbator,penetrable,penetrable_sex_toys,penetrable_sextoy,penetrable_sextoys,penetrables,pocket_pussy,pussy_penetrable_sex_toy",Chưa có bản dịch
water_gun,0,11434,"squirt_gun,watergun",Chưa có bản dịch
food_fetish,7,11203,"sitophile,sitophilia",Chưa có bản dịch
string_instrument,7,11160,"chordophone,chordophones,string_instruments,stringed_instrument,stringed_instruments",Chưa có bản dịch
machine_gun,0,11075,"general-purpose_machine_gun,machinegun",Chưa có bản dịch
heart-shaped_food,0,10989,,Chưa có bản dịch
improvised_sex_toy,0,10838,improvised_sextoy,Chưa có bản dịch
humanoid_robot,0,10580,,Chưa có bản dịch
flip_phone,0,10510,,Chưa có bản dịch
bicycle,0,10496,bike,Chưa có bản dịch
scientific_instrument,7,10398,"scentific_instrument,scientific_instruments",Chưa có bản dịch
milking_machine,0,10373,"lactation_pump,milker",Chưa có bản dịch
plucked_string_instrument,7,9869,,Chưa có bản dịch
animal_sex_toy,7,9740,,Chưa có bản dịch
energy_sword,0,9683,beam_saber,Chưa có bản dịch
food_play,7,9129,foodplay,Chưa có bản dịch
non-humanoid_robot,0,8995,,Chưa có bản dịch
planted_sword,0,8908,sword_stuck_in_ground,Chưa có bản dịch
robot_girl,0,8803,,Chưa có bản dịch
pistol,7,8743,pistols,Chưa có bản dịch
computer_mouse,0,8718,mouse_(computer),Chưa có bản dịch
ball_lick,7,8460,"ball_licking,balls_lick,balls_licking,licking_balls",Chưa có bản dịch
sword_on_back,0,8204,,Chưa có bản dịch
bass_guitar,0,8122,"bass,bass_(guitar),bass_(instrument),bass_(musical_instrument),bass_instrument,electric_bass,electric_bass_guitar",Chưa có bản dịch
cock_and_ball_torture,7,8102,"cabt,cock_and_balls_torture,control_bestow_therapy",Chưa có bản dịch
fruit_print,0,7772,,Chưa có bản dịch
under_table,0,7696,"under_desk,under_the_desk,under_the_table",Chưa có bản dịch
glowing_weapon,0,7598,,Chưa có bản dịch
energy_gun,0,7554,,Chưa có bản dịch
car_interior,0,7548,,Chưa có bản dịch
pool_toy,7,7278,"pool_toys,pooltoy,pooltoys",Chưa có bản dịch
piano,0,7265,"acoustic_piano,analog_piano,electric_piano,manual_piano",Chưa có bản dịch
medical_instrument,7,7256,"doctor_equipment,doctor_instrument,doctor_instruments,doctor_tool,doctor_tools,medical_device,medical_devices,medical_equipment,medical_instruments,medical_machine,medical_machines,medical_tool,medical_tools,medicinal_equipment,medicinal_equipments,medicinal_instrument,medicinal_instruments,medicinal_machine,medicinal_machines,medicinal_tool,medicinal_tools,medicine_equipment,medicine_instrument,medicine_instruments,medicine_machine,medicine_machines,medicine_tool,medicine_tools",Chưa có bản dịch
scrotal_raphe,7,7218,"ball_seam,balls_seam",Chưa có bản dịch
truck,0,7209,"lorry,lorry_(car),lorry_(truck),lorry_car,lorry_truck,truck_(car),truck_(vehicle),truck_car,truck_vehicle",Chưa có bản dịch
table_lotus_position,7,7190,table_lotus,Chưa có bản dịch
inside_vehicle,7,6894,,Chưa có bản dịch
ball_grab,7,6766,"ballcaress,balls_grab,cupping_balls,grabbing_balls,groping_balls",Chưa có bản dịch
soccer_ball,0,6696,"football_(object),soccer_balls,soccerball",Chưa có bản dịch
lounge_chair,0,6581,deckchair,Chưa có bản dịch
frilled_pillow,0,6359,,Chưa có bản dịch
inside_car,7,6331,in_car,Chưa có bản dịch
fake_phone_screenshot,0,6108,lock_screen,Chưa có bản dịch
food_on_head,0,5993,,Chưa có bản dịch
pillow_grab,0,5615,grabbing_pillow,Chưa có bản dịch
vending_machine,0,5567,,Chưa có bản dịch
eating_food,7,5557,"eating_burger,eating_pizza,snacking",Chưa có bản dịch
instrument_case,0,5529,,Chưa có bản dịch
telekinesis,0,5451,"object_manipulation,psychokinesis,psycokinesis",Chưa có bản dịch
heart-shaped_pillow,0,5441,,Chưa có bản dịch
object_namesake,0,5201,,Chưa có bản dịch
balls_expansion,7,5102,"ball_expansion,testicle_expansion,testicle_growth",Chưa có bản dịch
fucking_machine,7,5066,"fuck_machine,fuckmachine",Chưa có bản dịch
wooden_table,0,5024,,Chưa có bản dịch
acoustic_guitar,0,4962,,Chưa có bản dịch
inflatable_toy,0,4961,,Chưa có bản dịch
corded_phone,0,4881,,Chưa có bản dịch
beach_ball,7,4853,,Chưa có bản dịch
wheelchair,0,4777,wheel_chair,Chưa có bản dịch
glowing_sword,0,4687,,Chưa có bản dịch
poke_ball_print,0,4493,,Chưa có bản dịch
playing_guitar,0,4487,,Chưa có bản dịch
talking_on_phone,0,4469,,Chưa có bản dịch
inanimate_transformation,7,4465,"inanimate_object_tf,inanimate_object_transformation,inanimate_tf,object_tf,object_transformation",Chưa có bản dịch
beam_rifle,0,4434,,Chưa có bản dịch
guitar_case,0,4369,,Chưa có bản dịch
ball_suck,7,4330,"ball_sucking,balls_suck,ballsuck,ballsucking,sucking_balls",Chưa có bản dịch
gaming_chair,0,4323,gamer_chair,Chưa có bản dịch
energy_ball,0,4311,,Chưa có bản dịch
tablecloth,0,4120,table_cloth,Chưa có bản dịch
gatling_gun,0,4078,gatling,Chưa có bản dịch
blood_on_knife,0,3995,"blood-stained_knife,bloody_knife",Chưa có bản dịch
folding_chair,0,3967,,Chưa có bản dịch
desk_lamp,0,3958,,Chưa có bản dịch
grand_piano,0,3958,,Chưa có bản dịch
kalashnikov_rifle,0,3904,kalashinkov_rifle,Chưa có bản dịch
short_sword,0,3900,,Chưa có bản dịch
sports_car,0,3898,supercar,Chưa có bản dịch
feeding_viewer,0,3887,incoming_food,Chưa có bản dịch
fast_food,0,3842,fastfood,Chưa có bản dịch
playing_music,7,3815,"playing_music_instrument,playing_musical_instrument",Chưa có bản dịch
poke_ball_symbol,0,3797,,Chưa có bản dịch
tennis_ball,0,3741,tennis_balls,Chưa có bản dịch
kitchen_knife,0,3727,,Chưa có bản dịch
hospital_bed,0,3672,,Chưa có bản dịch
breath_weapon,0,3648,,Chưa có bản dịch
spoken_object,0,3631,,Chưa có bản dịch
washing_machine,0,3623,,Chưa có bản dịch
gun_sling,0,3613,"sling,sling_(firearms)",Chưa có bản dịch
pov_across_table,0,3599,,Chưa có bản dịch
instrument_case_on_back,0,3531,,Chưa có bản dịch
on_motorcycle,0,3467,,Chưa có bản dịch
oversized_food,0,3462,,Chưa có bản dịch
master_sword,0,3449,,Chưa có bản dịch
food_insertion,0,3448,,Chưa có bản dịch
sex_machine,0,3415,dildo_machine,Chưa có bản dịch
anti-materiel_rifle,0,3400,"anti-material_rifle,anti-tank_rifle,anti_materiel_rifle",Chưa có bản dịch
super_robot,0,3326,,Chưa có bản dịch
cum_on_bed,0,3270,,Chưa có bản dịch
sword_of_hisou,0,3264,,Chưa có bản dịch
object_through_head,0,3232,,Chưa có bản dịch
caressing_testicles,0,3219,"ball_caress,fondling_testicles",Chưa có bản dịch
in_food,0,3196,girl_in_food,Chưa có bản dịch
wooden_sword,0,3145,wood_sword,Chưa có bản dịch
yes-no_pillow,0,3052,,Chưa có bản dịch
round_table,0,3048,,Chưa có bản dịch
robot_animal,0,3023,"animal_robot,mechanical_animal",Chưa có bản dịch
drawing_sword,0,3003,,Chưa có bản dịch
floating_weapon,0,3000,,Chưa có bản dịch
ball_worship,7,2970,"ball_worship_during_sex,cuddling_balls",Chưa có bản dịch
antique_phone,0,2934,antique_telephone,Chưa có bản dịch
reading_book,7,2887,,Chưa có bản dịch
motorcycle_helmet,0,2887,,Chưa có bản dịch
wooden_chair,0,2823,,Chưa có bản dịch
flaming_weapon,0,2805,"burning_weapon,fiery_weapon,fire_weapon,flame_weapon",Chưa có bản dịch
nightstand,0,2788,"bedstand,night_stand,night_table",Chưa có bản dịch
buster_sword,0,2739,,Chưa có bản dịch
on_car,0,2730,,Chưa có bản dịch
transparent_sex_toy,7,2652,"translucent_sex_toy,translucent_sextoy",Chưa có bản dịch
elbows_on_table,0,2547,,Chưa có bản dịch
rotary_phone,0,2503,,Chưa có bản dịch
battle_rifle,0,2497,,Chưa có bản dịch
sex_toy_background,7,2488,,Chưa có bản dịch
computer_monitor,7,2470,,Chưa có bản dịch
on_pillow,0,2438,,Chưa có bản dịch
exercise_ball,0,2410,"balance_ball,fitness_ball,gym_ball,yoga_ball",Chưa có bản dịch
fruit_tree,0,2409,"fruit_trees,fruittree,fruittrees",Chưa có bản dịch
race_vehicle,0,2367,,Chưa có bản dịch
m1911,0,2355,"colt_m1911,m1911_pistol",Chưa có bản dịch
phone_call,7,2341,,Chưa có bản dịch
commercial_vehicle,7,2318,commercial_motor_vehicle,Chưa có bản dịch
object_in_pocket,0,2305,,Chưa có bản dịch
bed_covers,7,2242,"bed_cover,bedcovers,covers",Chưa có bản dịch
spoken_food,0,2213,spoken_meat,Chưa có bản dịch
flaming_sword,0,2205,"burning_sword,fiery_sword,flame_sword",Chưa có bản dịch
broken_weapon,0,2195,,Chưa có bản dịch
knife_sheath,0,2182,knife_holster,Chưa có bản dịch
police_car,0,2182,cop_car,Chưa có bản dịch
light_machine_gun,0,2152,,Chưa có bản dịch
devil_fruit_power,0,2147,,Chưa có bản dịch
beach_chair,7,2121,sun_chair,Chưa có bản dịch
on_bicycle,0,2108,,Chưa có bản dịch
pillow_humping,0,2085,"fucking_pillow,humping_pillow,pillow_fuck,pillow_fucking,pillow_hump,pillow_masturbation,pillow_ride,pillow_riding,pillow_sex,riding_pillow",Chưa có bản dịch
food_bite,0,2081,,Chưa có bản dịch
wood_furniture,7,2078,wooden_furniture,Chưa có bản dịch
volleyball_net,0,2065,"volley_ball_net,volleyball_(net)",Chưa có bản dịch
percussion_instrument,7,2056,percussion_instruent,Chưa có bản dịch
zabuton,0,2054,seiza_pillow,Chưa có bản dịch
wind_instrument,7,2041,,Chưa có bản dịch
yarn_ball,0,2012,yarnball,Chưa có bản dịch
pet_food,0,1995,"dog-food,dog_food,dogfood,doggie-food,doggie_food,doggiefood,doggy-food,doggy_food,doggyfood",Chưa có bản dịch
toy_gun,0,1971,,Chưa có bản dịch
alternate_weapon,0,1930,"/awe,alternative_weapon",Chưa có bản dịch
testicle_sucking,0,1927,"ball_sucking,sucking_testicles",Chưa có bản dịch
boxcutter,0,1921,"stationery_knife,utility_knife",Chưa có bản dịch
ultra_ball,0,1919,"hyper_ball,ultraball",Chưa có bản dịch
keyboard_instrument,7,1913,,Chưa có bản dịch
character_prepared_as_food,7,1861,"cooking_vore,cooking_with_furs,cooking_with_scalies,prep_vore,preparation_vore",Chưa có bản dịch
playing_piano,0,1832,,Chưa có bản dịch
billiard_table,0,1829,"billiards_table,pool_table,pooltable,snooker_table",Chưa có bản dịch
bad_food,0,1822,"disgusting_food,food_of_doom",Chưa có bản dịch
shinai,0,1820,bamboo_sword,Chưa có bản dịch
armored_vehicle,0,1814,,Chưa có bản dịch
urethral_insertion,0,1809,urethral_object_push,Chưa có bản dịch
elbow_on_table,0,1790,,Chưa có bản dịch
food_art,0,1782,,Chưa có bản dịch
ball_bulge,7,1777,,Chưa có bản dịch
harness_ball_gag,7,1748,,Chưa có bản dịch
floating_book,0,1741,,Chưa có bản dịch
bondage_furniture,7,1721,,Chưa có bản dịch
energy_weapon,0,1696,,Chưa có bản dịch
ball_sniffing,7,1695,"ball_sniff,sniffing_balls",Chưa có bản dịch
phone_screen,7,1691,,Chưa có bản dịch
drupe_(fruit),7,1672,"drupe_fruit,stone_fruit",Chưa có bản dịch
poker_table,0,1651,,Chưa có bản dịch
cum_on_food,0,1649,,Chưa có bản dịch
clothed_robot,0,1636,,Chưa có bản dịch
simulated_fellatio,0,1626,oral_object_insertion,Chưa có bản dịch
living_sex_toy,7,1616,,Chưa có bản dịch
character-themed_food,0,1616,"character-shaped_food,character_food",Chưa có bản dịch
bent_over_furniture,0,1615,,Chưa có bản dịch
canopy_bed,0,1611,four-poster_bed,Chưa có bản dịch
combat_knife,0,1605,,Chưa có bản dịch
weapon_case,0,1597,gun_case,Chưa có bản dịch
suggestive_food,7,1594,,Chưa có bản dịch
ball_squeeze,7,1573,squeezing_balls,Chưa có bản dịch
glass_table,0,1570,,Chưa có bản dịch
basketball,7,1552,basket_ball,Chưa có bản dịch
billiard_ball,0,1546,"billiard_balls,pool_ball,pool_balls,snooker_ball",Chưa có bản dịch
coffee_table,0,1507,,Chưa có bản dịch
ball_and_chain_restraint,0,1502,,Chưa có bản dịch
food-themed_background,0,1488,food_themed_background,Chưa có bản dịch
fruit_on_head,0,1469,,Chưa có bản dịch
throwing_knife,0,1463,,Chưa có bản dịch
broken_sword,0,1457,,Chưa có bản dịch
food_wrapper,0,1456,,Chưa có bản dịch
object_penetration,7,1447,,Chưa có bản dịch
poke_ball_theme,0,1419,,Chưa có bản dịch
object_in_urethra,7,1418,,Chưa có bản dịch
table_humping,0,1416,tablesex,Chưa có bản dịch
sex_on_bed,7,1413,,Chưa có bản dịch
vehicle_for_hire,7,1412,,Chưa có bản dịch
at_computer,0,1409,"using_computer,using_laptop",Chưa có bản dịch
object_in_pussy,7,1406,,Chưa có bản dịch
animal-themed_food,0,1405,,Chưa có bản dịch
sex_toy_fellatio,7,1404,,Chưa có bản dịch
food_in_ass,0,1393,"food_in_anus,food_in_butt",Chưa có bản dịch
lap_pillow_invitation,0,1386,,Chưa có bản dịch
human_furniture,0,1382,,Chưa có bản dịch
fixed_toy,7,1363,,Chưa có bản dịch
chair_bondage,7,1363,,Chưa có bản dịch
furniture_lamp,7,1355,"bedside_lamp,lamp_(furniture),table_lamp",Chưa có bản dịch
vehicle_interior,0,1336,,Chưa có bản dịch
blood_on_object,0,1331,,Chưa có bản dịch
sharing_sex_toy,7,1328,shared_sex_toy,Chưa có bản dịch
tied_to_chair,0,1326,,Chưa có bản dịch
bicycle_basket,0,1322,,Chưa có bản dịch
chocolate-covered_food,0,1321,,Chưa có bản dịch
ball_and_chain_(weapon),0,1319,meteor_hammer,Chưa có bản dịch
swinging_weapon,0,1312,,Chưa có bản dịch
themed_object,0,1303,,Chưa có bản dịch
red_ball_gag,7,1296,,Chưa có bản dịch
laundry_machine,7,1296,,Chưa có bản dịch
object_vore,7,1296,,Chưa có bản dịch
bed_frame,0,1279,bedframe,Chưa có bản dịch
smartphone_case,0,1277,,Chưa có bản dịch
fruit_as_cup,0,1272,fruit_cup,Chưa có bản dịch
ball_squish,7,1268,"balls_squish,squished_ball,squished_balls,squishy_balls",Chưa có bản dịch
floating_sword,0,1262,"floating_swords,flying_sword",Chưa có bản dịch
gun_on_back,0,1258,rifle_on_back,Chưa có bản dịch
against_furniture,7,1246,,Chưa có bản dịch
bunk_bed,0,1243,bunkbed,Chưa có bản dịch
robot_boy,0,1242,,Chưa có bản dịch
pov_across_bed,0,1241,,Chưa có bản dịch
book_on_lap,0,1227,,Chưa có bản dịch
tablet_computer,7,1227,,Chưa có bản dịch
car_seat,0,1221,carseat,Chưa có bản dịch
on_food,0,1215,,Chưa có bản dịch
shared_object_insertion,0,1206,"shared_dildo,shared_insertion",Chưa có bản dịch
parking_lot,0,1205,car_park,Chưa có bản dịch
food_delivery,7,1192,,Chưa có bản dịch
piano_keys,0,1183,,Chưa có bản dịch
vehicle_name,0,1174,,Chưa có bản dịch
weapon_tassel,0,1174,pommel_tassel,Chưa có bản dịch
licking_testicle,0,1160,"ball_licking,lick_balls,licking_testicles,testicle_licking",Chưa có bản dịch
red_car,0,1157,,Chưa có bản dịch
disco_ball,0,1142,,Chưa có bản dịch
food_packaging,0,1141,,Chưa có bản dịch
white_pillow,7,1140,,Chưa có bản dịch
cute_weapon,0,1134,pink_weapon,Chưa có bản dịch
sex_toy_in_urethra,7,1133,sextoy_in_urethra,Chưa có bản dịch
arisaka,0,1129,"type_30_rifle,type_38_carbine,type_38_rifle,type_44_carbine,type_99_short_rifle",Chưa có bản dịch
bed_bondage,7,1129,,Chưa có bản dịch
dragon_ball_(object),0,1127,dragonball_(object),Chưa có bản dịch
food_name,0,1124,,Chưa có bản dịch
gun_to_own_head,0,1124,,Chưa có bản dịch
tickling_machine,0,1119,tickle_machine,Chưa có bản dịch
woodwind_instrument,7,1118,,Chưa có bản dịch
pink_pillow,0,1110,,Chưa có bản dịch
sharing_food,0,1104,,Chưa có bản dịch
ray_gun,0,1099,,Chưa có bản dịch
sword_tassel,0,1090,"portepee,saber_knot,sabre_knot,sword_knot,temlyak",Chưa có bản dịch
vehicle_and_personification,0,1085,,Chưa có bản dịch
dusk_ball,0,1063,dark_ball,Chưa có bản dịch
against_table,0,1060,,Chưa có bản dịch
hisuian_poke_ball,0,1052,poke_ball_(legends),Chưa có bản dịch
police_vehicle,0,1047,,Chưa có bản dịch
whip_sword,0,1041,,Chưa có bản dịch
burping_up_object,7,1039,"burping_up_item,burping_up_items,burping_up_objects",Chưa có bản dịch
throwing_object,7,1037,,Chưa có bản dịch
ball_stretcher,7,1036,ball_weight,Chưa có bản dịch
cum_in_sex_toy,7,1032,"cum_in_fleshlight,cum_in_toy",Chưa có bản dịch
food-themed_creature,0,1031,food_animal,Chưa có bản dịch
phone_booth,0,1018,"phonebooth,telephone_booth",Chưa có bản dịch
master_ball,0,1006,masterball,Chưa có bản dịch
cursed_object,7,1006,cursed_item,Chưa có bản dịch
wood_table,7,1002,"wood_tables,wooden_tables",Chưa có bản dịch
pillow_bite,0,981,"bite_pillow,biting_pillow,pillow_biting,pillowbite,pillowbiting",Chưa có bản dịch
spellbook,7,981,spell_book,Chưa có bản dịch
balljob,0,980,"ball_fuck,nutjob",Chưa có bản dịch
piano_print,0,974,,Chưa có bản dịch
landline_phone,7,968,,Chưa có bản dịch
guitar_strap,0,967,,Chưa có bản dịch
anti-aircraft_gun,0,955,aa_gun,Chưa có bản dịch
aegis_sword_(xenoblade),0,952,,Chưa có bản dịch
deck_chair,0,951,,Chưa có bản dịch
great_ball,0,950,super_ball,Chưa có bản dịch
temari_ball,0,947,,Chưa có bản dịch
ball_inflation,7,946,,Chưa có bản dịch
head_on_table,0,934,,Chưa có bản dịch
human_chair,0,925,,Chưa có bản dịch
on_furniture,7,912,,Chưa có bản dịch
flower_bed,0,909,flowerbed,Chưa có bản dịch
table_tennis_paddle,0,907,"ping-pong_paddle,ping-pong_racket,ping_pong_paddle,ping_pong_racket,table_tennis_racket",Chưa có bản dịch
strapped_in_toy,7,900,,Chưa có bản dịch
computer_tower,0,893,desktop_tower,Chưa có bản dịch
bedwetting,0,884,bed_wetting,Chưa có bản dịch
pointing_melee_weapon,0,878,,Chưa có bản dịch
arcade_machine,7,872,,Chưa có bản dịch
heavy_machine_gun,0,860,,Chưa có bản dịch
white_car,0,851,,Chưa có bản dịch
piano_bench,0,846,,Chưa có bản dịch
bent_over_table,7,832,,Chưa có bản dịch
luxury_ball,0,830,,Chưa có bản dịch
ball_of_yarn,7,829,ball_of_string,Chưa có bản dịch
weapon_in_garters,0,827,,Chưa có bản dịch
spiked_ball_and_chain,0,821,,Chưa có bản dịch
tracked_vehicle,7,818,,Chưa có bản dịch
blue_car,0,818,,Chưa có bản dịch
bed_invitation,0,817,,Chưa có bản dịch
sheathed_weapon,7,812,,Chưa có bản dịch
rifle_cartridge,0,811,,Chưa có bản dịch
canned_food,0,809,,Chưa có bản dịch
bowling_ball,0,807,,Chưa có bản dịch
ball_slip,7,800,balls_slip,Chưa có bản dịch
living_weapon,0,798,"living_weaponry,living_weapons,weapon_creature,weaponry_creature,weapons_creature",Chưa có bản dịch
improvised_weapon,0,794,,Chưa có bản dịch
love_ball,0,794,love_love_ball,Chưa có bản dịch
toy_car,0,790,model_car,Chưa có bản dịch
on_phone,7,776,,Chưa có bản dịch
bike_jersey,0,766,bicycle_jersey,Chưa có bản dịch
sports_utility_vehicle,0,760,suv,Chưa có bản dịch
pile_of_books,0,759,book_pile,Chưa có bản dịch
pointing_at_object,0,754,,Chưa có bản dịch
massage_table,0,753,massage_bed,Chưa có bản dịch
vehicle_destruction,7,745,,Chưa có bản dịch
ball_tattoo,7,738,"ball_tattoos,balls_tattoo,balls_tattoos,tattoo_on_ball,tattoo_on_balls,tattooed_ball,tattooed_balls",Chưa có bản dịch
computer_screen,7,732,,Chưa có bản dịch
flavored_cum,7,723,food_cum,Chưa có bản dịch
dropping_object,7,721,,Chưa có bản dịch
robot_dog,0,714,,Chưa có bản dịch
on_ball,0,702,,Chưa có bản dịch
robot_dragon,0,702,,Chưa có bản dịch
shared_bed,0,701,,Chưa có bản dịch
food_theft,0,697,stealing_food,Chưa có bản dịch
double_blade,0,696,"double-blade,two-bladed_sword",Chưa có bản dịch
toy_block,0,694,,Chưa có bản dịch
car_sex,7,687,,Chưa có bản dịch
surgical_instrument,7,686,,Chưa có bản dịch
sex_toy_pull,0,682,anal_beads_pull,Chưa có bản dịch
detailed_food,7,681,food_porn,Chưa có bản dịch
airborne_object,7,678,,Chưa có bản dịch
steaming_food,0,677,,Chưa có bản dịch
sword_of_the_creator,0,676,,Chưa có bản dịch
sword_of_st._catherine_(fate),0,676,,Chưa có bản dịch
offering_food,0,666,,Chưa có bản dịch
sewing_machine,0,665,,Chưa có bản dịch
boobs_in_book_(meme),0,663,,Chưa có bản dịch
lunatic_gun,0,663,,Chưa có bản dịch
red_pillow,0,661,,Chưa có bản dịch
shooting_gun,7,659,,Chưa có bản dịch
d-sword,0,657,,Chưa có bản dịch
heart_pillow,7,657,"<3-shaped_pillow,<3-shaped_pillows,<3_pillow,<3_pillows,<3_shaped_pillow,<3_shaped_pillows,heart-shaped_pillows,heart_pillows,heart_shaped_pillow,heart_shaped_pillows,hearts-shaped_pillow,hearts-shaped_pillows,hearts_pillow,hearts_pillows,hearts_shaped_pillow,hearts_shaped_pillows",Chưa có bản dịch
casino_card_table,0,656,,Chưa có bản dịch
sex_in_car,7,656,,Chưa có bản dịch
slot_machine,0,649,,Chưa có bản dịch
ball_tugging,7,647,,Chưa có bản dịch
table_tennis,0,645,"ping-pong,ping_pong",Chưa có bản dịch
fruit_background,0,641,/fruitbg,Chưa có bản dịch
brass_instrument,7,641,"labrophone,labrophones,labrosone,labrosones",Chưa có bản dịch
star-shaped_pillow,0,637,,Chưa có bản dịch
neck_pillow,0,635,,Chưa có bản dịch
cum_on_furniture,7,634,,Chưa có bản dịch
concealed_weapon,0,633,,Chưa có bản dịch
against_desk,0,631,,Chưa có bản dịch
bar_phone,0,630,,Chưa có bản dịch
broken_sex_toy,7,628,,Chưa có bản dịch
lube_on_sex_toy,7,628,,Chưa có bản dịch
toy_hammer,0,625,squeaky_mallet,Chưa có bản dịch
ball_busting,0,617,tamakeri,Chưa có bản dịch
machine_bondage,7,615,,Chưa có bản dịch
striped_pillow,0,614,,Chưa có bản dịch
sword_writing,0,613,,Chưa có bản dịch
premier_ball,0,613,,Chưa có bản dịch
pokeball_insertion,7,612,"inserting_poke_ball,inserting_pokeball,inserting_poké_ball,inserting_pokéball,poké_ball_insertion,pokéball_insertion",Chưa có bản dịch
thompson_submachine_gun,0,606,tommy_gun,Chưa có bản dịch
restraining_table,7,604,,Chưa có bản dịch
bicycle_helmet,0,604,,Chưa có bản dịch
wumpa_fruit,0,604,,Chưa có bản dịch
pinned_to_bed,7,602,,Chưa có bản dịch
feature_phone,0,600,,Chưa có bản dịch
blue_pillow,0,597,,Chưa có bản dịch
pet_bed,0,596,"pet-bed,pet-beds,pet_beds,petbed,petbeds",Chưa có bản dịch
gun_to_another's_head,0,594,,Chưa có bản dịch
ball_markings,7,593,"ball_markigns,ball_marking,ball_sack_marking,ball_sack_markings,ball_sacks_marking,ball_sacks_markings,balls_marking,balls_markings,ballsack_marking,ballsack_markings,ballsacks_marking,ballsacks_markings,scrotum_marking,scrotum_markings,scrotums_marking,scrotums_markings,testical_marking,testical_markings,testicals_marking,testicals_markings,testicle_marking,testicle_markings,testicles_marking,testicles_markings",Chưa có bản dịch
threatening_with_weapon,7,592,,Chưa có bản dịch
roulette_table,0,592,,Chưa có bản dịch
table_sex,7,590,tablesex,Chưa có bản dịch
hidden_sex_toy,7,590,stealth_sex_toy,Chưa có bản dịch
vanity_table,0,584,dressing_table,Chưa có bản dịch
knife_play,7,584,knifeplay,Chưa có bản dịch
ball_growth,7,578,testicle_growth,Chưa có bản dịch
dakimakura_pillow,7,578,,Chưa có bản dịch
two-handed_sword,0,577,,Chưa có bản dịch
reclined_table_lotus,7,576,,Chưa có bản dịch
laser_gun,7,575,,Chưa có bản dịch
long_sword,0,573,,Chưa có bản dịch
yellow_car,0,569,,Chưa có bản dịch
weapon_formation,0,568,,Chưa có bản dịch
phone_number,0,566,telephone_number,Chưa có bản dịch
plasma_gun,7,566,,Chưa có bản dịch
food_penetration,7,562,penetrating_food,Chưa có bản dịch
rocking_chair,0,562,,Chưa có bản dịch
fruit_tart,0,561,,Chưa có bản dịch
fruit_bowl,0,561,,Chưa có bản dịch
easy_chair,0,560,,Chưa có bản dịch
ball_nuzzling,7,558,,Chưa có bản dịch
dive_ball,0,556,,Chưa có bản dịch
black_car,0,554,,Chưa có bản dịch
book_on_head,0,551,,Chưa có bản dịch
picnic_table,0,550,,Chưa có bản dịch
holstered_pistol,7,545,,Chưa có bản dịch
pointing_sword,0,542,,Chưa có bản dịch
sex_toy_transformation,7,541,,Chưa có bản dịch
ball_gown,7,540,ballgown,Chưa có bản dịch
fast_food_employee,7,538,,Chưa có bản dịch
spiked_ball,0,536,spike_ball,Chưa có bản dịch
changing_table,7,535,,Chưa có bản dịch
food_truck,0,534,ice_cream_truck,Chưa có bản dịch
playing_bass_guitar,0,533,,Chưa có bản dịch
lifeguard_chair,0,533,,Chưa có bản dịch
cum_on_table,7,533,,Chưa có bản dịch
weapon_name,0,531,,Chưa có bản dịch
upright_piano,0,529,,Chưa có bản dịch
showing_phone,0,529,,Chưa có bản dịch
licking_weapon,0,526,,Chưa có bản dịch
steel_ball_(jojo),0,524,steel_ball,Chưa có bản dịch
ball_rope,7,524,"ballrope,balls_rope,ballsrope",Chưa có bản dịch
cum_on_object,0,523,,Chưa có bản dịch
gridiron_ball,7,517,american_football_ball,Chưa có bản dịch
photocopier,0,511,copy_machine,Chưa có bản dịch
assisted_object_insertion,0,510,,Chưa có bản dịch
food_writing,0,510,,Chưa có bản dịch
using_pokeball,7,507,using_poke_ball,Chưa có bản dịch
book_holster,0,504,,Chưa có bản dịch
butter_knife,0,503,,Chưa có bản dịch
wood_chair,7,499,"wood_chairs,wooden_chairs",Chưa có bản dịch
licking_food,0,495,licking_fruit,Chưa có bản dịch
pokeball_collar,7,494,"poke_ball_collar,poké_ball_collar,pokéball_collar",Chưa có bản dịch
table_tennis_ball,0,494,ping_pong_ball,Chưa có bản dịch
stun_gun,0,492,,Chưa có bản dịch
weapon_penetration,7,487,,Chưa có bản dịch
ball_stretching,7,485,,Chưa có bản dịch
electroshock_weapon,7,484,,Chưa có bản dịch
string_phone,0,482,"cup_phone,tin_can_phone",Chưa có bản dịch
sentient_stuffed_toy,0,482,,Chưa có bản dịch
mahjong_table,0,481,,Chưa có bản dịch
comic_book,7,479,comic_books,Chưa có bản dịch
freckled_balls,7,476,"ball_freckles,balls_freckles,freckles_on_balls",Chưa có bản dịch
peeing_on_furniture,7,475,,Chưa có bản dịch
vacuum_bed,0,471,vacbed,Chưa có bản dịch
knights_of_the_round_table_(fate),0,470,,Chưa có bản dịch
car_wash,7,470,carwash,Chưa có bản dịch
doodled_object,0,469,,Chưa có bản dịch
polka_dot_pillow,0,469,,Chưa có bản dịch
knife_in_head,0,463,,Chưa có bản dịch
burnt_food,0,453,,Chưa có bản dịch
cum_as_food,7,450,,Chưa có bản dịch
too_much_food,0,449,,Chưa có bản dịch
wireless_sex_toy_controller,0,446,wireless_sex_toy_control,Chưa có bản dịch
pointing_gun,7,444,,Chưa có bản dịch
sword_of_dios,0,444,,Chưa có bản dịch
toy_selection,7,443,,Chưa có bản dịch
exercise_machine,0,443,,Chưa có bản dịch
car_crash,0,442,,Chưa có bản dịch
cat-shaped_pillow,0,440,cat_pillow,Chưa có bản dịch
pokeball_sex_toy,7,440,"poke_ball_sex_toy,poke_ball_sextoy,pokeball_sextoy,poké_ball_sex_toy,poké_ball_sextoy,pokéball_sex_toy,pokéball_sextoy",Chưa có bản dịch
fantasy_weapon,7,438,,Chưa có bản dịch
purple_pillow,0,438,,Chưa có bản dịch
on_book,0,438,,Chưa có bản dịch
cradling_phone,0,438,,Chưa có bản dịch
oversized_ball_gag,7,437,,Chưa có bản dịch
fruit_basket,0,437,,Chưa có bản dịch
sleeping_on_desk,0,436,,Chưa có bản dịch
levitating_object,7,433,,Chưa có bản dịch
giving_food,0,432,,Chưa có bản dịch
examination_table,0,432,exam_table,Chưa có bản dịch
sword_print,0,431,,Chưa có bản dịch
censored_food,0,429,,Chưa có bản dịch
aiming_weapon,7,426,,Chưa có bản dịch
manually-operated_mounted_gun,0,426,,Chưa có bản dịch
big_ball_gag,7,423,,Chưa có bản dịch
washing_vehicle,0,419,washing_tank,Chưa có bản dịch
bondage_chair,7,418,,Chưa có bản dịch
quick_ball,0,417,,Chưa có bản dịch
discarded_sex_toy,7,415,,Chưa có bản dịch
on_pool_toy,7,414,,Chưa có bản dịch
ball_crush,7,413,,Chưa có bản dịch
reaching_for_object,7,411,,Chưa có bản dịch
print_pillow,0,410,,Chưa có bản dịch
ornate_weapon,0,409,,Chưa có bản dịch
equipment_layout,0,408,weapon_loadout,Chưa có bản dịch
character_pillow,0,405,,Chưa có bản dịch
food-themed_ornament,0,403,food_themed_ornament,Chưa có bản dịch
effects_pedal,0,402,guitar_pedal,Chưa có bản dịch
nyotaimori,0,400,serving_food_on_female,Chưa có bản dịch
pushing_toy_out,7,399,dildo_shitting,Chưa có bản dịch
weapon_strap,0,397,,Chưa có bản dịch
object_and_personification,0,397,,Chưa có bản dịch
food_bowl,7,395,"dog_bowl,food-bowl,food-bowls,food-dish,food-dishes,food_bowls,food_dish,food_dishes,foodbowl,foodbowls,fooddish,fooddishes",Chưa có bản dịch
exposed_testicle,7,393,ball_exposure,Chưa có bản dịch
food_transformation,7,392,"food_tf,tf_into_food,transformation_into_food",Chưa có bản dịch
food_in_pussy,7,391,,Chưa có bản dịch
cordless_phone,0,391,,Chưa có bản dịch
dropped_food,0,389,,Chưa có bản dịch
animate_object,0,387,,Chưa có bản dịch
waist_poke_ball,0,384,waist_pokeball,Chưa có bản dịch
deck_chair_position,7,383,,Chưa có bản dịch
smoking_gun,7,383,,Chưa có bản dịch
crushed_vehicle,7,381,,Chưa có bản dịch
bent_over_desk,7,376,,Chưa có bản dịch
mixing_console,0,375,"mixer_(console),mixing_table",Chưa có bản dịch
spinning_weapon,0,373,"twirling_knife,twirling_weapon",Chưa có bản dịch
ball_and_chain,7,364,,Chưa có bản dịch
golf_ball,0,364,,Chưa có bản dịch
computer_chip,0,364,,Chưa có bản dịch
needle_sword,0,364,,Chưa có bản dịch
spiked_sex_toy,7,364,,Chưa có bản dịch
car_trunk,0,363,,Chưa có bản dịch
animal_pool_toy,7,362,,Chưa có bản dịch
human_on_robot,7,361,,Chưa có bản dịch
weather_instrument,7,361,,Chưa có bản dịch
hover_vehicle,0,360,,Chưa có bản dịch
weapon_connection,0,359,,Chưa có bản dịch
tied_to_bed,0,357,,Chưa có bản dịch
sharing_penetrable_sex_toy,7,353,"shared_masturbator,shared_penetrable_sex_toy,sharing_masturbator",Chưa có bản dịch
comically_large_object,7,351,,Chưa có bản dịch
grey_car,0,351,gray_car,Chưa có bản dịch
flipping_food,0,349,,Chưa có bản dịch
milking_table,0,349,,Chưa có bản dịch
minecraft_sword,0,347,,Chưa có bản dịch
toy_airplane,0,346,,Chưa có bản dịch
green_pillow,0,345,,Chưa có bản dịch
carrot-shaped_pillow,0,344,carrot_pillow,Chưa có bản dịch
bedside_table,7,342,,Chưa có bản dịch
swordfish,0,338,sword_fish,Chưa có bản dịch
adapted_weapon,0,337,,Chưa có bản dịch
eating_non-food,0,337,,Chưa có bản dịch
glowing_object,0,335,,Chưa có bản dịch
gun_holster,7,331,,Chưa có bản dịch
unconventional_vehicle,0,328,,Chưa có bản dịch
toy_train,0,326,,Chưa có bản dịch
embedded_penetrable_sex_toy,7,319,,Chưa có bản dịch
sheathed_sword,7,318,,Chưa có bản dịch
cocking_gun,0,317,racking_slide,Chưa có bản dịch
flying_car,0,313,,Chưa có bản dịch
plaid_pillow,0,312,,Chưa có bản dịch
gumball_machine,0,312,,Chưa có bản dịch
cum_in_food,7,310,,Chưa có bản dịch
object_ingestion,7,310,,Chưa có bản dịch
ball_smother,7,309,ball_smothering,Chưa có bản dịch
cum_on_pillow,7,309,,Chưa có bản dịch
planted_knife,0,309,,Chưa có bản dịch
watermelon_beachball,0,308,watermelon_beach_ball,Chưa có bản dịch
ball_pit,0,307,,Chưa có bản dịch
food_dressed,7,306,,Chưa có bản dịch
garrote,0,306,piano_wire,Chưa có bản dịch
white_bed_sheet,7,305,,Chưa có bản dịch
transparent_ball,0,303,,Chưa có bản dịch
boys_anti_tank_rifle,0,303,,Chưa có bản dịch
robot_bird,0,302,mechanical_bird,Chưa có bản dịch
testicular_pregnancy,7,300,"ball_pregnancy,balls_pregnancy,pregnant_ball,pregnant_balls,pregnant_testicle,pregnant_testicles,testicle_pregnancy",Chưa có bản dịch
high_chair,0,298,"baby_chair,highchair",Chưa có bản dịch
borrowed_weapon,0,298,,Chưa có bản dịch
classroom_desk,7,296,,Chưa có bản dịch
dragon_fruit,0,295,"dragonfruit,pitahaya,pitaya",Chưa có bản dịch
prosthetic_weapon,0,294,,Chưa có bản dịch
object_humping,7,293,humping_object,Chưa có bản dịch
heal_ball,0,292,,Chưa có bản dịch
smash_ball,0,291,,Chưa có bản dịch
human_penetrating_robot,7,289,,Chưa có bản dịch
magic_book,7,289,,Chưa có bản dịch
grabbing_object,7,288,,Chưa có bản dịch
on_weapon,0,288,,Chưa có bản dịch
car_keys,0,286,,Chưa có bản dịch
toy_sword,0,285,,Chưa có bản dịch
golden_sword,0,284,,Chưa có bản dịch
laser_rifle,0,284,,Chưa có bản dịch
animal-shaped_pillow,0,284,animal_pillow,Chưa có bản dịch
sex_toy_in_cloaca,7,282,sextoy_in_cloaca,Chưa có bản dịch
table_knife,0,281,,Chưa có bản dịch
destroyed_vehicle,7,281,,Chưa có bản dịch
camping_chair,0,280,,Chưa có bản dịch
recreational_vehicle,0,280,"rv,rv_(vehicle)",Chưa có bản dịch
food_container,7,280,,Chưa có bản dịch
food-themed_pillow,0,278,food_themed_pillow,Chưa có bản dịch
bad_dragon_toy,7,277,"bad_dragon_dildo,dildo_(bad_dragon)",Chưa có bản dịch
big_sword,7,276,,Chưa có bản dịch
cat_toy,7,276,"cat-toy,cattoy",Chưa có bản dịch
firing_weapon,7,274,,Chưa có bản dịch
food_carrier,7,274,,Chưa có bản dịch
ball_insertion,0,274,,Chưa có bản dịch
creature_as_food,0,273,pokemon_as_food,Chưa có bản dịch
flag_on_vehicle,0,272,,Chưa có bản dịch
on_piano,0,271,,Chưa có bản dịch
sword_in_head,0,271,,Chưa có bản dịch
end_table,7,271,,Chưa có bản dịch
sex_on_table,7,270,fucking_on_table,Chưa có bản dịch
gun_on_bipod,0,270,,Chưa có bản dịch
rugby_ball,0,268,,Chưa có bản dịch
vaginal_fluids_on_pillow,7,268,,Chưa có bản dịch
pussy_juice_on_pillow,7,267,,Chưa có bản dịch
flavored_pussy_juice,7,264,food_pussy_juice,Chưa có bản dịch
broken_furniture,0,264,,Chưa có bản dịch
lifting_object,0,263,,Chưa có bản dịch
fast_food_restaurant,7,263,,Chưa có bản dịch
thompson_gun,7,261,tommy_gun,Chưa có bản dịch
food_in_stomach,7,260,,Chưa có bản dịch
against_object,0,259,,Chưa có bản dịch
tranquilizer,7,258,tranquilizer_gun,Chưa có bản dịch
cookbook,0,258,cook_book,Chưa có bản dịch
checkered_pillow,0,257,,Chưa có bản dịch
glistening_sex_toy,7,256,shiny_sex_toy,Chưa có bản dịch
ornate_furniture,7,255,,Chưa có bản dịch
weapon_on_floor,0,252,,Chưa có bản dịch
guitar_pick,7,252,,Chưa có bản dịch
mewtwo_clone_machine,7,251,,Chưa có bản dịch
ankle_gun,0,251,,Chưa có bản dịch
red_bed_sheet,7,251,,Chưa có bản dịch
top-load_washing_machine,0,250,,Chưa có bản dịch
anal_ball_wear,0,249,,Chưa có bản dịch
spreader_toy,7,248,,Chưa có bản dịch
pointing_gun_at_viewer,7,248,,Chưa có bản dịch
rally_car,0,246,,Chưa có bản dịch
hanging_food,0,246,,Chưa có bản dịch
sword_clash,0,246,,Chưa có bản dịch
chinese_food,0,245,,Chưa có bản dịch
food_gag,0,244,,Chưa có bản dịch
object_between_buttocks,7,244,,Chưa có bản dịch
ball_joints,7,243,,Chưa có bản dịch
nest_ball,0,242,,Chưa có bản dịch
hiding_behind_object,7,242,,Chưa có bản dịch
under_bed,0,242,,Chưa có bản dịch
licking_object,0,240,,Chưa có bản dịch
book_title,7,240,,Chưa có bản dịch
toy_packaging,0,239,,Chưa có bản dịch
wooden_desk,0,239,,Chưa có bản dịch
threaded_by_object,7,239,,Chưa có bản dịch
race_car,7,238,racing_car,Chưa có bản dịch
folding_knife,0,237,pocketknife,Chưa có bản dịch
nuclear_weapon,0,237,atomic_bomb,Chưa có bản dịch
metal_table,7,237,,Chưa có bản dịch
throwing_poke_ball,0,236,,Chưa có bản dịch
furniture_damage,7,235,,Chưa có bản dịch
adapted_object,0,235,,Chưa có bản dịch
star-shaped_food,0,234,,Chưa có bản dịch
under_table_footjob,7,234,,Chưa có bản dịch
sword_hilt,0,234,,Chưa có bản dịch
metal_ball,0,232,,Chưa có bản dịch
palette_knife,0,232,,Chưa có bản dịch
monobloc_chair,0,230,monobloc_(chair),Chưa có bản dịch
yellow_pillow,0,230,,Chưa có bản dịch
broadsword,7,229,broad_sword,Chưa có bản dịch
green_car,0,229,,Chưa có bản dịch
dog_toy,7,229,"dog-toy,doggie-toy,doggie_toy,doggietoy,doggy-toy,doggy_toy,doggytoy,dogtoy",Chưa có bản dịch
dinner_table,7,229,,Chưa có bản dịch
cotton_ball,0,228,,Chưa có bản dịch
ordering_food,7,228,,Chưa có bản dịch
flare_gun,0,228,,Chưa có bản dịch
phone_on_wall,0,228,,Chưa có bản dịch
slide_phone,0,227,,Chưa có bản dịch
portal_gun,7,227,,Chưa có bản dịch
transformation_through_food,7,227,,Chưa có bản dịch
moonlight_greatsword,0,226,"dark_moon_greatsword,holy_moonlight_sword",Chưa có bản dịch
phone_in_pocket,0,225,,Chưa có bản dịch
vintage_car,7,225,,Chưa có bản dịch
delivery_vehicle,7,223,,Chưa có bản dịch
chew_toy,0,223,,Chưa có bản dịch
pilot_chair,0,222,,Chưa có bản dịch
air_guitar,0,222,,Chưa có bản dịch
phone_sex,0,222,,Chưa có bản dịch
plasma_rifle,0,221,,Chưa có bản dịch
ball_bondage,7,221,cock_bondage,Chưa có bản dịch
dog_bed,7,220,"dog-bed,dog-beds,dog_beds,dogbed,dogbeds,doggie-bed,doggie-beds,doggie_bed,doggie_beds,doggiebed,doggiebeds,doggy-bed,doggy-beds,doggy_bed,doggy_beds,doggybed,doggybeds",Chưa có bản dịch
bedhead,7,220,"bed_head,morning_hair,morning_head",Chưa có bản dịch
escudo_sword_(rayearth),0,217,,Chưa có bản dịch
object_on_lap,0,216,,Chưa có bản dịch
pokeball_vore,7,216,poke_ball_vore,Chưa có bản dịch
extended_range_bass_guitar,0,215,,Chưa có bản dịch
toy_robot,0,215,,Chưa có bản dịch
weapon_background,0,214,sword_background,Chưa có bản dịch
nameless_axe-sword_(fate),0,213,,Chưa có bản dịch
moon_ball,0,213,,Chưa có bản dịch
weapon_charm,0,213,,Chưa có bản dịch
occult_ball,0,213,,Chưa có bản dịch
butcher_knife,7,212,,Chưa có bản dịch
weapon_energy,0,212,,Chưa có bản dịch
blowing_on_food,0,211,,Chưa có bản dịch
picture_book,0,211,,Chưa có bản dịch
weaponized_instrument,0,210,,Chưa có bản dịch
against_vehicle,0,209,,Chưa có bản dịch
ringing_phone,7,209,phone_ringing,Chưa có bản dịch
wrist_weapon,7,209,,Chưa có bản dịch
on_vehicle,7,207,,Chưa có bản dịch
reverse_table_lotus_position,7,207,,Chưa có bản dịch
serving_food,7,207,,Chưa có bản dịch
glistening_weapon,7,206,,Chưa có bản dịch
seven-branched_sword,0,206,shichishitou,Chưa có bản dịch
falling_object,0,206,,Chưa có bản dịch
gynecological_chair,7,205,,Chưa có bản dịch
extended_range_guitar,0,203,,Chưa có bản dịch
bicycle_pump,0,202,bike_pump,Chưa có bản dịch
practice_sword,7,201,,Chưa có bản dịch
furniture_noises,7,201,,Chưa có bản dịch
butt_pillow,7,200,,Chưa có bản dịch
time_machine,0,200,,Chưa có bản dịch
5-string_bass_guitar,0,199,,Chưa có bản dịch
fruit_sandwich,0,199,,Chưa có bản dịch
against_bed,0,199,,Chưa có bản dịch
transformation_by_pokeball,7,198,transformation_by_poke_ball,Chưa có bản dịch
camouflage_paint,0,197,camouflaged_object,Chưa có bản dịch
robot_gore,7,196,robogore,Chưa có bản dịch
black_ball_gag,7,196,,Chưa có bản dịch
stepping_on_object,0,195,,Chưa có bản dịch
7-string_guitar,0,195,,Chưa có bản dịch
operating_table,0,194,,Chưa có bản dịch
ball_spanking,7,194,,Chưa có bản dịch
great_knife,0,193,,Chưa có bản dịch
red_chair,7,193,,Chưa có bản dịch
pink_car,0,193,,Chưa có bản dịch
dropped_object,0,192,,Chưa có bản dịch
food_censorship,7,192,,Chưa có bản dịch
broken_bed,7,192,,Chưa có bản dịch
under_table_oral,7,191,,Chưa có bản dịch
implied_object_insertion,0,191,,Chưa có bản dịch
sex_toy_in_slit,7,191,,Chưa có bản dịch
toy_poodle,0,191,,Chưa có bản dịch
driving_car,7,189,,Chưa có bản dịch
favonius_sword_(genshin_impact),0,189,,Chưa có bản dịch
fretless_instrument,0,189,,Chưa có bản dịch
pink_bed,7,189,,Chưa có bản dịch
food_gore,7,188,,Chưa có bản dịch
sword_of_kusanagi,0,188,kusanagi_no_tsurugi_(sword),Chưa có bản dịch
claw_machine,7,187,,Chưa có bản dịch
wrist_computer,0,186,,Chưa có bản dịch
beast_ball,0,186,,Chưa có bản dịch
yes_pillow,7,185,,Chưa có bản dịch
lawn_chair,7,185,,Chưa có bản dịch
unconventional_guitar,0,184,,Chưa có bản dịch
pectoral_pillow,0,184,,Chưa có bản dịch
liquid_weapon,0,183,,Chưa có bản dịch
erdrick's_sword,0,183,,Chưa có bản dịch
cleaning_weapon,0,183,,Chưa có bản dịch
toy_mouse,0,183,mouse_toy,Chưa có bản dịch
object_insertion_from_behind,0,182,,Chưa có bản dịch
shinji_in_a_chair_(meme),0,182,,Chưa có bản dịch
sword-swallowing_fellatio,0,182,"downwards_fellatio,vertical_fellatio",Chưa có bản dịch
invisible_table,0,182,,Chưa có bản dịch
in_washing_machine,0,182,,Chưa có bản dịch
ball_bite,7,182,ball_biting,Chưa có bản dịch
throwing_food,0,182,thrown_food,Chưa có bản dịch
pink_ball_gag,7,181,,Chưa có bản dịch
blood_sword,0,181,,Chưa có bản dịch
penetrable_sex_toy_insertion,7,181,,Chưa có bản dịch
aiming_gun,7,180,,Chưa có bản dịch
blender_(machine),7,180,blender_machine,Chưa có bản dịch
luxury_car,7,180,luxury_vehicle,Chưa có bản dịch
rifle_sling,7,179,,Chưa có bản dịch
kokiri_sword,0,179,,Chưa có bản dịch
crushed_object,7,179,,Chưa có bản dịch
chain_weapon,0,179,,Chưa có bản dịch
straddling_chair,7,178,,Chưa có bản dịch
8-ball,0,177,,Chưa có bản dịch
anal_toy,7,177,,Chưa có bản dịch
flying_vehicle,0,177,,Chưa có bản dịch
bichen_sword,0,176,,Chưa có bản dịch
bladed_weapon,7,175,,Chưa có bản dịch
winged_sword,0,175,,Chưa có bản dịch
plasma_pistol,0,174,,Chưa có bản dịch
kei_car,0,174,,Chưa có bản dịch
sword_between_thighs,0,173,,Chưa có bản dịch
cum_on_chair,7,172,,Chưa có bản dịch
cracked_phone,0,172,,Chưa có bản dịch
weapon_personification,0,172,,Chưa có bản dịch
gynecology_chair,0,172,delivery_table,Chưa có bản dịch
multiple-barrel_gun,0,172,"multiple-barrel_firearm,multiple_barrel_gun",Chưa có bản dịch
massage_chair,0,171,,Chưa có bản dịch
footjob_under_table,0,171,,Chưa có bản dịch
pop-up_book,0,170,,Chưa có bản dịch
convincing_weapon,7,170,,Chưa có bản dịch
futuristic_gun,7,169,,Chưa có bản dịch
sword_in_ground,7,169,,Chưa có bản dịch
junk_food,7,169,,Chưa có bản dịch
unmanned_aerial_vehicle,0,168,,Chưa có bản dịch
self-propelled_artillery,0,168,self-propelled_gun,Chưa có bản dịch
harpoon_gun,0,168,,Chưa có bản dịch
open_poke_ball,0,167,,Chưa có bản dịch
glowing_sex_toy,7,167,,Chưa có bản dịch
office_desk,7,166,,Chưa có bản dịch
poke_ball_insertion,0,166,,Chưa có bản dịch
crushing_food,0,166,,Chưa có bản dịch
coffee_machine,7,166,,Chưa có bản dịch
vehicle_penetrated,7,166,,Chưa có bản dịch
crimes_against_food,0,166,food_atrocities,Chưa có bản dịch
oversized_weapon,7,165,,Chưa có bản dịch
colt_commando,0,163,car-15,Chưa có bản dịch
planted_gun,0,163,,Chưa có bản dịch
pool_chair,7,163,,Chưa có bản dịch
feces_as_food,7,163,,Chưa có bản dịch
purple_bed_sheet,7,162,,Chưa có bản dịch
ball_play,7,162,,Chưa có bản dịch
blue_rose_sword,0,161,,Chưa có bản dịch
gun_to_head,7,160,,Chưa có bản dịch
aperture_science_handheld_portal_device,0,160,portal_gun_(portal),Chưa có bản dịch
penetrable_booty_toy,7,160,,Chưa có bản dịch
flintlock_pistol,7,159,,Chưa có bản dịch
zaisu,0,159,tatami_chair,Chưa có bản dịch
silver_sword_(genshin_impact),0,158,,Chưa có bản dịch
pk_machine_gun,0,158,,Chưa có bản dịch
syringe_gun,0,158,,Chưa có bản dịch
weight_machine,0,157,,Chưa có bản dịch
discarded_object,7,156,,Chưa có bản dịch
beam_gun,0,155,,Chưa có bản dịch
golden_gun,0,155,,Chưa có bản dịch
cum_on_desk,0,155,,Chưa có bản dịch
giant_food,7,154,,Chưa có bản dịch
heavy_ball,0,154,,Chưa có bản dịch
blue_bed_sheet,7,154,,Chưa có bản dịch
8_ball,7,153,8ball,Chưa có bản dịch
garden_chair,0,153,,Chưa có bản dịch
blood_on_sword,7,153,,Chưa có bản dịch
instrument_on_back,0,152,,Chưa có bản dịch
police_motorcycle,0,151,,Chưa có bản dịch
vaginal_fluids_on_food,7,150,,Chưa có bản dịch
food_tray,7,150,,Chưa có bản dịch
broken_object,7,150,,Chưa có bản dịch
remote_control_vehicle,0,149,,Chưa có bản dịch
vehicle_insertion,7,149,,Chưa có bản dịch
ball_clench,7,149,,Chưa có bản dịch
stuffed_food,0,149,,Chưa có bản dịch
children's_book,0,148,,Chưa có bản dịch
nontraditional_poke_ball,0,148,,Chưa có bản dịch
table_of_contents,0,148,,Chưa có bản dịch
machine_penetrating,7,147,,Chưa có bản dịch
burning_vehicle,0,147,,Chưa có bản dịch
devil_fruit,0,146,,Chưa có bản dịch
dragons_fucking_cars,7,145,"dragon_car_sex,dragons_having_sex_with_cars",Chưa có bản dịch
folded_chair,0,145,,Chưa có bản dịch
ball_punching,7,144,,Chưa có bản dịch
dynamax_ball,0,144,,Chưa có bản dịch
twisted_table_lotus,7,143,,Chưa có bản dịch
object_in_feces,7,143,"objects_in_feces,objects_in_scat",Chưa có bản dịch
penetrable_sex_toy_in_ass,7,143,,Chưa có bản dịch
character_ball,0,143,,Chưa có bản dịch
friend_ball,0,143,,Chưa có bản dịch
space_sword,0,142,,Chưa có bản dịch
threaded_by_sex_toy,7,142,,Chưa có bản dịch
director's_chair,0,142,,Chưa có bản dịch
bent_over_bed,7,142,,Chưa có bản dịch
qingming_sword,0,142,,Chưa có bản dịch
phone_light,0,142,,Chưa có bản dịch
love_pillow,7,142,,Chưa có bản dịch
pool_toy_handle,7,141,,Chưa có bản dịch
ceremonial_sword_(manosaba),0,141,,Chưa có bản dịch
pink_bed_sheet,7,141,,Chưa có bản dịch
cuck_chair,7,140,,Chưa có bản dịch
orange_car,0,140,,Chưa có bản dịch
in_vehicle,7,140,,Chưa có bản dịch
on_open_book,0,139,,Chưa có bản dịch
reflective_weapon,0,139,,Chưa có bản dịch
dining_table,7,139,,Chưa có bản dịch
fairy_sword_arondight,0,139,,Chưa có bản dịch
over_table,7,138,,Chưa có bản dịch
broken_table,0,138,,Chưa có bản dịch
open_car_hood,0,138,open_hood,Chưa có bản dịch
grey_pillow,7,137,gray_pillow,Chưa có bản dịch
net_ball,0,137,,Chưa có bản dịch
gun_smoke,7,137,,Chưa có bản dịch
robot_cat,0,137,,Chưa có bản dịch
crushing_object,7,137,,Chưa có bản dịch
broken_phone,0,136,,Chưa có bản dịch
pokeball_chastity_cage,7,136,poke_ball_chastity_cage,Chưa có bản dịch
non-humanoid_machine,7,136,,Chưa có bản dịch
nantaimori,0,136,serving_food_on_male,Chưa có bản dịch
robot_sex,0,136,,Chưa có bản dịch
book_strap,0,135,,Chưa có bản dịch
road_bicycle,0,135,,Chưa có bản dịch
sword_cane,0,134,,Chưa có bản dịch
vaginal_fluids_on_object,7,134,,Chưa có bản dịch
urine_as_food,7,134,,Chưa có bản dịch
barber_chair,0,134,,Chưa có bản dịch
weapon_holster,7,134,,Chưa có bản dịch
sword_to_throat,0,134,,Chưa có bản dịch
masturbating_on_bed,7,133,,Chưa có bản dịch
vergil's_chair_(meme),0,133,,Chưa có bản dịch
organic_weapon,0,133,,Chưa có bản dịch
vehicle_chase,0,132,,Chưa có bản dịch
transparent_weapon,0,132,,Chưa có bản dịch
object_shot,7,131,,Chưa có bản dịch
food_in_urethra,7,131,,Chưa có bản dịch
chair_breaking,7,131,,Chưa có bản dịch
nambu_pistol,0,131,nambu_type_14,Chưa có bản dịch
pokeball_gag,7,131,"poke_ball_gag,poké_ball_gag,pokéball_gag",Chưa có bản dịch
machine_sex,7,130,,Chưa có bản dịch
anal_juice_on_sex_toy,7,130,,Chưa có bản dịch
food_feces,7,130,food_scat,Chưa có bản dịch
fruit_on_liquid,0,129,,Chưa có bản dịch
food_dildo,0,129,"candy_dildo,fruit_dildo,vegetable_dildo",Chưa có bản dịch
adaptive_combat_rifle,0,128,"bushmaster_acr,magpul_masada,masada_acr,remington_acr",Chưa có bản dịch
x-ray_phone,0,128,,Chưa có bản dịch
wrist_gun,7,128,,Chưa có bản dịch
laying_on_table,7,128,,Chưa có bản dịch
cork_gun,0,127,,Chưa có bản dịch
red_bed,7,127,,Chưa có bản dịch
living_chair,7,127,,Chưa có bản dịch
autopsy_table,7,127,,Chưa có bản dịch
magic_weapon,7,126,,Chưa có bản dịch
handcuffed_to_bed,7,126,,Chưa có bản dịch
cable_car,0,125,,Chưa có bản dịch
ball_in_ass,7,125,,Chưa có bản dịch
milking_machine_on_male,7,125,,Chưa có bản dịch
anal_fluids_on_object,7,125,,Chưa có bản dịch
food_stains,7,125,,Chưa có bản dịch
object_pred,7,124,,Chưa có bản dịch
living_sex_toy_use,7,124,,Chưa có bản dịch
table_flip,0,124,,Chưa có bản dịch
object_in_stomach,7,124,,Chưa có bản dịch
winged_weapon,0,123,,Chưa có bản dịch
controller_on_furniture,7,123,,Chưa có bản dịch
blue_ball_gag,7,123,,Chưa có bản dịch
cum_on_sex_toy,7,123,,Chưa có bản dịch
through_chair,7,122,,Chưa có bản dịch
floating_gun,0,122,,Chưa có bản dịch
throwing_weapon,0,121,,Chưa có bản dịch
male_non-humanoid_machine,7,120,,Chưa có bản dịch
inflatable_chair,0,120,,Chưa có bản dịch
computer_virus_(program),7,120,,Chưa có bản dịch
desk_slam,0,120,,Chưa có bản dịch
robot_fish,0,120,,Chưa có bản dịch
sport_utility_vehicle,7,119,suv,Chưa có bản dịch
gingham_pillow,0,119,,Chưa có bản dịch
pistol_holster,7,119,,Chưa có bản dịch
food_on_butt,7,119,,Chưa có bản dịch
purple_ball_gag,7,119,,Chưa có bản dịch
exiting_vehicle,0,118,,Chưa có bản dịch
bone_weapon,0,118,,Chưa có bản dịch
broom_guitar,0,118,,Chưa có bản dịch
pussy_juice_on_sex_toy,7,118,,Chưa có bản dịch
unconventional_weapon,0,118,,Chưa có bản dịch
biting_object,7,118,,Chưa có bản dịch
power_crashes_kobeni's_car_(meme),0,116,,Chưa có bản dịch
antique_car,0,116,,Chưa có bản dịch
jagged_sword,0,115,,Chưa có bản dịch
wood_desk,7,115,"wood_desks,wooden_desks",Chưa có bản dịch
torn_stuffed_toy,0,115,,Chưa có bản dịch
reclining_on_bed,7,115,,Chưa có bản dịch
gold_weapon,0,115,,Chưa có bản dịch
unusual_sex_toy,7,114,,Chưa có bản dịch
heart_bed,0,113,heart_shaped_bed,Chưa có bản dịch
gun_play,7,113,,Chưa có bản dịch
fretless_guitar,0,113,,Chưa có bản dịch
coin_sword,0,113,,Chưa có bản dịch
toy_boat,0,112,,Chưa có bản dịch
stickers_on_object,7,112,,Chưa có bản dịch
wrecking_ball,0,112,,Chưa có bản dịch
toy_box,0,112,,Chưa có bản dịch
sten_gun,0,112,,Chưa có bản dịch
floating_ball,0,112,,Chưa có bản dịch
frieren_lap_pillow_(meme),0,112,,Chưa có bản dịch
elephant_fruit,0,112,,Chưa có bản dịch
bofors_40_mm_gun,0,111,bofors_gun,Chưa có bản dịch
anal_object_extraction,0,111,,Chưa có bản dịch
dental_chair,0,111,,Chưa có bản dịch
folding_table,0,111,,Chưa có bản dịch
m3_submachine_gun,0,110,m3_greasegun,Chưa có bản dịch
object_motion_path,7,110,,Chưa có bản dịch
reflective_table,0,110,,Chưa có bản dịch
sword_of_exorcism,0,110,,Chưa có bản dịch
pokeball_diaper,7,110,poke_ball_diaper,Chưa có bản dịch
potty_chair,7,110,,Chưa có bản dịch
laying_on_pillow,7,110,,Chưa có bản dịch
flower-shaped_food,0,109,,Chưa có bản dịch
medi_gun,0,109,medigun,Chưa có bản dịch
ball_swallow,7,109,,Chưa có bản dịch
needle_rifle,7,108,,Chưa có bản dịch
sword_school_reunion_(touken_ranbu),0,108,,Chưa có bản dịch
shadow_ball_(pokemon),0,108,,Chưa có bản dịch
toy_soldier,0,108,,Chưa có bản dịch
truck_bed,7,108,,Chưa có bản dịch
unmanned_ground_vehicle,0,108,,Chưa có bản dịch
weapon_masturbation,7,108,,Chưa có bản dịch
sex_on_car,7,107,,Chưa có bản dịch
diamond_sword,7,107,,Chưa có bản dịch
human-drawn_vehicle,0,107,,Chưa có bản dịch
transparent_sword,0,107,,Chưa có bản dịch
sazae-san_food_gag_(meme),0,107,,Chưa có bản dịch
hybrid_weapon_(eve_online),0,107,,Chưa có bản dịch
upside-down_book,0,106,,Chưa có bản dịch
pokeball_neckwear,7,106,poke_ball_neckwear,Chưa có bản dịch
pokeball_kerchief,7,106,"poke_ball_bandana,poke_ball_bandanna,poke_ball_kerchief,pokeball_bandana,pokeball_bandanna",Chưa có bản dịch
pokeball_neckerchief,7,106,poke_ball_neckerchief,Chưa có bản dịch
long_table,0,106,,Chưa có bản dịch
chipped_sword,0,106,,Chưa có bản dịch
fruit_popsicle,0,105,,Chưa có bản dịch
gun_gun_cut,0,105,,Chưa có bản dịch
toy_humping,7,105,humping_toy,Chưa có bản dịch
stoner_rifle,7,105,,Chưa có bản dịch
run_over,0,105,hit_by_car,Chưa có bản dịch
glass_furniture,7,105,,Chưa có bản dịch
leather_chair,0,105,,Chưa có bản dịch
paint_gun,0,104,,Chưa có bản dịch
cherish_ball,0,104,precious_ball,Chưa có bản dịch
donut_pool_toy,7,104,,Chưa có bản dịch
bandaged_weapon,0,104,,Chưa có bản dịch
choking_on_object,0,103,choke,Chưa có bản dịch
love_guitar_rod,0,103,,Chưa có bản dịch
periodic_table,0,103,,Chưa có bản dịch
night_sky_sword,0,103,,Chưa có bản dịch
picking_fruit,0,103,,Chưa có bản dịch
animal_on_weapon,0,103,,Chưa có bản dịch
bed_curtains,7,103,,Chưa có bản dịch
humanoid_prepared_as_food,7,103,cooking_with_humanoids,Chưa có bản dịch
stained_bed_sheet,7,103,,Chưa có bản dịch
pokeball_activation_inside,7,102,"activation_poke_ball_inside,activation_pokeball_inside,poke_ball_activation_inside",Chưa có bản dịch
purple_car,0,102,,Chưa có bản dịch
pregnant_robot,7,102,,Chưa có bản dịch
floating_food,0,101,,Chưa có bản dịch
floating_weapon_behind_back,0,101,,Chưa có bản dịch
executioner's_sword,0,101,,Chưa có bản dịch
folding_bicycle,0,101,,Chưa có bản dịch
chair_tipping,0,101,,Chưa có bản dịch
glistening_object,7,101,shiny_object,Chưa có bản dịch
blaster_pistol,7,101,,Chưa có bản dịch
two_handed_sword,7,101,,Chưa có bản dịch
computer_desk,7,101,,Chưa có bản dịch
ball_leash,7,100,leashed_balls,Chưa có bản dịch
mid-century_modern_furniture,7,100,,Chưa có bản dịch
balancing_object,7,100,,Chưa có bản dịch
incoming_object,0,100,,Chưa có bản dịch
weapon_on_wall,0,100,,Chưa có bản dịch
discarded_weapon,7,100,,Chưa có bản dịch
pokeball_background,7,100,"poke_ball_bg,pokeball_bg,poké_ball_background,poké_ball_bg,pokéball_background,pokéball_bg",Chưa có bản dịch
toy_in_ass,7,100,,Chưa có bản dịch
fried_food,0,100,,Chưa có bản dịch
black_chair,7,100,,Chưa có bản dịch
tank_gun,0,100,,Chưa có bản dịch
tattoo_machine,0,99,,Chưa có bản dịch
closed_book,7,99,,Chưa có bản dịch
cucked_over_the_phone,7,98,,Chưa có bản dịch
knife_to_throat,7,98,,Chưa có bản dịch
robot_penetrated,7,98,,Chưa có bản dịch
swiss_army_knife,0,98,,Chưa có bản dịch
paopu_fruit,0,98,,Chưa có bản dịch
cooked_food,7,97,,Chưa có bản dịch
chain_gun,0,97,,Chưa có bản dịch
table_tennis_net,0,97,,Chưa có bản dịch
spanking_machine,7,97,,Chưa có bản dịch
brick_phone,0,97,,Chưa có bản dịch
casino_table,7,96,,Chưa có bản dịch
bubble_gun,0,96,,Chưa có bản dịch
big_weapon,7,96,,Chưa có bản dịch
blackjack_table,0,96,,Chưa có bản dịch
car_hood,7,96,,Chưa có bản dịch
charging_phone,7,95,,Chưa có bản dịch
white_bed,7,95,,Chưa có bản dịch
axe_guitar,0,95,,Chưa có bản dịch
object_on_pectorals,0,95,,Chưa có bản dịch
traveler's_original_sword_(genshin_impact),0,95,,Chưa có bản dịch
phone_charm,7,95,,Chưa có bản dịch
over_sex_toy,7,94,,Chưa có bản dịch
licking_knife,7,94,,Chưa có bản dịch
broken_chair,0,94,,Chưa có bản dịch
swinging_object,0,94,,Chưa có bản dịch
pillow_talk,7,94,,Chưa có bản dịch
hunting_rifle,0,93,,Chưa có bản dịch
dr._ratio's_book_(honkai:_star_rail),0,93,,Chưa có bản dịch
large_weapon,7,93,,Chưa có bản dịch
spine_sword,0,93,,Chưa có bản dịch
sloshing_machine_(splatoon),0,93,,Chưa có bản dịch
toy_dinosaur,0,92,,Chưa có bản dịch
black_knife_(elden_ring),0,92,,Chưa có bản dịch
futuristic_weapon,0,92,,Chưa có bản dịch
throw_pillow,0,92,,Chưa có bản dịch
brown_pillow,0,92,,Chưa có bản dịch
sword_surfing,0,91,,Chưa có bản dịch
ball_penetrating,7,91,,Chưa có bản dịch
food_on_floor,0,91,,Chưa có bản dịch
object_in_uterus,7,91,,Chưa có bản dịch
swallowing_pokeball,7,91,swallowing_poke_ball,Chưa có bản dịch
bound_to_object,7,91,,Chưa có bản dịch
cleaning_gun,0,90,,Chưa có bản dịch
brown_table,7,90,,Chưa có bản dịch
mondragon_rifle,0,90,,Chưa có bản dịch
bolt_pistol,0,90,,Chưa có bản dịch
electronic_musical_instrument,7,90,,Chưa có bản dịch
froggy_chair,0,90,,Chưa có bản dịch
vibrating_phone,7,90,,Chưa có bản dịch
blue_chair,7,90,,Chưa có bản dịch
purple_bed,7,89,,Chưa có bản dịch
type-1_energy_sword,0,89,,Chưa có bản dịch
food_in_pocket,0,89,,Chưa có bản dịch
squash_(fruit),7,89,"squash_(food),squash_fruit",Chưa có bản dịch
robot_penetrating,7,89,,Chưa có bản dịch
anzio_ironworks_20mm_rifle,0,89,,Chưa có bản dịch
hay_bed,7,88,,Chưa có bản dịch
mini_piano,0,88,,Chưa có bản dịch
timer_ball,0,88,,Chưa có bản dịch
phone_app,7,88,,Chưa có bản dịch
orange_pillow,7,87,,Chưa có bản dịch
warthog_vehicle_(halo),7,87,,Chưa có bản dịch
espresso_machine,0,87,,Chưa có bản dịch
repeat_ball,0,87,,Chưa có bản dịch
print_bed_sheet,0,86,,Chưa có bản dịch
at_table,7,86,,Chưa có bản dịch
morph_ball,0,86,,Chưa có bản dịch
toy_horse,0,86,,Chưa có bản dịch
gun_decal,0,86,,Chưa có bản dịch
animal-themed_vehicle,0,85,,Chưa có bản dịch
shelving_book,0,85,,Chưa có bản dịch
levin_sword,0,85,,Chưa có bản dịch
food_pips_(rain_world),7,85,,Chưa có bản dịch
pillow_fort,0,84,,Chưa có bản dịch
maxim_gun,0,83,,Chưa có bản dịch
blue_bed,7,83,,Chưa có bản dịch
shadow_ball,7,83,,Chưa có bản dịch
sakihata_rimi's_d-sword,0,83,,Chưa có bản dịch
spinning_gun,0,83,twirling_gun,Chưa có bản dịch
pussy_juice_on_bed,7,83,,Chưa có bản dịch
bead_sex_machine,0,83,,Chưa có bản dịch
food_on_pectorals,0,83,,Chưa có bản dịch
yabuki_joe_in_a_chair_(meme),0,83,,Chưa có bản dịch
red_book,7,82,,Chưa có bản dịch
dream_ball,0,82,,Chưa có bản dịch
plasma_sword,0,82,,Chưa có bản dịch
power_sword_(warhammer_40k),0,82,,Chưa có bản dịch
print_pool_toy,7,82,,Chưa có bản dịch
shared_weapon,0,82,,Chưa có bản dịch
type_56_assault_rifle,0,81,,Chưa có bản dịch
spilled_food,7,81,,Chưa có bản dịch
electric_chair,0,81,,Chưa có bản dịch
safari_ball,0,81,,Chưa có bản dịch
car_door,0,81,,Chưa có bản dịch
invisible_object,0,80,,Chưa có bản dịch
hiding_object,7,80,,Chưa có bản dịch
twirling_phone_cord,0,80,,Chưa có bản dịch
blue_sword,0,80,,Chưa có bản dịch
egg_chair,0,80,,Chưa có bản dịch
heart_guitar,0,80,,Chưa có bản dịch
donut-shaped_pillow,0,80,"donut_pillow,doughnut-shaped_pillow,doughnut_pillow",Chưa có bản dịch
food_pool_toy,7,80,,Chưa có bản dịch
instrument_connection,0,80,,Chưa có bản dịch
type_96_aa_gun,0,80,,Chưa có bản dịch
two_handed_weapon,7,79,,Chưa có bản dịch
arc_phone,0,79,arceus_phone,Chưa có bản dịch
sex_pillow,7,79,,Chưa có bản dịch
planted_weapon,7,79,,Chưa có bản dịch
car_window,7,79,,Chưa có bản dịch
precum_on_bed,7,79,,Chưa có bản dịch
blue_book,7,79,,Chưa có bản dịch
double_neck_guitar,0,78,,Chưa có bản dịch
ball_lift,7,78,,Chưa có bản dịch
against_chair,0,78,,Chưa có bản dịch
robot_pred,7,78,,Chưa có bản dịch
kobeni's_car_(chainsaw_man),0,78,,Chưa có bản dịch
wired_phone,7,78,,Chưa có bản dịch
fretless_bass_guitar,0,78,,Chưa có bản dịch
schecter_guitar,0,78,,Chưa có bản dịch
lewis_gun,0,78,,Chưa có bản dịch
butterfly_knife,7,78,,Chưa có bản dịch
azoth_knife,0,77,,Chưa có bản dịch
green_chair,7,77,,Chưa có bản dịch
pink_phone,7,77,,Chưa có bản dịch
poke_ball_background,0,77,,Chưa có bản dịch
vertical-striped_pillow,0,77,,Chưa có bản dịch
rifle_scope,7,76,,Chưa có bản dịch
laser_sword,7,76,,Chưa có bản dịch
unsheathing_weapon,7,76,,Chưa có bản dịch
ball_massage,7,76,,Chưa có bản dịch
gn_sword,0,76,,Chưa có bản dịch
bicycle_seat,0,76,,Chưa có bản dịch
car_battery,7,76,,Chưa có bản dịch
santoku_knife,0,76,,Chưa có bản dịch
flip_smartphone,0,75,garaho_flip_phone,Chưa có bản dịch
torn_pillow,0,75,ripped_pillow,Chưa có bản dịch
pinball_machine,7,75,,Chưa có bản dịch
tennis_ball_gag,7,75,,Chưa có bản dịch
dart_gun,7,75,,Chưa có bản dịch
imminent_object_insertion,0,75,,Chưa có bản dịch
lure_ball,0,74,,Chưa có bản dịch
oerlikon_20mm_gun,0,74,,Chưa có bản dịch
wet_bed,7,74,,Chưa có bản dịch
light_gun,0,74,arcade_gun,Chưa có bản dịch
brown_chair,7,74,,Chưa có bản dịch
crafting_table_(minecraft),0,74,,Chưa có bản dịch
cum_in_milking_machine,7,74,,Chưa có bản dịch
weapon_rack,0,74,,Chưa có bản dịch
black_pillow,7,74,,Chưa có bản dịch
cuck_chair_(meme),0,73,,Chưa có bản dịch
magic_sword,7,73,,Chưa có bản dịch
huge_sword,7,73,,Chưa có bản dịch
vehicle_transformation,7,73,,Chưa có bản dịch
pizza_box_computer,0,73,,Chưa có bản dịch
unconventional_police_vehicle,0,73,,Chưa có bản dịch
cat_food,7,73,"cat-food,catfood",Chưa có bản dịch
four_poster_bed,7,73,,Chưa có bản dịch
sacrificial_sword_(genshin_impact),0,73,,Chưa có bản dịch
object_in_sheath,7,72,,Chưa có bản dịch
inviting_to_bed,7,72,,Chưa có bản dịch
dildo_bicycle,7,72,,Chưa có bản dịch
red_phone,7,72,,Chưa có bản dịch
licking_sex_toy,7,72,,Chưa có bản dịch
confetti_ball,0,72,"kusudama,party_ball",Chưa có bản dịch
scout_car,0,72,,Chưa có bản dịch
inflatable_sex_toy,7,72,,Chưa có bản dịch
erotic_arcade_machine,7,71,,Chưa có bản dịch
weapon_glint,7,71,,Chưa có bản dịch
laundry_machine_stimulation,7,71,,Chưa có bản dịch
level_ball,0,71,,Chưa có bản dịch
phone_wallpaper,7,71,,Chưa có bản dịch
cavorite_ball,0,71,,Chưa có bản dịch
snack_food,7,71,,Chưa có bản dịch
reaching_for_weapon,7,71,,Chưa có bản dịch
robot_horse,0,71,,Chưa có bản dịch
gripping_pillow,7,70,,Chưa có bản dịch
garbage_truck,0,70,"bin_lorry,bin_van,bin_wagon,dust_cart,dustbin_lorry,dustcart,junk_truck,refuse_collection_vehicle,refuse_truck,rubbish_truck,trash_truck,waste_collection_vehicle",Chưa có bản dịch
big_sex_toy,7,70,,Chưa có bản dịch
devil_sword_dante,0,70,,Chưa có bản dịch
squeaky_toy,7,70,,Chưa có bản dịch
double-bladed_sword,7,70,,Chưa có bản dịch
green_book,7,69,,Chưa có bản dịch
human_on_machine,7,69,,Chưa có bản dịch
anal_fluids_on_food,7,69,,Chưa có bản dịch
damaged_vehicle,7,69,,Chưa có bản dịch
kitchen_table,7,69,,Chưa có bản dịch
messy_bed,7,69,,Chưa có bản dịch
going_to_colombia_for_the_food_and_culture_(meme),0,69,,Chưa có bản dịch
ultra_sword,0,68,,Chưa có bản dịch
suibian_sword,0,68,,Chưa có bản dịch
eating_fruit,7,68,,Chưa có bản dịch
pillow_straddling,0,68,,Chưa có bản dịch
all-terrain_vehicle,0,68,quad_bike,Chưa có bản dịch
asian_sword,7,68,,Chưa có bản dịch
round_bed,0,68,,Chưa có bản dịch
big_ball,7,68,,Chưa có bản dịch
pointing_gun_at_another,7,68,,Chưa có bản dịch
saliva_on_ball_gag,7,68,,Chưa có bản dịch
side_table,7,67,,Chưa có bản dịch
guitar_little_sister_(hitomi_o)_(cosplay),0,67,,Chưa có bản dịch
suzume's_chair,0,67,,Chưa có bản dịch
projectile_weapon_(eve_online),0,67,,Chưa có bản dịch
under_the_table_(arknights),0,67,,Chưa có bản dịch
automatic_weapon,7,67,,Chưa có bản dịch
novelty_sex_toy,0,67,,Chưa có bản dịch
brown_furniture,7,66,,Chưa có bản dịch
dropping_weapon,7,66,,Chưa có bản dịch
vegetable_juice,0,66,,Chưa có bản dịch
prosthetic_sword,0,66,,Chưa có bản dịch
toy_transformation,7,66,,Chưa có bản dịch
squirting_sex_toy,7,66,,Chưa có bản dịch
transforming_weapon,0,66,,Chưa có bản dịch
food_on_plate,7,66,,Chưa có bản dịch
ball_weights,7,66,,Chưa có bản dịch
ball_crusher,7,66,,Chưa có bản dịch
balancing_ball,0,66,,Chưa có bản dịch
bouncing_bed,7,65,,Chưa có bản dịch
decayed_master_sword,0,65,,Chưa có bản dịch
rabbit-shaped_pillow,0,65,"bunny_pillow,rabbit_pillow",Chưa có bản dịch
fairy_sword_galatine,0,65,,Chưa có bản dịch
anal_fluids_on_sex_toy,7,64,,Chưa có bản dịch
inside_sex_toy,7,64,,Chưa có bản dịch
toony_car,7,64,,Chưa có bản dịch
weapon_switch,0,64,,Chưa có bản dịch
citrus_fruit,7,64,,Chưa có bản dịch
fast_food_(food),7,64,,Chưa có bản dịch
black_iron_great_sword,0,64,,Chưa có bản dịch
ball_sag,7,64,,Chưa có bản dịch
fish-shaped_pillow,0,64,fish_pillow,Chưa có bản dịch
fruit_inflation,7,63,,Chưa có bản dịch
cum_on_phone,7,63,,Chưa có bản dịch
suppressed_weapon,7,63,,Chưa có bản dịch
cue_ball,7,63,,Chưa có bản dịch
raised_weapon,7,63,,Chưa có bản dịch
ghost_vehicle_(halo),7,63,,Chưa có bản dịch
pink_chair,7,63,,Chưa có bản dịch
piano_accordion,7,63,,Chưa có bản dịch
car_part,0,63,,Chưa có bản dịch
shrunken_object,7,63,,Chưa có bản dịch
closing_book,0,63,,Chưa có bản dịch
tuning_instrument,0,62,,Chưa có bản dịch
fast_ball,0,62,speed_ball,Chưa có bản dịch
hollow_sex_toy,7,62,,Chưa có bản dịch
zenithian_sword,0,62,,Chưa có bản dịch
fragrant_olive_sword,0,62,,Chưa có bản dịch
overturned_car,0,61,,Chưa có bản dịch
ball_jointed_doll,7,61,,Chưa có bản dịch
delivery_robot,0,61,,Chưa có bản dịch
cum_on_car,7,61,,Chưa có bản dịch
melee_weapon_(warframe),0,61,,Chưa có bản dịch
spinning_ball,7,61,,Chưa có bản dịch
object_swing,7,61,,Chưa có bản dịch
glowing_gun_barrel,0,61,,Chưa có bản dịch
gravity_gun,0,61,physics_gun,Chưa có bản dịch
zelretch_sword,0,61,,Chưa có bản dịch
food_shot,7,61,,Chưa có bản dịch
vehicle_crash,7,61,,Chưa có bản dịch
ball_splitter,7,60,,Chưa có bản dịch
cloning_machine,7,60,,Chưa có bản dịch
pointing_weapon,7,60,,Chưa có bản dịch
gun_between_thighs,0,60,,Chưa có bản dịch
glowing_knife,0,60,,Chưa có bản dịch
urine_on_food,7,60,,Chưa có bản dịch
double-neck_guitar,7,60,,Chưa có bản dịch
japanese_food,7,60,,Chưa có bản dịch
sheathed_knife,7,59,,Chưa có bản dịch
striped_sex_toy,7,59,,Chưa có bản dịch
fruit_gore,7,59,,Chưa có bản dịch
poke_ball_mug,0,59,,Chưa có bản dịch
weapon_on_ground,7,59,,Chưa có bản dịch
bolt_action_rifle,7,59,,Chưa có bản dịch
pussy_juice_on_object,7,59,,Chưa có bản dịch
knife_block,0,58,,Chưa có bản dịch
asking_for_food,7,58,,Chưa có bản dịch
aps_rifle,0,58,,Chưa có bản dịch
lubed_sex_toy,7,58,,Chưa có bản dịch
mystery_machine,7,58,,Chưa có bản dịch
long_sword_(sao),0,58,,Chưa có bản dịch
musical_note-themed_food,0,57,,Chưa có bản dịch
switchblade_knife,7,57,,Chưa có bản dịch
flying_machine,7,57,,Chưa có bản dịch
cum_on_toy,7,57,,Chưa có bản dịch
print_ball,0,57,,Chưa có bản dịch
censored_sex_toy,7,57,,Chưa có bản dịch
phallic_food,7,57,,Chưa có bản dịch
object_in_cloaca,7,57,,Chưa có bản dịch
heart_sex_toy,7,57,,Chưa có bản dịch
chewing_object,7,57,,Chưa có bản dịch
car_accident,7,57,,Chưa có bản dịch
red_guitar,7,56,,Chưa có bản dịch
drillhorn_sword,0,56,,Chưa có bản dịch
dryad_fruit_(dungeon_meshi),0,56,,Chưa có bản dịch
lifting_vehicle,0,56,lifting_car,Chưa có bản dịch
ball_fluff,7,56,,Chưa có bản dịch
serrated_knife,0,56,,Chưa có bản dịch
biting_testicles,0,56,ball_biting,Chưa có bản dịch
wielding_weapon,7,56,,Chưa có bản dịch
beam_weapon,0,55,,Chưa có bản dịch
strapped_to_a_table,7,55,,Chưa có bản dịch
squeaking_bed,7,55,,Chưa có bản dịch
creaking_bed,7,55,,Chưa có bản dịch
pulling_object,7,55,,Chưa có bản dịch
lever_action_rifle,7,55,,Chưa có bản dịch
anthro_on_robot,7,55,,Chưa có bản dịch
pooping_on_bed,7,54,,Chưa có bản dịch
fax_machine,0,54,,Chưa có bản dịch
object_in_throat,7,54,,Chưa có bản dịch
smashing_guitar,0,54,,Chưa có bản dịch
10mm_pistol,0,54,,Chưa có bản dịch
phone_case,7,54,,Chưa có bản dịch
gripping_chair,7,54,,Chưa có bản dịch
pachinko_ball,0,54,,Chưa có bản dịch
glowing_book,0,54,,Chưa có bản dịch
tandem_bicycle,0,54,,Chưa có bản dịch
buster_rifle,0,54,,Chưa có bản dịch
sex_toy_titfuck,7,54,,Chưa có bản dịch
toy_tank,0,53,,Chưa có bản dịch
brown_car,0,53,,Chưa có bản dịch
coloring_book,7,53,colouring_book,Chưa có bản dịch
food_pile,7,53,,Chưa có bản dịch
food-themed_weapon,0,53,,Chưa có bản dịch
weighted_sex_toy,7,53,,Chưa có bản dịch
object_on_bulge,0,53,,Chưa có bản dịch
trench_knife,0,53,,Chưa có bản dịch
inconspicuous_sex_toy,0,53,,Chưa có bản dịch
hidden_weapon,0,52,,Chưa có bản dịch
object_to_humanoid,7,52,,Chưa có bản dịch
object_on_butt,7,52,,Chưa có bản dịch
peeing_on_object,7,52,,Chưa có bản dịch
pushing_object,7,52,,Chưa có bản dịch
gantz_sword,0,52,,Chưa có bản dịch
bird_on_weapon,0,52,,Chưa có bản dịch
loft_bed,0,52,,Chưa có bản dịch
shift_car,0,52,,Chưa có bản dịch
improvised_instrument,0,51,,Chưa có bản dịch
memorial_on_desk,0,51,,Chưa có bản dịch
balls_on_table,7,51,,Chưa có bản dịch
weapon_trail,7,51,,Chưa có bản dịch
green_bed_sheet,7,51,,Chưa có bản dịch
pillow_pile,7,51,,Chưa có bản dịch
hypno_beam_gun,7,51,,Chưa có bản dịch
dropping_phone,7,51,,Chưa có bản dịch
drawing_gun,0,51,,Chưa có bản dịch
pink_sword,0,51,,Chưa có bản dịch
wicker_furniture,0,51,,Chưa có bản dịch
crafting_table,7,51,,Chưa có bản dịch
glistening_food,7,51,shiny_food,Chưa có bản dịch
writing_on_object,7,51,,Chưa có bản dịch
machine_penetrated,7,51,,Chưa có bản dịch
big_pillow,7,51,,Chưa có bản dịch
synchro_machine,7,50,,Chưa có bản dịch
multicolored_sex_toy,7,50,,Chưa có bản dịch
sex_toy_in_uterus,7,50,,Chưa có bản dịch
sex_toy_under_diaper,7,50,,Chưa có bản dịch
glistening_melee_weapon,7,50,,Chưa có bản dịch
big_gun,7,50,,Chưa có bản dịch
ball_hood,7,50,ballhood,Chưa có bản dịch
falling_food,0,50,,Chưa có bản dịch
railroad_car,7,50,,Chưa có bản dịch
toy_insertion,7,50,,Chưa có bản dịch
billiard_ball_in_ass,7,50,,Chưa có bản dịch
auto_ball_lick,7,50,"auto_ball_licking,auto_balls_lick,auto_balls_licking,licking_own_balls,self_ball_lick,self_ball_licking,self_balls_lick,self_balls_licking",Chưa có bản dịch
sliced_fruit,0,50,,Chưa có bản dịch
urine_on_bed,7,49,pee_on_bed,Chưa có bản dịch
ornate_phone_case,0,49,,Chưa có bản dịch
galick_gun,0,49,,Chưa có bản dịch
sword_swing,7,49,,Chưa có bản dịch
ball_pulling,7,49,,Chưa có bản dịch
electric_wind_instrument,0,49,,Chưa có bản dịch
guitar_amp,7,49,,Chưa có bản dịch
mechanical_sword,0,48,,Chưa có bản dịch
magic_object,7,48,,Chưa có bản dịch
two_tone_pillow,7,48,,Chưa có bản dịch
tied_to_table,7,48,,Chưa có bản dịch
phone_flash,7,48,,Chưa có bản dịch
food_on_ass,0,48,,Chưa có bản dịch
lost_in_the_book_with_tim_burton's_the_nightmare_before_christmas,0,48,,Chưa có bản dịch
blue_fruit_(rain_world),7,48,,Chưa có bản dịch
bath_toy,7,48,,Chưa có bản dịch
penetrable_sex_toy_penetration,7,48,,Chưa có bản dịch
bed_of_roses,0,48,,Chưa có bản dịch
vegetable_print,0,48,vegetable_pattern,Chưa có bản dịch
x-gun,0,48,,Chưa có bản dịch
eating_object,7,48,,Chưa có bản dịch
weapon_shop,0,48,,Chưa có bản dịch
tattoo_machine_(laser),0,48,,Chưa có bản dịch
dragon_fruit_markings,7,47,,Chưa có bản dịch
breaking_object,7,47,,Chưa có bản dịch
weapon_on_hip,7,47,,Chưa có bản dịch
veiled_sword_(xenoblade),0,47,,Chưa có bản dịch
reclining_chair,7,47,,Chưa có bản dịch
blood_on_bed,0,47,,Chưa có bản dịch
broken_instrument,0,47,,Chưa có bản dịch
instrument_on_lap,0,47,,Chưa có bản dịch
instrument_insertion,0,47,,Chưa có bản dịch
food_charm,0,47,,Chưa có bản dịch
food_in_feces,7,47,corn_in_feces,Chưa có bản dịch
amphibious_ground_vehicle,0,47,,Chưa có bản dịch
japanese_sword,7,47,,Chưa có bản dịch
wood_bed,7,47,,Chưa có bản dịch
construction_vehicle,7,47,,Chưa có bản dịch
feces_on_object,7,47,,Chưa có bản dịch
rolling_chair,7,47,,Chưa có bản dịch
exercise_ball_dildo,7,47,,Chưa có bản dịch
condom_on_object,0,47,,Chưa có bản dịch
fire_sword,7,47,,Chưa có bản dịch
slamming_table,0,46,,Chưa có bản dịch
rei_gun,0,46,spirit_gun,Chưa có bản dịch
living_food,0,46,,Chưa có bản dịch
enchanted_weapon,7,46,,Chưa có bản dịch
under_table_pov,7,46,,Chưa có bản dịch
mole_on_balls,7,46,mole_on_ball,Chưa có bản dịch
phone_charger,7,46,,Chưa có bản dịch
cum_in_object,7,46,,Chưa có bản dịch
food_court,7,46,,Chưa có bản dịch
paintball_gun,7,46,,Chưa có bản dịch
breakfast_in_bed,7,46,,Chưa có bản dịch
half_eaten_food,7,46,,Chưa có bản dịch
oppai_ball,0,46,,Chưa có bản dịch
sex_toy_penatrating_penatrator,7,45,,Chưa có bản dịch
flower_on_weapon,0,45,,Chưa có bản dịch
nerf_gun,0,45,,Chưa có bản dịch
weapon_swing,7,45,,Chưa có bản dịch
human_penetrating_machine,7,45,,Chưa có bản dịch
car_wash_(place),0,45,,Chưa có bản dịch
baby_food,7,45,,Chưa có bản dịch
plastic_chair,7,45,,Chưa có bản dịch
spinning_chair,0,45,,Chưa có bản dịch
food_cart,7,45,,Chưa có bản dịch
large_sword,7,45,,Chưa có bản dịch
torn_book,0,45,,Chưa có bản dịch
washing_car,7,45,,Chưa có bản dịch
emperor's_sword,0,45,,Chưa có bản dịch
pokeball_bulge,7,45,poke_ball_bulge,Chưa có bản dịch
pattern_pillow,7,45,,Chưa có bản dịch
sex_on_vehicle,7,45,,Chưa có bản dịch
prog_knife,0,44,,Chưa có bản dịch
mayano_top_gun_(umamusume)_(cosplay),0,44,,Chưa có bản dịch
hamster_ball,7,44,,Chưa có bản dịch
unconventional_gun,0,44,,Chưa có bản dịch
under_the_desk_(idolmaster),0,44,under_the_desk,Chưa có bản dịch
huge_sex_toy,7,44,,Chưa có bản dịch
ball_toss,0,44,,Chưa có bản dịch
stuck_in_washing_machine,7,44,,Chưa có bản dịch
unusual_weapon,7,44,exotic_weapon,Chưa có bản dịch
vehicle_ingestion,7,44,,Chưa có bản dịch
saliva_on_object,7,44,,Chưa có bản dịch
tega_sword,0,44,,Chưa có bản dịch
anti-tank_gun,0,44,,Chưa có bản dịch
on_single_book,0,44,,Chưa có bản dịch
toy_ship,0,44,,Chưa có bản dịch
water_gun_(pokemon),0,44,,Chưa có bản dịch
robot_dismemberment,7,43,,Chưa có bản dịch
glass_chair,7,43,,Chưa có bản dịch
water_pistol,7,43,,Chưa có bản dịch
strapped_to_a_chair,7,43,,Chưa có bản dịch
car_destruction,7,43,,Chưa có bản dịch
milk_gun,0,43,,Chưa có bản dịch
dropping_food,7,43,,Chưa có bản dịch
fish_food,0,43,,Chưa có bản dịch
living_vehicle_on_human,7,43,,Chưa có bản dịch
cavalry_sword,0,43,,Chưa có bản dịch
brown_desk,7,43,,Chưa có bản dịch
bolt-action_rifle,7,43,,Chưa có bản dịch
directed-energy_weapon,0,42,,Chưa có bản dịch
mountain_bicycle,0,42,,Chưa có bản dịch
dragon_sword,0,42,,Chưa có bản dịch
violet_book_(pokemon),0,42,,Chưa có bản dịch
sex_toy_pull_out,7,42,,Chưa có bản dịch
robot_voice,7,42,,Chưa có bản dịch
cum_on_computer,7,42,,Chưa có bản dịch
translucent_furniture,7,42,,Chưa có bản dịch
bar_chair,7,42,,Chưa có bản dịch
sword_in_ass,0,42,,Chưa có bản dịch
unmanned_space_vehicle,0,42,,Chưa có bản dịch
straw_bed,7,42,,Chưa có bản dịch
knotting_sex_toy,7,42,,Chưa có bản dịch
unsafe_weapon_practices,7,42,,Chưa có bản dịch
spinning_object,7,42,,Chưa có bản dịch
pet_toy,7,42,"pet-toy,pettoy",Chưa có bản dịch
pocket_knife,7,41,,Chưa có bản dịch
in_poke_ball,0,41,,Chưa có bản dịch
object_to_cheek,0,41,,Chưa có bản dịch
ball_stubble,7,41,,Chưa có bản dịch
unsheathing_sword,7,41,,Chưa có bản dịch
broken_guitar,0,41,,Chưa có bản dịch
weapon_combination,0,41,,Chưa có bản dịch
white_chair,7,41,,Chưa có bản dịch
race_car_bed,7,41,racecar_bed,Chưa có bản dịch
destroyed_furniture,7,41,,Chưa có bản dịch
desk_microphone,0,41,,Chưa có bản dịch
food_inflation,7,41,,Chưa có bản dịch
heron_sword,0,41,,Chưa có bản dịch
fake_phone,0,41,,Chưa có bản dịch
pinned_by_weapon,7,41,,Chưa có bản dịch
reclining_on_chair,7,41,,Chưa có bản dịch
toy_wagon,0,40,,Chưa có bản dịch
cat_bed,7,40,"cat-bed,catbed",Chưa có bản dịch
translucent_object,7,40,,Chưa có bản dịch
sword_pointing,7,40,,Chưa có bản dịch
argyle_pillow,0,40,,Chưa có bản dịch
card_gun,0,40,,Chưa có bản dịch
knotted_sex_toy,7,40,,Chưa có bản dịch
broken_toy,0,40,,Chưa có bản dịch
great_knife_(silent_hill),7,40,,Chưa có bản dịch
aqua_car,0,40,,Chưa có bản dịch
gs_ball,0,40,,Chưa có bản dịch
fruit_insertion,7,40,,Chưa có bản dịch
monotone_pillow,7,40,,Chưa có bản dịch
wind-up_toy,7,40,,Chưa có bản dịch
moving_vehicle,7,40,,Chưa có bản dịch
collaborative_ball_licking,7,40,,Chưa có bản dịch
purple_book,7,39,,Chưa có bản dịch
fantasy_sword,7,39,,Chưa có bản dịch
fruit_slice,7,39,,Chưa có bản dịch
raise_sword,0,39,,Chưa có bản dịch
red_furniture,7,39,,Chưa có bản dịch
cacao_fruit,0,39,,Chưa có bản dịch
pinned_to_table,7,39,,Chưa có bản dịch
ticket_machine,0,39,,Chưa có bản dịch
great_sword,7,39,,Chưa có bản dịch
ball_rub,7,39,,Chưa có bản dịch
improvised_furniture,0,39,,Chưa có bản dịch
sword_of_seiros,0,39,,Chưa có bản dịch
food_delivery_box,0,39,,Chưa có bản dịch
weapon_between_buttocks,0,39,,Chưa có bản dịch
food_stall,7,39,,Chưa có bản dịch
glue_gun,0,39,,Chưa có bản dịch
black_soccer_ball,0,39,,Chưa có bản dịch
glistening_sword,7,39,shiny_sword,Chưa có bản dịch
man_machine,0,39,,Chưa có bản dịch
giant_sword,7,38,,Chưa có bản dịch
shared_chair,0,38,,Chưa có bản dịch
curved_sword,7,38,,Chưa có bản dịch
cum_on_book,7,38,,Chưa có bản dịch
using_phone,7,38,,Chưa có bản dịch
railway_gun,0,38,,Chưa có bản dịch
feces_on_bed,7,38,,Chưa có bản dịch
food_malfunction,0,38,,Chưa có bản dịch
stuffed_toy_on_head,0,38,,Chưa có bản dịch
hanging_chair,0,38,,Chưa có bản dịch
charge_rifle,0,38,,Chưa có bản dịch
horse-drawn_vehicle,0,38,,Chưa có bản dịch
coiled_sword,0,38,,Chưa có bản dịch
nubbed_sex_toy,7,38,,Chưa có bản dịch
loading_gun,7,38,,Chưa có bản dịch
floating_instrument,0,38,,Chưa có bản dịch
carrying_weapon,7,37,,Chưa có bản dịch
purple_chair,7,37,,Chưa có bản dịch
ultimate_weapon_(armored_core),0,37,,Chưa có bản dịch
ball_swaying,7,37,,Chưa có bản dịch
carl_gustaf_recoilless_rifle,0,37,m3_maaws,Chưa có bản dịch
bolt_gun,7,37,,Chưa có bản dịch
bullpup_rifle,7,37,,Chưa có bản dịch
blood_on_food,0,37,,Chưa có bản dịch
type_99_lmg,0,37,type_99_light_machine_gun,Chưa có bản dịch
bumper_car,0,37,,Chưa có bản dịch
general_liu_rifle,0,37,,Chưa có bản dịch
butterfly_knife_(apex_legends),0,37,,Chưa có bản dịch
double_sex_toy,7,37,,Chưa có bản dịch
laptop_on_lap,7,37,,Chưa có bản dịch
food_awe,0,37,,Chưa có bản dịch
latex_bed,7,37,,Chưa có bản dịch
multiple_bed_invitation,0,37,,Chưa có bản dịch
bar_table,7,37,,Chưa có bản dịch
object_on_ass,0,36,,Chưa có bản dịch
smartphone_pouch,0,36,,Chưa có bản dịch
black_powder_weapon,7,36,,Chưa có bản dịch
on_object,7,36,,Chưa có bản dịch
knife_cat_(meme),0,36,,Chưa có bản dịch
ball_cupping,7,36,,Chưa có bản dịch
dominant_pool_toy,7,36,,Chưa có bản dịch
robot_transformation,7,36,,Chưa có bản dịch
headless_instrument,0,36,"headless_bass_guitar,headless_guitar",Chưa có bản dịch
toy_knife,0,36,,Chưa có bản dịch
toy_house,0,36,,Chưa có bản dịch
toy_truck,0,36,,Chưa có bản dịch
controller_on_table,7,36,,Chưa có bản dịch
controller_on_bed,7,36,,Chưa có bản dịch
restrained_by_weapon,7,36,,Chưa có bản dịch
offensive_skill_book_(azur_lane),0,35,,Chưa có bản dịch
giant_robot,7,35,,Chưa có bản dịch
car_chase,7,35,,Chưa có bản dịch
crescent_sword,0,35,,Chưa có bản dịch
transformation_by_machine,7,35,,Chưa có bản dịch
battle_rifle_(halo),7,35,,Chưa có bản dịch
shared_pillow,0,35,,Chưa có bản dịch
green_ball_gag,7,35,,Chưa có bản dịch
black_phone,7,35,,Chưa có bản dịch
cleaning_sword,0,35,,Chưa có bản dịch
throwing_ball,7,35,,Chưa có bản dịch
scarlet_book_(pokemon),0,35,,Chưa có bản dịch
cat-shaped_food,0,35,,Chưa có bản dịch
big_food,7,35,,Chưa có bản dịch
cat_scared_of_food_(meme),0,35,,Chưa có bản dịch
pokeball_cup,7,35,poke_ball_cup,Chưa có bản dịch
legendary_sword_(small_sword)_(tate_no_yuusha_no_nariagari),0,35,,Chưa có bản dịch
baby_toy,7,35,,Chưa có bản dịch
broly_(dragon_ball_z)_(cosplay),0,34,,Chưa có bản dịch
air_hockey_table,0,34,,Chưa có bản dịch
bed_grab,7,34,,Chưa có bản dịch
feces_on_food,7,34,scat_on_food,Chưa có bản dịch
giant_weapon,7,34,,Chưa có bản dịch
strength_tester_machine,0,34,,Chưa có bản dịch
dual_weapon,7,34,,Chưa có bản dịch
blood_on_gun,0,34,,Chưa có bản dịch
wiping_table,0,34,,Chưa có bản dịch
human_weapon,0,34,,Chưa có bản dịch
clit_suction_toy,7,34,,Chưa có bản dịch
compact_car,7,34,,Chưa có bản dịch
great_sword_(monster_hunter),7,34,,Chưa có bản dịch
hobby_knife,0,34,,Chưa có bản dịch
gun_in_pussy,0,34,,Chưa có bản dịch
thinking_about_food,7,34,,Chưa có bản dịch
grey_bed_sheet,7,34,,Chưa có bản dịch
furniture_transformation,7,33,,Chưa có bản dịch
guitar_controller,7,33,,Chưa có bản dịch
automatic_rifle,7,33,,Chưa có bản dịch
gun_rack,0,33,,Chưa có bản dịch
preparing_food,7,33,,Chưa có bản dịch
on_all-terrain_vehicle,0,33,,Chưa có bản dịch
comic_book_cover,7,33,,Chưa có bản dịch
game_weapon,7,33,,Chưa có bản dịch
ball_grope,7,33,,Chưa có bản dịch
strawberry-shaped_pillow,0,33,strawberry_pillow,Chưa có bản dịch
fruit_pattern,0,33,,Chưa có bản dịch
fruit_cake,7,33,,Chưa có bản dịch
sickle_sword,7,33,,Chưa có bản dịch
object_(vehicle),0,33,,Chưa có bản dịch
milk_machine,7,33,,Chưa có bản dịch
sword_on_ground,7,33,,Chưa có bản dịch
pallet_rifle_(evangelion),0,33,,Chưa có bản dịch
yellow_ball_gag,7,33,,Chưa có bản dịch
wearable_toy,7,33,,Chưa có bản dịch
tuned_car,7,33,,Chưa có bản dịch
chained_to_bed,7,33,,Chưa có bản dịch
useless_machine,0,33,,Chưa có bản dịch
robot_suit,7,33,,Chưa có bản dịch
large_toy,7,33,,Chưa có bản dịch
t91_assault_rifle,0,32,,Chưa có bản dịch
waterbed,7,32,water_bed,Chưa có bản dịch
aiming_rifle,7,32,,Chưa có bản dịch
paws_on_table,7,32,,Chưa có bản dịch
food_poisoning,0,32,,Chưa có bản dịch
sword_of_extermination_(jujutsu_kaisen),0,32,sword_of_extermination,Chưa có bản dịch
anti-ship_sword,0,32,,Chưa có bản dịch
cane_gun,0,32,,Chưa có bản dịch
ball_scar,7,32,balls_scar,Chưa có bản dịch
green_bed,7,32,,Chưa có bản dịch
under_table_sex,7,32,,Chưa có bản dịch
grey_chair,7,32,,Chưa có bản dịch
grinding_on_natural_object,7,32,,Chưa có bản dịch
gun_fellatio_(shingeki_no_kyojin),0,32,,Chưa có bản dịch
condom_on_sex_toy,7,32,,Chưa có bản dịch
cruiser_bicycle,0,32,,Chưa có bản dịch
pointing_at_food,0,32,,Chưa có bản dịch
type-4o_sword,0,32,,Chưa có bản dịch
metal_chair,7,32,,Chưa có bản dịch
bitten_food,7,32,,Chưa có bản dịch
pride_color_sex_toy,7,32,,Chưa có bản dịch
classic_car,7,32,,Chưa có bản dịch
stealth_vehicle,0,32,,Chưa có bản dịch
brown_book,7,31,,Chưa có bản dịch
vaginal_fluids_on_sex_toy,7,31,,Chưa có bản dịch
giant_book,0,31,,Chưa có bản dịch
black_smartphone,7,31,,Chưa có bản dịch
against_car,7,31,,Chưa có bản dịch
phone_book,0,31,,Chưa có bản dịch
ball_clamp,7,31,,Chưa có bản dịch
ball-jointed_doll,7,31,,Chưa có bản dịch
kicking_object,7,31,,Chưa có bản dịch
grabbing_table,7,31,,Chưa có bản dịch
twisted_chair_position,7,31,,Chưa có bản dịch
green_sword,0,31,,Chưa có bản dịch
baby_car_seat,7,31,,Chưa có bản dịch
answer_hanamaru_sword,0,31,,Chưa có bản dịch
recording_on_phone,7,31,,Chưa có bản dịch
fake_food,0,31,,Chưa có bản dịch
retro_computer,7,31,,Chưa có bản dịch
heat_sword,7,31,,Chưa có bản dịch
dentist_chair,7,30,,Chưa có bản dịch
rifle_barrel,7,30,,Chưa có bản dịch
team_rocket_pokeball,7,30,team_rocket_ball,Chưa có bản dịch
paper_sword,0,30,,Chưa có bản dịch
ranged_weapon_on_butt,7,30,,Chưa có bản dịch
gripping_table,7,30,,Chưa có bản dịch
flower_in_gun,0,30,,Chưa có bản dịch
type_4_rifle,0,30,,Chưa có bản dịch
ball_physics,7,30,,Chưa có bản dịch
milk_squirt_gun,7,30,,Chưa có bản dịch
goddess_sword,0,30,,Chưa có bản dịch
black_sword,7,30,,Chưa có bản dịch
bicycle_rack,0,30,,Chưa có bản dịch
bicycle_lock,0,30,,Chưa có bản dịch
used_as_table,7,30,,Chưa có bản dịch
super_computer_(sailor_moon),0,30,,Chưa có bản dịch
pointing_weapon_at_viewer,7,30,,Chưa có bản dịch
breeding_machine,0,30,,Chưa có bản dịch
fruit_juice,0,30,,Chưa có bản dịch
starting_pistol,0,30,,Chưa có bản dịch
cleaning_robot,0,30,,Chưa có bản dịch
pulse_rifle,7,29,,Chưa có bản dịch
cracked_sword,0,29,,Chưa có bản dịch
glistening_fruit,7,29,,Chưa có bản dịch
rose's_sword_(steven_universe),0,29,,Chưa có bản dịch
vaginal_fluid_as_food,7,29,,Chưa có bản dịch
melon_ball,0,29,,Chưa có bản dịch
tan_pillow,7,29,,Chưa có bản dịch
blimp_fruit_(super_mario_galaxy_2),7,29,,Chưa có bản dịch
gun_barrel_sequence,0,29,,Chưa có bản dịch
rifle_on_butt,7,29,,Chưa có bản dịch
undersized_object,0,29,,Chưa có bản dịch
beam_sword,7,29,,Chưa có bản dịch
ice_sword,7,29,,Chưa có bản dịch
slave_ball,7,29,,Chưa có bản dịch
ball_vore,7,29,,Chưa có bản dịch
ball_gag_progress_bar_(meme),0,29,,Chưa có bản dịch
kicking_ball,7,29,,Chưa có bản dịch
rainbow_sword_(kirby),0,29,,Chưa có bản dịch
dildo_ball_busting,0,29,,Chưa có bản dịch
dildo_sword,7,29,,Chưa có bản dịch
shooting_weapon,7,29,,Chưa có bản dịch
toy_xylophone,0,29,,Chưa có bản dịch
paddle_ball,7,29,,Chưa có bản dịch
translucent_table,7,29,,Chưa có bản dịch
book_of_naga,0,29,,Chưa có bản dịch
passenger_railroad_car,7,29,passenger_railcar,Chưa có bản dịch
fruit_gag,7,28,,Chưa có bản dịch
black_knife_(deltarune),0,28,,Chưa có bản dịch
type_80_machine_gun,0,28,,Chưa có bản dịch
symbol_on_sex_toy,7,28,,Chưa có bản dịch
airsoft_gun,7,28,,Chưa có bản dịch
table_tennis_serve,0,28,,Chưa có bản dịch
death_ball_(technique),0,28,,Chưa có bản dịch
restraining_chair,7,28,,Chưa có bản dịch
retro_car,7,28,,Chưa có bản dịch
inflatable_sword,0,28,,Chưa có bản dịch
weapon_play,7,28,,Chưa có bản dịch
weapon_sheath,7,28,,Chưa có bản dịch
weapon_against_wall,0,28,,Chưa có bản dịch
object_censorship,7,28,,Chưa có bản dịch
magic_ball,7,28,,Chưa có bản dịch
gun_malfunction,0,28,,Chưa có bản dịch
snag_machine,0,28,,Chưa có bản dịch
gun_in_ass,7,27,,Chưa có bản dịch
half_on_bed,7,27,,Chưa có bản dịch
office_phone,7,27,,Chưa có bản dịch
umpire_chair,0,27,,Chưa có bản dịch
water_gun_(move),7,27,,Chưa có bản dịch
glowing_food,0,27,,Chưa có bản dịch
light_sword,7,27,,Chưa có bản dịch
pop_gun,7,27,popgun,Chưa có bản dịch
hiding_object_behind_back,7,27,,Chưa có bản dịch
comedic_object_insertion,0,27,,Chưa có bản dịch
game_sword,7,27,,Chưa có bản dịch
collaborative_ball_suck,7,27,,Chưa có bản dịch
frilly_pillow,7,27,,Chưa có bản dịch
see-through_ball,0,27,,Chưa có bản dịch
patio_chair,0,27,,Chưa có bản dịch
fucking_machine_oral,7,26,,Chưa có bản dịch
desktop_computer,7,26,,Chưa có bản dịch
orange_ball_gag,7,26,,Chưa có bản dịch
licking_gun,7,26,,Chưa có bản dịch
paddle_sword,7,26,,Chưa có bản dịch
hyper_sex_toy,7,26,,Chưa có bản dịch
huge_toy,7,26,,Chưa có bản dịch
pride_color_food,7,26,,Chưa có bản dịch
mounted_gun,7,26,,Chưa có bản dịch
checkered_bed_sheet,0,26,,Chưa có bản dịch
black_book,7,26,,Chưa có bản dịch
dj_table,7,26,,Chưa có bản dịch
holstered_weapon,7,26,,Chưa có bản dịch
ball_transformation,7,26,,Chưa có bản dịch
bondage_table,7,26,,Chưa có bản dịch
bandaid_on_object,0,26,,Chưa có bản dịch
tentacle_chair,0,26,,Chưa có bản dịch
royal_sword_(fire_emblem),0,26,,Chưa có bản dịch
bolster_pillow,7,26,,Chưa có bản dịch
food_on_pussy,7,26,,Chưa có bản dịch
food_sex,0,26,,Chưa có bản dịch
grappling_gun,0,26,,Chưa có bản dịch
couple_texting_in_bed_(meme),0,26,,Chưa có bản dịch
car_jack,0,26,,Chưa có bản dịch
table_bondage,7,25,,Chưa có bản dịch
electric_sword,7,25,,Chưa có bản dịch
flag_pistol,0,25,,Chưa có bản dịch
pokeball_in_stomach,7,25,poke_ball_in_stomach,Chưa có bản dịch
air_gun,0,25,,Chưa có bản dịch
sword_maiden_(cosplay),0,25,,Chưa có bản dịch
weapon_on_lap,0,25,,Chưa có bản dịch
fruit_punch_(drink),0,25,,Chưa có bản dịch
futon_drying_machine,0,25,,Chưa có bản dịch
dried_fruit,0,25,,Chưa có bản dịch
wet_pillow,7,25,,Chưa có bản dịch
rolled-up_book,0,25,,Chưa có bản dịch
hanging_object,0,25,,Chưa có bản dịch
defensive_skill_book_(azur_lane),0,25,,Chưa có bản dịch
deflating_object,7,25,,Chưa có bản dịch
star_pillow,7,25,,Chưa có bản dịch
toy_plane,7,25,,Chưa có bản dịch
medicine_ball,7,25,,Chưa có bản dịch
thinking_chair_(blue's_clues),7,25,,Chưa có bản dịch
farting_out_object,7,25,,Chưa có bản dịch
heart_cutout_furniture,7,25,,Chưa có bản dịch
pooping_on_food,7,25,,Chưa có bản dịch
vintage_computer,7,25,,Chưa có bản dịch
food_pick,0,25,,Chưa có bản dịch
wood_carving_knife,0,25,,Chưa có bản dịch
ball_harness,7,25,,Chưa có bản dịch
ball_draining,7,25,,Chưa có bản dịch
range_weapon,7,25,,Chưa có bản dịch
object_pronoun,7,25,,Chưa có bản dịch
anti_material_rifle,7,25,,Chưa có bản dịch
bamboo_object,7,25,,Chưa có bản dịch
object_between_thighs,7,24,,Chưa có bản dịch
everyone_get_in_the_car_(meme),0,24,joseph_joestar_fake_car_(meme),Chưa có bản dịch
papasan_chair,7,24,,Chưa có bản dịch
m41a_pulse_rifle,0,24,,Chưa có bản dịch
pattern_furniture,7,24,,Chưa có bản dịch
pattern_pool_toy,7,24,,Chưa có bản dịch
lost_in_the_book_with_stitch,0,24,,Chưa có bản dịch
farting_on_object,7,24,,Chưa có bản dịch
head-mounted_gun,0,24,,Chưa có bản dịch
vehicle_sex,7,24,,Chưa có bản dịch
long_sex_toy,7,24,,Chưa có bản dịch
through_table,7,24,,Chưa có bản dịch
playing_with_food,0,24,,Chưa có bản dịch
sentient_object,0,24,,Chưa có bản dịch
yellow_chair,7,24,,Chưa có bản dịch
aphrodisiac_food,7,24,,Chưa có bản dịch
toy_store,0,24,,Chưa có bản dịch
white_ball,7,24,,Chưa có bản dịch
grabbing_furniture,7,24,,Chưa có bản dịch
licking_sword,7,24,,Chưa có bản dịch
weapon_prosthetic,7,24,,Chưa có bản dịch
weapon_handle_in_pussy,7,24,,Chưa có bản dịch
shock_pistol,7,24,,Chưa có bản dịch
digital_piano,0,24,,Chưa có bản dịch
sex_toy_in_sheath,7,24,,Chưa có bản dịch
sex_toy_footjob,7,24,,Chưa có bản dịch
sword_of_resonance,0,24,,Chưa có bản dịch
penetrable_sex_toy_in_pussy,7,24,,Chưa có bản dịch
gun_barrel,0,24,,Chưa có bản dịch
laser_pistol,7,23,,Chưa có bản dịch
legendary_sword_(tate_no_yuusha_no_nariagari),0,23,,Chưa có bản dịch
sex_toy_penetrating,7,23,,Chưa có bản dịch
macaron-shaped_pillow,0,23,macaron_pillow,Chưa có bản dịch
machine_pistol,7,23,,Chưa có bản dịch
object_to_chin,0,23,,Chưa có bản dịch
exalted_weapon_(warframe),0,23,,Chưa có bản dịch
rc_car,7,23,,Chưa có bản dịch
pool_toy_suit,7,23,,Chưa có bản dịch
heart_furniture,7,23,,Chưa có bản dịch
medical_table,7,23,,Chưa có bản dịch
crushed_car,7,23,,Chưa có bản dịch
berry_sword,0,23,,Chưa có bản dịch
pokeball_censor,7,23,"poke_ball_censor,poke_ball_censorship,pokeball_censorship,poké_ball_censor,poké_ball_censorship,pokéball_censor,pokéball_censorship",Chưa có bản dịch
pokeball_capture,7,23,poke_ball_capture,Chưa có bản dịch
kirby_with_a_knife_(meme),0,23,,Chưa có bản dịch
sparkling_object,7,23,,Chưa có bản dịch
christmas_ball,7,23,,Chưa có bản dịch
food_in_diaper,7,23,,Chưa có bản dịch
dragging_object,7,23,,Chưa có bản dịch
gauss_rifle,7,23,,Chưa có bản dịch
stuck_in_object,7,23,,Chưa có bản dịch
unmarked_police_car,0,23,,Chưa có bản dịch
shiny_weapon,0,23,,Chưa có bản dịch
pillow_support,0,22,,Chưa có bản dịch
stone_table,7,22,,Chưa có bản dịch
straddling_vehicle,7,22,,Chưa có bản dịch
fruit_pool_toy,7,22,,Chưa có bản dịch
candlestick_phone,0,22,,Chưa có bản dịch
ball_rest,7,22,,Chưa có bản dịch
formula_1_car,7,22,,Chưa có bản dịch
balancing_on_ball,7,22,,Chưa có bản dịch
plush_food,0,22,,Chưa có bản dịch
kaixa_phone,0,22,,Chưa có bản dịch
grabbing_chair,7,22,,Chưa có bản dịch
double-barreled_rifle,0,22,,Chưa có bản dịch
spicy_food,7,22,,Chưa có bản dịch
sword_in_pussy,7,22,,Chưa có bản dịch
grey_bed,7,22,,Chưa có bản dịch
alternate_vehicle,0,22,,Chưa có bản dịch
gun_to_own_neck,0,22,,Chưa có bản dịch
crouching_on_table,7,22,,Chưa có bản dịch
knife_game,0,22,,Chưa có bản dịch
pb_pistol,0,22,,Chưa có bản dịch
cum_from_sex_toy,7,22,,Chưa có bản dịch
passion_fruit,0,22,,Chưa có bản dịch
hearts_around_object,7,22,,Chưa có bản dịch
akebia_fruit,0,22,,Chưa có bản dịch
edging_machine,7,22,,Chưa có bản dịch
red_vehicle,7,22,,Chưa có bản dịch
translucent_chair,7,22,,Chưa có bản dịch
red_ball,7,22,,Chưa có bản dịch
dildo_chair,7,22,,Chưa có bản dịch
self_ball_busting,0,22,,Chưa có bản dịch
self-propelled_anti-aircraft_weapon,0,22,self-propelled_anti-aircraft_gun,Chưa có bản dịch
silk_ball,0,22,,Chưa có bản dịch
elbow_on_furniture,7,22,,Chưa có bản dịch
time_machine_(doraemon),0,22,,Chưa có bản dịch
skewered_food,7,22,,Chưa có bản dịch
iron_ball,7,22,,Chưa có bản dịch
ai_ax_rifle,0,22,,Chưa có bản dịch
bread_knife,0,22,,Chưa có bản dịch
chair_sex,0,22,,Chưa có bản dịch
inflating_object,7,21,,Chưa có bản dịch
stationary_bicycle,0,21,,Chưa có bản dịch
weapon_to_neck,0,21,,Chưa có bản dịch
fruit_in_ass,7,21,,Chưa có bản dịch
opening_book,0,21,,Chưa có bản dịch
multicolored_pillow,7,21,,Chưa có bản dịch
ice_cream_machine,7,21,,Chưa có bản dịch
i'm_going_to_be_a_squashed_cheese_ball_today_(meme),0,21,,Chưa có bản dịch
ball_of_light,7,21,,Chưa có bản dịch
four_sword,0,21,,Chưa có bản dịch
bound_by_weapon,7,21,,Chưa có bản dịch
ads_assault_rifle,0,21,,Chưa có bản dịch
holy_sword_excalibur,0,21,,Chưa có bản dịch
eva-08_ranged_rifle,0,21,,Chưa có bản dịch
reception_desk,7,21,,Chưa có bản dịch
transparent_object,7,21,,Chưa có bản dịch
viola_(musical_instrument),7,21,viola_instrument,Chưa có bản dịch
yoshi_fruit,7,21,,Chưa có bản dịch
precum_on_food,7,21,,Chưa có bản dịch
dominant_robot,7,21,,Chưa có bản dịch
heavy_weapon,7,21,,Chưa có bản dịch
carving_knife,7,21,,Chưa có bản dịch
masturbating_with_milking_machine,7,21,,Chưa có bản dịch
havoc_energy_rifle,0,21,,Chưa có bản dịch
blue_phone,7,20,,Chưa có bản dịch
vehicle_print,7,20,,Chưa có bản dịch
technical_machine,7,20,,Chưa có bản dịch
table-turning,0,20,,Chưa có bản dịch
hit_by_object,7,20,,Chưa có bản dịch
object_entrapment,7,20,,Chưa có bản dịch
toy_play,7,20,,Chưa có bản dịch
robot_antenna,7,20,,Chưa có bản dịch
poke_toy,0,20,,Chưa có bản dịch
sword_of_power,0,20,,Chưa có bản dịch
pointing_gun_at_self,7,20,,Chưa có bản dịch
shared_book,0,20,,Chưa có bản dịch
food_on_thigh,0,20,,Chưa có bản dịch
ball_chair,0,20,,Chưa có bản dịch
armored_car,0,20,,Chưa có bản dịch
human_guitar,0,20,,Chưa có bản dịch
ball_lightning,0,20,,Chưa có bản dịch
big_bed,7,20,,Chưa có bản dịch
rube_goldberg_machine,0,20,,Chưa có bản dịch
phallic_object,7,20,,Chưa có bản dịch
diagonal-striped_pillow,0,20,,Chưa có bản dịch
phone_connector,7,20,,Chưa có bản dịch
piano_collar,7,20,,Chưa có bản dịch
multicolored_weapon,7,20,,Chưa có bản dịch
broken_computer,0,20,,Chưa có bản dịch
futuristic_sword,7,20,,Chưa có bản dịch
in_ball,0,20,,Chưa có bản dịch
webley_self-loading_pistol,0,20,webley_self_loading_pistol,Chưa có bản dịch
pillow_writing,0,20,,Chưa có bản dịch
