solo,0,Một nhân vật
1girl,0,Một nhân vật nữ
anthro,7,Động vật nhân hóa
female,7,Giới tính nữ
1boy,0,Một nhân vật nam
multiple_girls,0,Nhiều nhân vật nữ
duo,7,Hai nhân vật
2girls,0,Hai nhân vật nữ
multiple_boys,0,Nhiều nhân vật nam
group,7,Nhóm
muscular_male,0,Nam cơ bắp
size_difference,0,Chênh lệch kích thước
dragon,0,Rồng
2boys,0,Hai nhân vật nam
wolf,0,Sói
interspecies,0,Khác loài
female_penetrated,7,Nhân vật nữ bị thâm nhập
male_penetrating_female,7,Nam thâm nhập nữ
rabbit,0,Thỏ
3girls,0,Ba nhân vật nữ
muscular_anthro,7,Nhân vật nhân hóa cơ bắp
male_penetrated,0,Nhân vật nam bị thâm nhập
anthro_penetrated,7,Nhân vật nhân hóa bị thâm nhập
gynomorph,7,Nhân vật nữ có cơ quan sinh dục nam
dark-skinned_female,0,Nhân vật nữ da sẫm
male_penetrating_male,7,Nam thâm nhập nam
pokemon_(creature),0,Pokémon (sinh vật)
no_humans,0,Không có người
anthro_penetrating,7,Nhân vật nhân hóa chủ động thâm nhập
group_sex,0,Quan hệ tình dục nhóm
submissive,7,Phục tùng
young_anthro,7,Nhân vật nhân hóa trẻ
not_furry,7,Không có lông thú
anthro_penetrating_anthro,7,Nhân vật nhân hóa thâm nhập nhân vật nhân hóa
female_anthro,7,Nhân vật nữ nhân hóa
bear,0,Gấu
faceless_male,0,Nam không có mặt
curvy_figure,7,Dáng người cong
overweight_male,7,Nam thừa cân
4girls,0,Bốn nhân vật nữ
smaller_male,7,Nam nhỏ hơn
larger_male,7,Nam to hơn
mature_female,0,Nữ trưởng thành
overweight_anthro,7,Nhân vật nhân hóa thừa cân
male_anthro,7,Nhân vật nam nhân hóa
dark-skinned_male,0,Nam da sẫm
human_on_anthro,7,Người với nhân vật nhân hóa
transformation,0,Biến hình
rape,0,Cưỡng dâm
3boys,0,Ba nhân vật nam
muscular_female,0,Nữ cơ bắp
submissive_male,7,Nam phục tùng
topless_female,0,Nữ ngực trần
couple,0,Cặp đôi
snake,0,Rắn
young_male,7,Nam trẻ
larger_female,0,Nữ to hơn
pokemorph,7,Nhân vật dạng Pokémon
overweight_female,7,Nữ thừa cân
topless_male,0,Nam ngực trần
smaller_female,7,Nữ nhỏ hơn
mature_male,0,Nam trưởng thành
5girls,0,5 nhân vật nữ
dominant_male,7,Nam thống trị
young_female,7,Nhân vật nữ trẻ
red_fox,0,Cáo đỏ
furry_female,0,Nhân vật nữ nhiều lông
furry_male,0,Nhân vật nam nhiều lông
mature_anthro,7,Nhân vật nhân hóa trưởng thành
male_on_bottom,7,Nam ở phía dưới
female_on_human,7,Nữ với người
dragon_girl,0,Cô gái rồng
western_dragon,0,Rồng phương Tây
rabbit_girl,0,Cô gái thỏ
wolf_girl,0,Cô gái sói
dominant_female,7,Nhân vật nữ chiếm ưu thế
pokephilia,0,Yêu Pokémon
intersex/female,7,Liên giới tính và nữ
male_pov,7,Góc nhìn của nam
female_on_top,7,Nữ ở phía trên
cute_fangs,7,Răng nanh dễ thương
male_on_anthro,7,Nam với nhân vật nhân hóa
submissive_female,7,Nữ phục tùng
4boys,0,Bốn nhân vật nam
larger_anthro,7,Nhân vật nhân hóa to hơn
otter,0,Rái cá
human_penetrating_anthro,7,Người thâm nhập động vật nhân hóa
anthro_on_feral,7,Động vật nhân hóa trên động vật không nhân hóa
furred_dragon,0,Rồng có lông
female_human,7,Người nữ
younger_male,7,Nhân vật nam nhỏ tuổi hơn
athletic_anthro,7,Nhân vật nhân hóa cường tráng
smaller_anthro,7,Nhân vật nhân hóa nhỏ hơn
athletic_male,7,Nhân vật nam cường tráng
female_masturbation,0,Thủ dâm nữ
slightly_chubby_female,7,Nữ hơi mũm mĩm
species_transformation,7,Sự biến đổi loài
male_human,7,Người nam
obese_anthro,7,Nhân vật nhân hóa béo phì
male_on_top,7,Giới tính nam trên áo
andromorph,7,Nhân vật andromorph
male_on_feral,7,Giới tính nam trên động vật không nhân hóa
older_male,7,Nhân vật nam lớn tuổi hơn
female_on_feral,7,Giới tính nữ trên động vật không nhân hóa
pregnant_female,7,Nhân vật nữ mang thai
canine_vulva,7,Âm hộ chó
male_on_human,7,Giới tính nam trên người
bottomless_anthro,7,Nhân thú hở dưới
male_penetrating_anthro,7,Giới tính nam thâm nhập động vật nhân hóa
male_feral,7,Nhân vật bán thú nam
slightly_chubby_anthro,7,Nhân vật hơi mũm mĩm
female_feral,7,Nhân vật bán thú nữ
bottomless_male,7,Nam hở dưới
toned_male,0,Nhân vật nam thon săn
pregnant_anthro,7,Nhân vật nhân hóa mang thai
eastern_dragon,0,Rồng phương Đông
topless_anthro,7,Nhân thú hở trên
submissive_anthro,7,Nhân vật nhân hóa nhượng bộ
wide_hipped_female,7,Nhân vật nữ hông rộng
human_penetrating_female,7,Người thâm nhập giới tính nữ
female_humanoid,7,Dạng người nữ
futa_with_female,0,Futanari kèm giới tính nữ
older_female,7,Nhân vật nữ lớn tuổi hơn
obese_female,7,Nhân vật nữ béo phì
intersex_penetrating_female,7,Liên giới tính thâm nhập nữ
dominant_anthro,7,Nhân vật nhân hóa chiếm ưu thế
faceless_female,0,Nữ không mặt
shortstack_female,7,Nhân vật nữ thấp và mũm mĩm
assertive_female,0,Nhân vật nữ tự tin
stuffed_rabbit,0,Thỏ nhồi bông
5boys,0,5 nhân vật nam
obese_male,7,Nhân vật nam béo phì
gynomorph_penetrating_female,7,Dạng cái thâm nhập nữ
slightly_chubby_male,7,Nam hơi mũm mĩm
bottomless_female,7,Nữ hở dưới
toned_female,0,Nhân vật nữ thon săn
female_on_anthro,7,Giới tính nữ trên động vật nhân hóa
female_orgasm,0,Lên đỉnh nữ
athletic_female,7,Nhân vật nữ cường tráng
voluptuous_female,7,Nhân vật nữ nóng bỏng
younger_female,7,Nhân vật nữ nhỏ tuổi hơn
humanoid_on_anthro,7,Dạng người trên động vật nhân hóa
fully_clothed_anthro,7,Nhân thú mặc kín đồ
feral_penetrating_anthro,7,Thú thâm nhập nhân thú
knight,0,Hiệp sĩ
anthro_penetrating_human,7,Động vật nhân hóa thâm nhập người
female_ejaculation,0,Xuất tinh nữ
voluptuous_anthro,7,Nhân vật nhân hóa nóng bỏng
slim_anthro,7,Nhân vật nhân hóa thon
feline_genitalia,7,Bộ phận sinh dục mèo
male_penetrating_intersex,7,Giới tính nam thâm nhập liên giới tính
human_to_anthro,7,Người tới động vật nhân hóa
wide_hipped_anthro,7,Nhân vật nhân hóa hông rộng
male_on_humanoid,7,Giới tính nam trên dạng người
intersex_anthro,7,Nhân vật nhân hóa liên giới tính
male_prey,7,Con mồi nam
male_swimwear,0,Đồ bơi nam
fully_clothed_female,7,Nữ mặc kín đồ
slim_male,7,Nhân vật nam thon
badger,0,Lửng
wolf_boy,0,Cậu trai sói
anthro_on_top,7,Động vật nhân hóa trên áo
faceless_anthro,7,Thú nhân hóa không mặt
dragon_boy,0,Cậu trai rồng
intersex_penetrating_male,7,Liên giới tính thâm nhập nam
gynomorph_anthro,7,Nhân vật nhân hóa dạng cái
younger_anthro,7,Nhân vật nhân hóa nhỏ tuổi hơn
morbidly_obese_anthro,7,Nhân thú béo bệnh lý
furry_with_non-furry,0,Furry với không furry
fully_clothed_male,7,Nam mặc kín đồ
female_prey,7,Con mồi nữ
gynomorph_penetrating_male,7,Dạng cái thâm nhập nam
partially_clothed_anthro,7,Nhân thú mặc hở một phần
anthro_penetrating_female,7,Động vật nhân hóa thâm nhập giới tính nữ
anthro_penetrating_feral,7,Động vật nhân hóa thâm nhập động vật không nhân hóa
male_penetrating_human,7,Giới tính nam thâm nhập người
older_anthro,7,Nhân vật nhân hóa lớn tuổi hơn
male_masturbation,0,Thủ dâm nam
shortstack_male,7,Nhân vật nam thấp và mũm mĩm
dragon_print,0,Họa tiết rồng
macro_anthro,7,Nhân vật nhân hóa phóng to
slim_female,7,Nhân vật nữ thon
wolf_cut,0,Sói bị cắt
male_humanoid,7,Dạng người nam
morbidly_obese_female,7,Nữ béo bệnh lý
anthro_prey,7,Con mồi nhân hóa
partially_clothed_female,7,Nữ mặc hở một phần
macro_female,7,Nhân vật nữ phóng to
tall_female,0,Nhân vật nữ cao
male_penetrating_gynomorph,7,Giới tính nam thâm nhập nhân vật nữ có cơ quan sinh dục nam
female_penetrating_male,7,Nữ thâm nhập nam
male_penetrating_andromorph,7,Giới tính nam thâm nhập nhân vật andromorph
pregnant_male,7,Nhân vật nam mang thai
feral_penetrating_female,7,Thú thâm nhập nữ
male_penetrating_feral,7,Giới tính nam thâm nhập động vật không nhân hóa
anthro_penetrating_humanoid,7,Động vật nhân hóa thâm nhập dạng người
feathered_dragon,0,Rồng có lông vũ
furry_with_furry,0,Furry kèm furry
rabbit_boy,0,Cậu trai thỏ
rabbit_print,0,Họa tiết thỏ
morbidly_obese_male,7,Nam béo bệnh lý
elderly_female,7,Nhân vật nữ lớn tuổi
female_rimming_male,0,Giới tính nữ liếm hậu môn giới tính nam
male_penetrating_humanoid,7,Giới tính nam thâm nhập dạng người
futa_with_male,0,Futanari kèm giới tính nam
anthro_penetrating_male,7,Động vật nhân hóa thâm nhập giới tính nam
partially_clothed_male,7,Nam mặc hở một phần
light-skinned_male,7,Nhân vật nam da nhạt
female_on_humanoid,7,Giới tính nữ trên dạng người
wide_hipped_male,7,Nhân vật nam hông rộng
shirtless_male,7,Nhân vật nam không mặc áo
headless,0,Không có đầu
short_male,0,Nhân vật nam ngắn
male_rimming_male,7,Giới tính nam liếm hậu môn giới tính nam
male_symbol,7,Biểu tượng nam
cum_on_male,0,Tinh dịch trên giới tính nam
pokemon_on_head,0,Pokémon trên đầu
male_rimmed,7,Giới tính nam bị liếm hậu môn
female_penetrating_female,7,Nữ thâm nhập nữ
humanoid_penetrating_anthro,7,Dạng người thâm nhập động vật nhân hóa
tentacles_on_male,0,Xúc tu trên giới tính nam
lop_rabbit,0,Thỏ cụp
female_symbol,7,Biểu tượng nữ
skinny_male,7,Nhân vật nam gầy gò
shirtless_anthro,7,Nhân vật nhân hóa không mặc áo
feline_vulva,7,Âm hộ mèo
elderly_anthro,7,Nhân vật nhân hóa lớn tuổi
skinny_anthro,7,Nhân vật nhân hóa gầy gò
macro_male,7,Nhân vật nam phóng to
dragonfly,0,Chuồn chuồn
short_anthro,7,Nhân vật nhân hóa ngắn
elderly_male,7,Nhân vật nam lớn tuổi
skinny_female,7,Nhân vật nữ gầy gò
futa_on_male,0,Futanari trên giới tính nam
human_penetrating_male,7,Người thâm nhập giới tính nam
andromorph_anthro,7,Nhân vật nhân hóa dạng đực
crossdressing_male,7,Nam mặc đồ nữ
taller_female_shorter_male,0,Nhân vật nam nữ cao hơn ngắn hơn
male_rimming_female,7,Giới tính nam liếm hậu môn giới tính nữ
black_male_swimwear,0,Đồ bơi nam màu đen
white_rabbit_(animal),0,Thỏ trắng
assertive_anthro,7,Nhân vật nhân hóa tự tin
light-skinned_female,7,Nhân vật nữ da nhạt
giant_male,0,Nhân vật nam khổng lồ
micro_male,7,Nhân vật nam rất nhỏ
feral_penetrating_male,7,Thú thâm nhập nam
male_on_futa,0,Giới tính nam trên futanari
anthro_fingering_anthro,7,Động vật nhân hóa đút ngón tay vào động vật nhân hóa
micro_anthro,7,Nhân vật nhân hóa rất nhỏ
snow_rabbit,0,Thỏ tuyết
blue_male_swimwear,0,Đồ bơi nam màu xanh dương
furry_balls,7,Tinh hoàn nhiều lông
small_dragon,0,Rồng nhỏ
male_fingering_male,7,Giới tính nam đút ngón tay vào giới tính nam
female_facesitting_male,7,Giới tính nữ ngồi lên mặt giới tính nam
dragon_tattoo,0,Hình xăm rồng
other_with_female,0,Người khác kèm giới tính nữ
humanoid_penetrating_female,7,Dạng người thâm nhập giới tính nữ
rabbit_on_head,0,Thỏ trên đầu
assertive_male,7,Nhân vật nam tự tin
tentacles_on_female,7,Xúc tu trên giới tính nữ
other_with_male,0,Người khác kèm giới tính nam
tall_male,0,Nhân vật nam cao
female_fingering_male,7,Giới tính nữ đút ngón tay vào giới tính nam
gynomorph_penetrating_anthro,7,Nhân vật nữ có cơ quan sinh dục nam thâm nhập động vật nhân hóa
anthro_rimming_anthro,7,Động vật nhân hóa liếm hậu môn động vật nhân hóa
intersex_penetrating_anthro,7,Liên giới tính thâm nhập động vật nhân hóa
male_fingering_female,7,Giới tính nam đút ngón tay vào giới tính nữ
intersex_on_anthro,7,Liên giới tính trên động vật nhân hóa
wolf_paws,0,Bàn chân thú sói
rabbit_ornament,0,Đồ trang trí thỏ
voluptuous_male,7,Nhân vật nam nóng bỏng
pokemon_day,0,Ngày Pokémon
male-female_symbol,0,Biểu tượng nữ nam
pokemon_on_lap,0,Pokémon trên đùi
female_rimming_female,7,Giới tính nữ liếm hậu môn giới tính nữ
elemental_dragon,0,Rồng nguyên tố
red_male_swimwear,0,Đồ bơi nam màu đỏ
bald_female,0,Nhân vật nữ trọc
large_female,7,Nhân vật nữ lớn
anthro_to_feral,7,Động vật nhân hóa tới động vật không nhân hóa
moon_rabbit,0,Thỏ mặt trăng
monster_on_female,7,Quái vật trên giới tính nữ
humanoid_to_anthro,7,Dạng người tới động vật nhân hóa
wolf_hood,0,Mũ trùm sói
anthro_to_inanimate,7,Động vật nhân hóa tới vô tri
white_male_swimwear,0,Đồ bơi nam màu trắng
gynomorph_on_anthro,7,Nhân vật nữ có cơ quan sinh dục nam trên động vật nhân hóa
female_rimmed,7,Giới tính nữ bị liếm hậu môn
white_wolf,0,Sói trắng
big_female,7,Nhân vật nữ to
shirtless_female,7,Nhân vật nữ không mặc áo
pokemon_on_back,0,Pokémon trên lưng
female_penetrating_intersex,7,Giới tính nữ thâm nhập liên giới tính
male_facesitting_female,7,Giới tính nam ngồi lên mặt giới tính nữ
humanoid_penetrating_male,7,Dạng người thâm nhập giới tính nam
furry_and_animal,0,Furry và động vật
rabbit_background,0,Nền thỏ
apple_rabbit,0,Thỏ táo
green_male_swimwear,0,Đồ bơi nam màu xanh lá
anthro_rimming_feral,7,Động vật nhân hóa liếm hậu môn động vật không nhân hóa
female_fingering_female,7,Giới tính nữ đút ngón tay vào giới tính nữ
anthro_penetrating_intersex,7,Động vật nhân hóa thâm nhập liên giới tính
female_rimming_gynomorph,7,Giới tính nữ liếm hậu môn nhân vật nữ có cơ quan sinh dục nam
micro_female,7,Nhân vật nữ rất nhỏ
stuffed_wolf,0,Sói nhồi bông
black_rabbit_(animal),0,Thỏ đen
brown-skinned_female,7,Nhân vật nữ da nâu
stuffed_dragon,0,Rồng nhồi bông
feral_to_anthro,7,Động vật không nhân hóa tới động vật nhân hóa
short_female,7,Nhân vật nữ ngắn
pokemon_transformation,7,Sự biến đổi Pokémon
female_penetrating_gynomorph,7,Giới tính nữ thâm nhập nhân vật nữ có cơ quan sinh dục nam
human_fingering_anthro,7,Người đút ngón tay vào động vật nhân hóa
female_rimming_intersex,7,Giới tính nữ liếm hậu môn liên giới tính
male_swimwear_pull,0,Đang kéo đồ bơi nam
anthro_penetrating_gynomorph,7,Động vật nhân hóa thâm nhập nhân vật nữ có cơ quan sinh dục nam
yellow_male_swimwear,0,Đồ bơi nam màu vàng
bound_male,7,Nhân vật nam bị trói
rabbit_symbol,0,Biểu tượng thỏ
female_on_futa,0,Giới tính nữ trên futanari
bound_female,7,Nhân vật nữ bị trói
anthro_transformation,7,Sự biến đổi nhân hóa
anthro_rimmed,7,Động vật nhân hóa bị liếm hậu môn
orange_male_swimwear,0,Đồ bơi nam màu cam
farting_female,7,Đánh rắm vào giới tính nữ
print_male_swimwear,0,Đồ bơi nam họa tiết
male_thong,0,Quần lót dây nam
anthro_to_human,7,Động vật nhân hóa tới người
rabbit_pajamas,0,Đồ ngủ thỏ
canine_vulva_outline,7,Đường viền âm hộ chó
bunny_headphones,0,Tai nghe thỏ
canine_pussy_on_anthro,7,Âm hộ chó trên động vật nhân hóa
anthro_to_humanoid,7,Động vật nhân hóa tới dạng người
grey_wolf,0,Sói xám
rabbit_head,0,Đầu thỏ
dragon_(arms),0,Rồng
human_rimming_anthro,7,Người liếm hậu môn động vật nhân hóa
humanoid_with_canine_genitalia,7,Dạng người kèm bộ phận sinh dục chó
pale-skinned_female,7,Nhân vật nữ da nhạt
andromorph_penetrating_male,7,Dạng đực thâm nhập nam
older_female_younger_male,7,Nhân vật nam nữ lớn tuổi hơn nhỏ tuổi hơn
chocolate_bunny,7,Thỏ sô-cô-la
large_male,7,Nhân vật nam lớn
anthro_top,7,Áo nhân hóa
hairy_male,7,Nhân vật nam nhiều lông
water_dragon,0,Rồng nước
rabbit_balloon,0,Bóng bay thỏ
grey_male_swimwear,0,Đồ bơi nam màu xám
rabbit_tattoo,0,Hình xăm thỏ
uniformed_male,7,Nhân vật nam mặc đồng phục
shortstack_anthro,7,Nhân vật nhân hóa thấp và mũm mĩm
female_penetrating_anthro,7,Giới tính nữ thâm nhập động vật nhân hóa
male_facesitting_male,7,Giới tính nam ngồi lên mặt giới tính nam
brown_rabbit,0,Thỏ nâu
crossdressing_female,7,Nữ mặc đồ nam
tentacle_on_male,7,Xúc tu trên giới tính nam
female_penetrating_human,7,Giới tính nữ thâm nhập người
andromorph_on_anthro,7,Nhân vật andromorph trên động vật nhân hóa
dragon_ornament,0,Đồ trang trí rồng
wolf_cub,0,Con non sói
anthro_penetrating_andromorph,7,Động vật nhân hóa thâm nhập nhân vật andromorph
white_dragon,0,Rồng trắng
group_(toaru),0,Nhóm
wolf_head,0,Đầu sói
purple_male_swimwear,0,Đồ bơi nam màu tím
shared_female_with_animal,7,Nhân vật nữ dùng chung kèm động vật
rabbit_cutout,0,Lỗ cắt thỏ
dragon_on_human,7,Rồng trên người
female_facesitting_female,7,Giới tính nữ ngồi lên mặt giới tính nữ
rabbit_paws,0,Bàn chân thú thỏ
brown_male_swimwear,0,Đồ bơi nam màu nâu
monster_on_male,7,Quái vật trên giới tính nam
dragon_hood,0,Mũ trùm rồng
rabbit_pasties,0,Miếng che ngực thỏ
male_orgasm,7,Lên đỉnh nam
striped_male_swimwear,0,Đồ bơi nam kẻ sọc
pokemon_onesie,7,Bộ liền thân Pokémon
ancient_dragon_(elden_ring),0,Rồng cổ đại
anthro_rimming_human,7,Động vật nhân hóa liếm hậu môn người
mostly_clothed_anthro,7,Nhân vật nhân hóa mặc đồ chủ yếu
dragon_on_head,0,Rồng trên đầu
muscular_and_chubby_female,7,Cơ bắp và nhân vật nữ mũm mĩm
anthro_fingering_human,7,Động vật nhân hóa đút ngón tay vào người
sweaty_male,7,Nhân vật nam đầm mồ hôi
tall_anthro,7,Nhân vật nhân hóa cao
gynomorph_rimming_male,7,Nhân vật nữ có cơ quan sinh dục nam liếm hậu môn giới tính nam
pink_male_swimwear,0,Đồ bơi nam màu hồng
male_rimming_gynomorph,7,Giới tính nam liếm hậu môn nhân vật nữ có cơ quan sinh dục nam
multicolored_male_swimwear,0,Đồ bơi nam nhiều màu
male_fingering_andromorph,7,Giới tính nam đút ngón tay vào nhân vật andromorph
canine_skull,7,Đầu lâu chó
male_rimming_intersex,7,Giới tính nam liếm hậu môn liên giới tính
aqua_male_swimwear,0,Đồ bơi nam màu xanh ngọc
dragon_skull,0,Đầu lâu rồng
male_symbol_penetration,7,Sự thâm nhập nam biểu tượng
wet_male_swimwear,0,Đồ bơi nam ướt
robotic_anthro,7,Nhân vật nhân hóa người máy
male_to_female,7,Giới tính nam tới giới tính nữ
female_rimming_feral,7,Giới tính nữ liếm hậu môn động vật không nhân hóa
wolf_print,0,Họa tiết sói
female_penetrating_andromorph,7,Giới tính nữ thâm nhập nhân vật andromorph
feral_rimming_anthro,7,Động vật không nhân hóa liếm hậu môn động vật nhân hóa
older_feral_younger_anthro,7,Nhân vật nhân hóa bán thú lớn tuổi hơn nhỏ tuổi hơn
pink_male_symbol,7,Biểu tượng nam hồng
taller_anthro,7,Nhân vật nhân hóa cao hơn
pink_rabbit,0,Thỏ hồng
sleeping_on_pokemon,0,Đang ngủ trên pokémon
male_swimwear_aside,0,Kéo đồ bơi nam sang bên
farting_male,7,Đánh rắm vào giới tính nam
mostly_clothed_female,7,Nhân vật nữ mặc đồ chủ yếu
furry_pussy,7,Âm hộ nhiều lông
dragon_background,0,Nền rồng
gynomorph_rimming_female,7,Nhân vật nữ có cơ quan sinh dục nam liếm hậu môn giới tính nữ
furry_foreskin,7,Bao quy đầu nhiều lông
male_rimming_anthro,7,Giới tính nam liếm hậu môn động vật nhân hóa
rabbit_day,0,Ngày thỏ
humanoid_with_feline_genitalia,7,Dạng người kèm bộ phận sinh dục mèo
dragon_paws,7,Bàn chân thú rồng
fire_dragon_(inazuma_eleven),0,Rồng lửa
tentacle_penetrating_anthro,7,Xúc tu thâm nhập động vật nhân hóa
dildo_penetrating_male,7,Dương vật giả thâm nhập giới tính nam
rabbit_button,0,Cúc áo thỏ
rabbit_eyepatch,0,Miếng bịt mắt thỏ
rabbit_sticker,0,Nhãn dán thỏ
young_female_penetrated,7,Nhân vật nữ trẻ bị thâm nhập
black_dragon,0,Rồng đen
female_penetrating_feral,7,Giới tính nữ thâm nhập động vật không nhân hóa
unworn_male_swimwear,0,Đồ bơi nam không mặc
andromorph_penetrating_female,7,Dạng đực thâm nhập nữ
fire_dragon,0,Rồng lửa
anthro_rimming_male,7,Động vật nhân hóa liếm hậu môn giới tính nam
green_wolf,7,Sói xanh lá
rabbit_helmet,0,Mũ bảo hiểm thỏ
tentacles_on_anthro,7,Xúc tu trên động vật nhân hóa
towel_rabbit,0,Thỏ khăn tắm
wolf_cutout,0,Lỗ cắt sói
tentacle_penetrating_female,7,Xúc tu thâm nhập giới tính nữ
tentacles_penetrating_female,7,Xúc tu thâm nhập giới tính nữ
wolf_ornament,0,Đồ trang trí sói
furry_(fandom),0,Furry
intersex_rimming_male,7,Liên giới tính liếm hậu môn giới tính nam
wolf_headdress,0,Đồ đội đầu sói
hairy_female,7,Nhân vật nữ nhiều lông
gynomorph_fingering_male,7,Nhân vật nữ có cơ quan sinh dục nam đút ngón tay vào giới tính nam
dog_pussy,0,Âm hộ chó
canine_clitoris,7,Âm vật chó
inanimate_to_anthro,7,Vô tri tới động vật nhân hóa
two-tone_male_swimwear,0,Đồ bơi nam hai tông
pokemon_print,7,Họa tiết Pokémon
rabbit_pattern,7,Hoa văn thỏ
tentacle_penetrating_male,7,Xúc tu thâm nhập giới tính nam
male_penetrating_young,7,Giới tính nam thâm nhập trẻ
penetrated_male_penetrating,7,Nhân vật nam chủ động thâm nhập bị thâm nhập
shared_male_with_animal,7,Nhân vật nam dùng chung kèm động vật
dragon_boat,0,Thuyền rồng
pokemon_balloon,7,Bóng bay Pokémon
pokemon_tower,0,Tháp Pokémon
female_penetrating_humanoid,7,Giới tính nữ thâm nhập dạng người
mostly_clothed_male,7,Nhân vật nam mặc đồ chủ yếu
bound_anthro,7,Nhân vật nhân hóa bị trói
eastern_dragon_print,0,Họa tiết rồng phương Đông
male_rimming_andromorph,7,Giới tính nam liếm hậu môn nhân vật andromorph
pale-skinned_male,7,Nhân vật nam da nhạt
rabbit_hairstyle,0,Kiểu tóc thỏ
lightning_dragon,0,Rồng sấm sét
anthro_fingering_feral,7,Động vật nhân hóa đút ngón tay vào động vật không nhân hóa
female_suit,7,Bộ đồ nữ
male_fingering_intersex,7,Giới tính nam đút ngón tay vào liên giới tính
male_anthro_on_female,7,Nhân vật nam nhân hóa trên giới tính nữ
spoken_male-female_symbol,0,Biểu tượng nữ nam trong bóng thoại
toned_anthro,7,Nhân vật nhân hóa thon săn
