smile,0,Mỉm cười
blush,0,Đỏ mặt
male,7,Giới tính nam
holding,0,Đang cầm
standing,0,Đang đứng
sitting,0,Đang ngồi
lying,0,Đang nằm
male/female,7,Nam và nữ
male/male,7,Nam và nam
looking_at_another,0,Nhìn người khác
holding_weapon,0,Cầm vũ khí
tears,0,Nước mắt
kneeling,0,Đang quỳ
anthro_on_anthro,7,Nhân vật nhân hóa với nhau
looking_pleasured,7,Vẻ mặt thỏa mãn
looking_to_the_side,0,Nhìn sang bên
holding_object,7,Cầm vật
looking_down,0,Nhìn xuống
seductive,7,Quyến rũ
holding_sword,0,Cầm kiếm
pose,7,Tư thế
leaning_forward,0,Nghiêng người về phía trước
expressionless,0,Mặt không biểu cảm
bent_over,0,Cúi gập người
blush_stickers,0,Hình dán má hồng
holding_food,0,Cầm thức ăn
crying,0,Đang khóc
looking_up,0,Nhìn lên
surprised,0,Ngạc nhiên
angry,0,Tức giận
blush_lines,7,Vệt đỏ mặt
light_blush,0,Má hồng nhạt
holding_phone,0,Cầm điện thoại
holding_cup,0,Cầm cốc
holding_gun,0,Cầm súng
gesture,7,Cử chỉ tay
wariza,0,Ngồi kiểu wariza
light_smile,0,Mỉm cười nhẹ
facing_viewer,0,Đối diện người xem
kiss,0,Hôn
kissing,7,Đang hôn
on_stomach,0,Nằm sấp
smiling_at_viewer,7,Cười nhìn người xem
holding_book,0,Cầm sách
walking,0,Đang đi bộ
looking_back_at_viewer,7,Nhìn lại người xem
tearing_up,0,Rơm rớm nước mắt
standing_sex,0,Quan hệ ở tư thế đứng
running,0,Đang chạy
looking_ahead,0,Nhìn về phía trước
wading,0,Lội nước
nervous,0,Lo lắng
holding_staff,0,Cầm gậy
leaning,0,Tựa người
looking_at_partner,7,Nhìn bạn tình
dancing,0,Đang nhảy múa
holding_flower,0,Cầm hoa
holding_knife,0,Cầm con dao
crystal,0,Pha lê
jumping,0,Đang nhảy
paw_pose,0,Tư thế vuốt
sitting_on_another,7,Ngồi lên người khác
holding_bottle,0,Cầm cái chai
holding_polearm,0,Cầm vũ khí cán dài
hugging_object,0,Ôm vật thể
looking_away,7,Nhìn sang chỗ khác
sitting_on_person,0,Đang ngồi trên người
holding_microphone,0,Cầm micro
looking_aside,7,Nhìn sang bên
holding_tray,0,Cầm cái khay
holding_instrument,0,Cầm nhạc cụ
closed_smile,7,Nụ cười khép
claw_pose,0,Tư thế vuốt
sitting_on_lap,0,Đang ngồi trên đùi
looking_at_object,0,Nhìn vật thể
holding_bouquet,0,Cầm bó hoa
looking_afar,0,Nhìn xa xăm
leaning_back,0,Tựa người ngả về sau
holding_animal,0,Cầm động vật
holding_plate,0,Cầm chiếc đĩa
holding_stuffed_toy,0,Cầm thú nhồi bông
invisible_chair,0,Ghế vô hình
laughing,0,Đang cười
evil_smile,0,Nụ cười gian ác
holding_fruit,0,Cầm trái cây
holding_cigarette,0,Cầm thuốc lá
holding_container,7,Cầm vật chứa
jumpsuit,0,Áo liền quần
holding_another's_wrist,0,Nắm cổ tay người khác
holding_can,0,Cầm lon
nervous_smile,0,Nụ cười lo lắng
holding_fork,0,Cầm dĩa
holding_spoon,0,Cầm thìa
holding_candy,0,Cầm kẹo
holding_gift,0,Cầm quà tặng
holding_melee_weapon,7,Cầm vũ khí cận chiến
holding_chopsticks,0,Cầm đôi đũa
holding_paper,0,Cầm giấy
holding_wand,0,Cầm cây đũa phép
holding_pen,0,Cầm bút máy
lying_on_bed,7,Đang nằm trên giường
holding_leash,0,Cầm dây dắt
dildo_sitting,7,Ngồi trên dương vật giả
holding_camera,0,Cầm máy ảnh
holding_card,0,Cầm thẻ
holding_ball,0,Cầm quả bóng
seductive_smile,0,Nụ cười gợi cảm
holding_lollipop,0,Cầm kẹo mút
holding_controller,0,Cầm tay cầm chơi game
multiple_expressions,0,Nhiều biểu cảm
multiple_poses,7,Nhiều tư thế
the_pose,0,Tư thế The Pose
standing_split,0,Chẻ chân khi đứng
streaming_tears,0,Nước mắt chảy ròng ròng
holding_shield,0,Cầm khiên
broom_riding,0,Cưỡi chổi
looking_at_phone,0,Nhìn điện thoại
holding_axe,0,Cầm rìu
holding_broom,0,Cầm cây chổi
holding_box,0,Cầm cái hộp
holding_bowl,0,Cầm bát
tired,7,Mệt mỏi
holding_popsicle,0,Cầm cây kem que
holding_towel,0,Cầm khăn tắm
spoken_blush,0,Đỏ mặt (thoại)
teardrop,0,Giọt nước mắt
holding_cellphone,7,Cầm điện thoại di động
leaning_on_person,0,Tựa người trên người
holding_scythe,0,Cầm lưỡi hái
kissing_cheek,0,Hôn má
sitting_on_chair,7,Đang ngồi trên ghế
waves,0,Sóng
sitting_on_ground,7,Đang ngồi trên mặt đất
holding_partner,7,Cầm bạn tình
holding_drink,0,Cầm đồ uống
holding_butt,7,Cầm mông
looking_at_self,0,Nhìn chính mình
riding_crop,0,Roi cưỡi ngựa
looking_at_animal,0,Nhìn động vật
holding_strap,0,Cầm dây đeo
holding_dagger,0,Cầm dao găm
holding_flag,0,Cầm hình cờ
holding_clipboard,0,Cầm bảng kẹp giấy
lying_on_ground,7,Đang nằm trên mặt đất
action_pose,7,Tư thế hành động
looking_down_at_viewer,7,Nhìn xuống người xem
holding_doll,0,Cầm búp bê
holding_hammer,0,Cầm búa
holding_sex_toy,0,Cầm đồ chơi tình dục
holding_beverage,7,Cầm đồ uống
holding_paintbrush,0,Cầm cọ vẽ
holding_basket,0,Cầm cái rổ
holding_baseball_bat,0,Cầm dơi bóng chày
vulva_blush,7,Má hồng âm hộ
blushing_profusely,7,Đỏ mặt dữ dội
rabbit_pose,0,Tư thế thỏ
looking_back_at_another,7,Quay lại nhìn người khác
lying_on_person,0,Đang nằm trên người
holding_guitar,0,Cầm đàn guitar
holding_condom,0,Cầm bao cao su
stand_and_carry_position,7,Tư thế bế đứng
holding_sign,0,Cầm bảng hiệu
running_makeup,7,Trang điểm lem nhem
butt_blush,7,Má hồng mông
holding_cat,0,Cầm mèo
holding_gohei,0,Cầm gậy gohei
holding_behind_back,0,Đang cầm phía sau lưng
kneeling_oral_position,7,Tư thế quỳ bằng miệng
grabbing_another's_thighs,0,Nắm đùi người khác
looking_at_mirror,0,Nhìn cái gương
holding_sheath,0,Cầm bao kiếm
holding_pokemon,0,Cầm pokémon
tears_of_pleasure,7,Nước mắt khoái cảm
holding_lantern,0,Cầm đèn lồng
holding_syringe,0,Cầm ống tiêm
holding_arrow,0,Cầm mũi tên
leaning_on_object,0,Tựa người trên vật thể
holding_pencil,0,Cầm bút chì
holding_smartphone,7,Cầm điện thoại thông minh
butt_pose,7,Tư thế mông
blowing_kiss,0,Thổi hôn
standing_doggystyle,0,Đứng tư thế doggy
sitting_on_bed,7,Đang ngồi trên giường
sitting_on_sofa,7,Đang ngồi trên ghế bành
teardrop_facial_mark,0,Hình giọt nước trên mặt
holding_head,7,Cầm đầu
crazy_smile,0,Nụ cười điên loạn
pink_blush,7,Má hồng hồng
holding_pillow,0,Cầm gối
hugging_from_behind,7,Ôm góc nhìn từ phía sau
hugging_doll,0,Ôm búp bê
holding_balloon,0,Cầm bóng bay
smiling_at_partner,7,Cười bạn tình
sidewalk,0,Vỉa hè
axolotl,0,Kỳ giông axolotl
looking_at_food,0,Nhìn thức ăn
holding_weapon_behind_back,0,Cầm vũ khí phía sau lưng
looking_down_at_partner,7,Nhìn xuống bạn tình
looking_back_at_partner,7,Nhìn lại phía sau bạn tình
holding_unworn_helmet,0,Cầm mũ bảo hiểm không mặc
leaning_on_elbow,7,Tựa người trên khuỷu tay
holding_character,7,Cầm nhân vật
waving_at_viewer,7,Vẫy tay với người xem
zombie_pose,0,Tư thế thây ma
holding_leaf,0,Cầm lá cây
looking_at_butt,7,Nhìn mông
holding_fireworks,0,Cầm pháo hoa
sitting_on_stairs,0,Đang ngồi trên cầu thang
looking_up_at_partner,7,Nhìn lên bạn tình
holding_vegetable,0,Cầm rau
holding_balls,7,Cầm tinh hoàn
standing_on_liquid,0,Đang đứng trên dạng lỏng
holding_glass,7,Cầm thủy tinh
holding_tool,0,Cầm dụng cụ
red_blush,7,Má hồng đỏ
holding_chocolate,0,Cầm sô-cô-la
holding_beachball,0,Cầm quả bóng bãi biển
holding_bucket,0,Cầm xô
holding_envelope,0,Cầm phong bì
wave,7,Sóng
hugging_pillow,7,Ôm gối
viewer_holding_phone,0,Người xem cầm điện thoại
leaning_on_wall,0,Tựa người trên bức tường
kissing_forehead,0,Hôn trán
holding_cake,0,Cầm bánh ngọt
holding_letter,0,Cầm bức thư
viewer_holding_leash,0,Người xem cầm dây dắt
standing_in_water,7,Đang đứng trong nước
sitting_on_object,0,Đang ngồi trên vật thể
sitting_in_tree,0,Đang ngồi trong cây
holding_money,0,Cầm tiền
holding_riding_crop,0,Cầm roi cưỡi ngựa
holding_creature,0,Cầm sinh vật
looking_outside,0,Nhìn bên ngoài
kiss_on_cheek,7,Hôn trên má
holding_ofuda,0,Cầm bùa ofuda
sitting_on_table,0,Đang ngồi trên bàn
holding_thigh,7,Cầm đùi
leaning_on_table,0,Tựa người trên bàn
holding_branch,0,Cầm cành cây
orange_jumpsuit,0,Áo liền quần cam
blue_blush,0,Má hồng xanh dương
crystal_ball,0,Quả bóng pha lê
riding_pokemon,0,Cưỡi pokémon
lying_on_sofa,7,Đang nằm trên ghế bành
holding_mug,7,Cầm cốc có quai
looking_up_at_viewer,7,Nhìn lên người xem
kissing_neck,0,Hôn cổ
holding_handgun,7,Cầm súng lục
holding_photo,0,Cầm ảnh chụp
short_jumpsuit,0,Áo liền quần ngắn
holding_skull,0,Cầm đầu lâu
holding_coin,0,Cầm đồng xu
kneeling_on_ground,7,Đang quỳ trên mặt đất
holding_chain,0,Cầm dây chuyền
holding_heart,0,Cầm trái tim
holding_glowstick,0,Cầm thanh phát sáng
single_blush_sticker,0,Nhãn dán một chiếc má hồng
holding_mirror,0,Cầm cái gương
holding_mop,0,Cầm cây lau nhà
blue_jumpsuit,0,Áo liền quần xanh dương
holding_detached_head,0,Cầm đầu tách rời
spoken_expression,0,Biểu cảm trong bóng thoại
lying_on_lap,0,Đang nằm trên đùi
holding_spear,7,Cầm ngọn giáo
holding_fish,0,Cầm cá
holding_key,0,Cầm chìa khóa
holding_plant,0,Cầm thực vật
teardrop_tattoo,0,Xăm hình giọt nước
holding_rope,0,Cầm dây thừng
blushing_at_viewer,7,Đỏ mặt nhìn người xem
balls_blush,7,Má hồng tinh hoàn
holding_gem,0,Cầm đá quý
ghost_pose,0,Tư thế ma
holding_cross,0,Cầm thập tự
holding_egg,0,Cầm trứng
holding_breath,0,Cầm hơi thở
holding_dildo,7,Cầm dương vật giả
holding_sword_behind_back,0,Cầm kiếm phía sau lưng
holding_headgear,0,Cầm đồ đội đầu
suggestive_pose,7,Tư thế gợi cảm
holding_donut,0,Cầm bánh donut
holding_lighter,0,Cầm bật lửa
hugging_viewer,0,Ôm người xem
sitting_on_bench,7,Đang ngồi trên ghế dài
sitting_on_branch,0,Đang ngồi trên cành cây
riding_dildo,7,Cưỡi dương vật giả
kneeling_sex,7,Quỳ quan hệ tình dục
holding_torch,0,Cầm đèn đuốc
holding_feather,0,Cầm lông vũ
holding_carrot,0,Cầm cà rốt
black_jumpsuit,0,Áo liền quần đen
butterfly_sitting,0,Tư thế ngồi bươm bướm
white_jumpsuit,0,Áo liền quần trắng
green_jumpsuit,0,Áo liền quần xanh lá
expressions,7,Biểu cảm
looking_at_own_butt,7,Nhìn mông của mình
holding_bell,0,Cầm chuông
knee_blush,0,Má hồng đầu gối
walking_away,0,Đang đi bộ quay ra xa
holding_candle,0,Cầm nến
holding_blanket,0,Cầm chăn
holding_sketchbook,0,Cầm sổ phác thảo
holding_baton,0,Cầm cái gậy
holding_cookie,0,Cầm bánh quy
holding_rifle,7,Cầm súng trường
lying_on_water,0,Đang nằm trên nước
holding_dog,0,Cầm chó
holding_flashlight,0,Cầm đèn pin
looking_down_at_genitalia,7,Nhìn xuống bộ phận sinh dục
holding_hips,7,Cầm hông
riding_animal,0,Cưỡi động vật
holding_flower_pot,0,Cầm chậu hoa
kneeling_on_bed,7,Đang quỳ trên giường
hugging_book,0,Ôm sách
figure_four_sitting,0,Tư thế ngồi dáng người bốn
creepy_smile,7,Nụ cười rợn người
knot_sitting,7,Tư thế ngồi nút thắt
holding_above_head,0,Đang cầm bên trên đầu
holding_paint_palette,0,Cầm bảng màu sơn
walking_on_liquid,0,Đang đi bộ trên dạng lỏng
holding_both_thighs,7,Cầm cả hai cái đùi
sitting_on_stool,7,Đang ngồi trên ghế đẩu
sitting_sideways,0,Đang ngồi nghiêng bên
looking_at_flowers,0,Nhìn những bông hoa
open_jumpsuit,0,Áo liền quần mở
holding_collar,0,Cầm vòng cổ
sitting_on_balls,7,Đang ngồi trên tinh hoàn
kissing_viewer,0,Hôn người xem
looking_at_reflection,0,Nhìn ảnh phản chiếu
holding_pumpkin,0,Cầm bí ngô
holding_own_wrist,0,Cầm cổ tay của mình
looking_at_cellphone,7,Nhìn điện thoại di động
yellow_jumpsuit,0,Áo liền quần vàng
holding_star,0,Cầm ngôi sao
holding_drinking_glass,7,Cầm ly uống
holding_knot,7,Cầm nút thắt
holding_polearm_behind_back,0,Cầm vũ khí cán dài phía sau lưng
looking_at_screen,0,Nhìn màn hình
sitting_on_ball,0,Đang ngồi trên quả bóng
striped_blush,0,Má hồng kẻ sọc
holding_bird,0,Cầm chim
sitting_on_toilet,7,Đang ngồi trên bồn cầu
running_away,7,Đang chạy quay ra xa
holding_bone,0,Cầm xương
sitting_on_head,0,Đang ngồi trên đầu
purple_blush,7,Má hồng tím
facing_back,0,Hướng về phía lưng
riding_on_back,7,Cưỡi lưng
red_jumpsuit,0,Áo liền quần đỏ
holding_rabbit,0,Cầm thỏ
sitting_on_animal,0,Đang ngồi trên động vật
sitting_on_water,0,Đang ngồi trên nước
looking_at_vulva,7,Nhìn âm hộ
hugging_butt,7,Ôm mông
holding_with_gesture,0,Giữ bằng cử chỉ tay
holding_drawing,0,Cầm hình vẽ
lying_on_table,7,Đang nằm trên bàn
standing_missionary,0,Đứng tư thế truyền giáo
standing_cunnilingus,0,Đứng kích thích âm hộ bằng miệng
holding_halloween_bucket,0,Cầm xô Halloween
holding_waist,0,Cầm eo
holding_crotch,7,Cầm đũng quần
holding_wine_glass,7,Cầm ly rượu vang
sitting_on_pillow,0,Đang ngồi trên gối
holding_crown,0,Cầm vương miện
holding_headphones,0,Cầm tai nghe chụp đầu
standing_on_object,0,Đang đứng trên vật thể
looking_at_bulge,0,Nhìn phần phồng lên
holding_mushroom,0,Cầm nấm
tear_(marking),7,Giọt nước mắt
holding_bomb,0,Cầm bom
walking_towards_viewer,0,Đang đi bộ về phía người xem
jumpsuit_around_waist,0,Áo liền quần quanh eo
sitting_split,0,Ngồi chia hai
holding_person,7,Cầm người
looking_at_creature,0,Nhìn sinh vật
holding_wrist,7,Cầm cổ tay
explosion_background,0,Nền vụ nổ
kissing_head,0,Hôn đầu
green_blush,7,Má hồng xanh lá
holding_earphones,0,Cầm tai nghe nhét tai
sleeveless_jumpsuit,0,Áo liền quần không tay
single_paw_pose,0,Tư thế chân thú một chiếc
holding_bulge,7,Cầm phần phồng lên
sitting_on_box,0,Đang ngồi trên cái hộp
looking_through_window,0,Nhìn xuyên qua cửa sổ
sitting_on_desk,7,Đang ngồi trên bàn làm việc
holding_chibi,0,Cầm chibi
holding_diaper,7,Cầm tã lót
wave_print,0,Họa tiết sóng
holding_chin,7,Cầm cằm
sitting_on_throne,7,Đang ngồi trên ngai vàng
holding_topwear,7,Cầm trang phục thân trên
lying_on_grass,7,Đang nằm trên cỏ
holding_neck,0,Cầm cổ
sitting_on_rock,7,Đang ngồi trên tảng đá
holding_anchor,0,Cầm cái neo
holding_heart_(organ),0,Cầm trái tim
leaning_sideways,7,Tựa người nghiêng bên
holding_rock,0,Cầm tảng đá
holding_cage,0,Cầm lồng
riding_bicycle,0,Cưỡi xe đạp
holding_knee,7,Cầm đầu gối
running_towards_viewer,0,Đang chạy về phía người xem
holding_with_chopsticks,0,Giữ bằng đôi đũa
head_and_hip_pose,0,Đầu và tư thế hông
sitting_on_food,0,Đang ngồi trên thức ăn
single_claw_pose,0,Tư thế móng vuốt một chiếc
holding_drinking_straw,0,Cầm ống hút
holding_stomach,0,Cầm bụng
holding_wreath,0,Cầm vòng hoa
kneeling_position,7,Quỳ tư thế
pink_jumpsuit,0,Áo liền quần hồng
black_tears,0,Nước mắt đen
riding_dragon,0,Cưỡi rồng
standing_69_position,7,Đứng vị trí 69
blank_expression,7,Biểu cảm trống
holding_cable,0,Cầm cáp
holding_viewer,7,Cầm người xem
sitting_in_window,0,Đang ngồi trong cửa sổ
holding_bottomwear,7,Cầm trang phục thân dưới
holding_both_knees,7,Cầm cả hai đầu gối
holding_beer,7,Cầm bia
holding_scale,0,Cầm vảy
sitting_sex,7,Ngồi quan hệ tình dục
holding_down,7,Đang cầm hướng xuống
holding_dice,0,Cầm xúc xắc
sitting_on_stump,7,Đang ngồi trên gốc cây
holding_case,0,Cầm bao đựng
grey_jumpsuit,0,Áo liền quần xám
kissing_object,0,Hôn vật thể
standing_position,7,Đứng tư thế
ridges,7,Gờ
kissing_pov,7,Hôn góc nhìn thứ nhất
wavy_smile,7,Nụ cười gợn sóng
sitting_on_fence,0,Đang ngồi trên hàng rào
holding_vibrator,7,Cầm đồ chơi rung
elbow_blush,0,Má hồng khuỷu tay
standing_on_person,0,Đang đứng trên người
riding_motorcycle,0,Cưỡi xe máy
neck_blush,0,Má hồng cổ
leaning_on_weapon,0,Tựa người trên vũ khí
looking_at_pectorals,0,Nhìn cơ ngực
sitting_on_partner,7,Đang ngồi trên bạn tình
looking_at_crotch,0,Nhìn đũng quần
lying_on_partner,7,Đang nằm trên bạn tình
cheek_blush,7,Má hồng gò má
sitting_on_grass,7,Đang ngồi trên cỏ
colored_tears,0,Nước mắt nhuộm màu
holding_own_knot,7,Cầm nút thắt của mình
holding_banner,0,Cầm biểu ngữ
kiss_on_forehead,7,Hôn trên trán
holding_ankle,7,Cầm cổ chân
holding_planet,0,Cầm hành tinh
holding_lamp,0,Cầm đèn
holding_back,0,Đang cầm ngả về sau
orange_blush,7,Má hồng cam
holding_crystal,0,Cầm pha lê
standing_missionary_position,7,Đứng tư thế truyền giáo
sitting_on_wall,0,Đang ngồi trên bức tường
holding_snowman,0,Cầm người tuyết
holding_tentacle,0,Cầm xúc tu
holding_katana,7,Cầm kiếm katana
sitting_on_pumpkin,7,Đang ngồi trên bí ngô
awkward_smile,7,Nụ cười gượng
standing_on_balls,7,Đang đứng trên tinh hoàn
pushing_bicycle,0,Đang đẩy xe đạp
wide_smile,7,Nụ cười rộng
leaning_out_of_window,0,Tựa người thò ra cửa sổ
crystal_flower,0,Hoa pha lê
holding_bread,0,Cầm bánh mì
zipper_jumpsuit,7,Áo liền quần khóa kéo
holding_own_head,0,Cầm đầu của mình
feminine_pose,7,Tư thế nữ tính
looking_inside,0,Nhìn bên trong
holding_own_sheath,7,Cầm bao dương vật của mình
riding_person,0,Cưỡi người
holding_vase,0,Cầm lọ hoa
holding_clover,0,Cầm cỏ ba lá
facial_expressions,7,Biểu cảm trên mặt
holding_up,7,Đang cầm hướng lên
sitting_on_knees,7,Đang ngồi trên đầu gối
holding_baton_(weapon),0,Cầm cái gậy
leaning_against_wall,7,Tựa vào bức tường
yellow_blush,0,Má hồng vàng
looking_at_ass,0,Nhìn mông
standing_double_penetration,0,Đứng sự thâm nhập kép
sitting_on_car,7,Đang ngồi trên ô tô
lotus_pose,7,Tư thế sen
sitting_on_glass,7,Đang ngồi trên thủy tinh
holding_coffee_mug,7,Cầm cốc có quai cà phê
standing_on_chair,0,Đang đứng trên ghế
sitting_in_water,7,Đang ngồi trong nước
kissing_animal,0,Hôn động vật
looking_aside_at_viewer,7,Nhìn sang bên người xem
ass_blush,0,Má hồng mông
holding_coffee_cup,7,Cầm cốc cà phê
holding_bandages,0,Cầm băng gạc
holding_ornament,0,Cầm đồ trang trí
holding_micro,7,Cầm rất nhỏ
black_blush,7,Má hồng đen
sitting_on_back,7,Đang ngồi trên lưng
holding_helmet,7,Cầm mũ bảo hiểm
holding_coffee_pot,0,Cầm chậu cà phê
holding_apple,7,Cầm táo
kiss_on_butt,7,Hôn trên mông
holding_tablet,7,Cầm bảng vẽ
rider,7,Người cưỡi
holding_legwear,0,Cầm trang phục chân
riding_bird,0,Cưỡi chim
holding_drawing_tablet,0,Cầm bảng vẽ
head_ridge,7,Gờ đầu
sitting_on_vehicle,7,Đang ngồi trên xe cộ
holding_organ,0,Cầm nội tạng
transformation_through_kiss,7,Biến hình xuyên qua hôn
brown_jumpsuit,0,Áo liền quần nâu
looking_out_window,7,Nhìn ra ngoài cửa sổ
looking_at_prey,7,Nhìn con mồi
holding_bat,7,Cầm dơi
standing_on_weapon,0,Đang đứng trên vũ khí
holding_paws,7,Cầm bàn chân thú
leaning_on_tree,7,Tựa người trên cây
holding_tea_cup,7,Cầm cốc trà
holding_veil,0,Cầm màn che mặt
kissing_stomach,0,Hôn bụng
holding_behind_neck,0,Đang cầm phía sau cổ
leaning_against_motorcycle,0,Tựa vào xe máy
collared_jumpsuit,0,Áo liền quần có cổ
holding_onto_partner,7,Đang cầm lên bạn tình
purple_jumpsuit,0,Áo liền quần tím
looking_at_pussy,0,Nhìn âm hộ
holding_gag,0,Cầm nhét miệng
kissing_back,0,Đang hôn ngả về sau
leaning_on_railing,7,Tựa người trên lan can
leaning_against_vehicle,0,Tựa vào xe cộ
holding_bandaid,0,Cầm băng cá nhân
sitting_on_diaper,7,Đang ngồi trên tã lót
looking_at_diaper,7,Nhìn tã lót
looking_at_balls,7,Nhìn tinh hoàn
bound_puppy_pose,0,Tư thế bị trói chó con
holding_beach_ball,7,Cầm quả bóng bãi biển
arrow_(jojo),0,Mũi tên
holding_snake,0,Cầm rắn
holding_rose,7,Cầm hoa hồng
holding_chair,0,Cầm ghế
blush_spirals,0,Đường xoáy má hồng
holding_wheat,0,Cầm lúa mì
hooded_jumpsuit,0,Áo liền quần có mũ trùm
leaning_on_furniture,7,Tựa người trên đồ nội thất
holding_moon,0,Cầm mặt trăng
standing_on_box,0,Đang đứng trên cái hộp
holding_figure,0,Cầm dáng người
sitting_on_book,0,Đang ngồi trên sách
tears_on_cheek,7,Nước mắt trên má
looking_at_own_vulva,7,Nhìn âm hộ của mình
standing_fellatio,0,Đứng quan hệ bằng miệng
holding_calf,7,Cầm bắp chân
leaning_on_animal,0,Tựa người trên động vật
teardrop-shaped_gem,0,Đá quý hình giọt nước
sitting_on_building,7,Đang ngồi trên tòa nhà
holding_alcohol,7,Cầm đồ uống có cồn
thigh_blush,0,Má hồng đùi
lying_on_pillow,7,Đang nằm trên gối
frog_pose,0,Tư thế ếch
holding_eyepatch,0,Cầm miếng che mắt
cake_sitting,7,Tư thế ngồi bánh ngọt
looking_at_sex,7,Nhìn quan hệ tình dục
holding_vehicle,7,Cầm xe cộ
standing_over_viewer,7,Đang đứng phía trên người xem
holding_from_behind,7,Cầm góc nhìn từ phía sau
hugging_balls,7,Ôm tinh hoàn
holding_cum,0,Cầm tinh dịch
waving_flag,0,Đang vẫy hình cờ
lying_on_animal,0,Đang nằm trên động vật
sailor_moon_pose,0,Tư thế mặt trăng thủy thủ
cute_pose,7,Tư thế dễ thương
holding_knife_behind_back,0,Cầm con dao phía sau lưng
sitting_on_bulge,7,Đang ngồi trên phần phồng lên
poses,0,Tư thế
holding_cheek,7,Cầm má
sitting_on_armchair,7,Đang ngồi trên ghế bành
holding_child,7,Cầm trẻ em
crystal_star_(sailor_moon),0,Ngôi sao pha lê
looking_at_sex_toy,7,Nhìn đồ chơi tình dục
leaning_on_counter,7,Tựa người trên quầy
holding_water_bottle,7,Cầm cái chai nước
horse_pose,0,Tư thế ngựa
sitting_on_own_balls,7,Đang ngồi trên tinh hoàn của mình
standing_masturbation,7,Đứng thủ dâm
leaning_on_fence,7,Tựa người trên hàng rào
team_pose,7,Tư thế đội
looking_confused,7,Nhìn bối rối
holding_cube,0,Cầm khối lập phương
sitting_at_table,7,Ngồi bàn
holding_shin,7,Cầm cẳng chân
holding_wrists,7,Cầm cổ tay
standing_restraints,0,Đứng dụng cụ trói
holding_swimwear,7,Cầm đồ bơi
holding_hourglass,0,Cầm đồng hồ cát
looking_at_book,7,Nhìn sách
unusual_tears,7,Nước mắt bất thường
standing_in_rain,0,Đang đứng trong mưa
tearing_paper,0,Đang xé giấy
tears_facial_mark,0,Dấu trên mặt nước mắt
sitting_on_counter,7,Đang ngồi trên quầy
sitting_on_tree,7,Đang ngồi trên cây
holding_tree,0,Cầm cây
holding_weights,7,Cầm cân nặng
kneeling_on_liquid,0,Đang quỳ trên dạng lỏng
holding_erection,7,Cầm cương cứng
kissing_thigh,0,Hôn đùi
blush_symbol,7,Biểu tượng má hồng
holding_acorn,0,Cầm quả sồi
holding_clock,0,Cầm đồng hồ
hugging_partner,7,Ôm bạn tình
holding_head_wreath,0,Cầm vòng hoa đầu
unzipped_jumpsuit,7,Áo liền quần kéo khóa
holding_tablet_pen,7,Cầm bút máy bảng vẽ
running_on_liquid,0,Đang chạy trên dạng lỏng
wavy_background,0,Nền gợn sóng
holding_barbell,7,Cầm thanh thẳng
holding_buttplug,7,Cầm chậu hậu môn
standing_on_swing,0,Đang đứng trên cái đu
holding_prey,7,Cầm con mồi
looking_at_penetration,7,Nhìn thâm nhập
holding_slingshot,0,Cầm dây chéo
holding_halo,0,Cầm vầng hào quang
holding_flame,0,Cầm ngọn lửa
smile_(e.g.o),0,Mỉm cười
lying_on_top,7,Đang nằm trên áo
grey_blush,7,Má hồng xám
holding_cocktail,7,Cầm cocktail
sitting_on_butt,7,Đang ngồi trên mông
holding_holly,0,Cầm cây nhựa xanh
looking_at_own_genitalia,7,Nhìn bộ phận sinh dục của mình
holding_soap,0,Cầm bọt xà phòng
beak_hold,0,Cái giữ mỏ
forehead_blush,0,Má hồng trán
holding_beer_mug,7,Cầm cốc có quai bia
looking_down_at_butt,7,Nhìn xuống mông
heart-shaped_blush_stickers,0,Nhãn dán hình trái tim má hồng
sitting_69_position,7,Ngồi vị trí 69
standing_on_rock,0,Đang đứng trên tảng đá
looking_at_sibling,7,Nhìn anh chị em
standing_on_branch,0,Đang đứng trên cành cây
looking_at_dildo,7,Nhìn dương vật giả
holding_pie,7,Cầm bánh nhân
torn_jumpsuit,0,Áo liền quần bị rách
sitting_on_planet,7,Đang ngồi trên hành tinh
looking_at_doll,0,Nhìn búp bê
standing_on_stool,7,Đang đứng trên ghế đẩu
wavy_mane,7,Bờm gợn sóng
facing_animal,0,Hướng về phía động vật
holding_tube,0,Cầm dạng ống
holding_pecs,7,Cầm cơ ngực
holding_basketball,7,Cầm bóng rổ
neck_hold,0,Cái giữ cổ
holding_bug,0,Cầm bọ
sitting_on_liquid,0,Đang ngồi trên dạng lỏng
holding_grass,0,Cầm cỏ
holding_banana,7,Cầm chuối
head_hold,0,Cái giữ đầu
standing_on_sword,0,Đang đứng trên kiếm
leaning_hips,7,Tựa vào hông
holding_hip,7,Cầm hông
two-tone_jumpsuit,0,Áo liền quần hai tông
lying_butler_position,7,Nằm tư thế quản gia
kneeling_on_sofa,7,Đang quỳ trên ghế bành
looking_at_back,7,Nhìn lưng
looking_down_at_object,7,Nhìn xuống vật thể
sitting_on_viewer,7,Đang ngồi trên người xem
crooked_smile,0,Nụ cười lệch
sitting_on_furniture,7,Đang ngồi trên đồ nội thất
kiss_on_balls,7,Hôn trên tinh hoàn
holding_paw,0,Cầm bàn chân thú
standing_on_bed,0,Đang đứng trên giường
lying_on_branch,0,Đang nằm trên cành cây
white_blush,7,Má hồng trắng
leaning_on_bed,7,Tựa người trên giường
holding_soda,7,Cầm nước ngọt
frill_ridge,7,Gờ diềm xếp
holding_straw,0,Cầm rơm
standing_on_table,7,Đang đứng trên bàn
facing_object,0,Hướng về phía vật thể
sitting_on_another's_back,0,Đang ngồi trên của người khác ngả về sau
holding_feral,7,Cầm động vật không nhân hóa
laughing_at_viewer,7,Cười trước người xem
crotch_blush,7,Má hồng đũng quần
holding_frog,0,Cầm ếch
leaning_on_car,7,Tựa người trên ô tô
riding_machine,0,Cưỡi máy móc
floating_tears,0,Nước mắt lơ lửng
holding_anal_beads,7,Cầm hạt chuỗi hậu môn
forced_to_top,7,Bị ép buộc tới áo
sitting_on_swing,7,Đang ngồi trên cái đu
blood_tears,7,Nước mắt máu
holding_snout,7,Cầm mõm
waist_hold,0,Cái giữ eo
holding_present,7,Cầm xuất hiện
blush_(makeup),7,Đỏ mặt
holding_skeleton,0,Cầm bộ xương
holding_meat,7,Cầm thịt
holding_cheese,7,Cầm phô mai
holding_blindfold,0,Cầm băng bịt mắt
leaning_on_desk,7,Tựa người trên bàn làm việc
holding_portrait,0,Cầm chân dung
orgasm_from_kissing,7,Cực khoái từ đang hôn
holding_melon,7,Cầm dưa
holding_makeup_palette,0,Cầm bảng màu trang điểm
lying_in_water,7,Đang nằm trong nước
sitting_position,7,Ngồi tư thế
riding_dinosaur,0,Cưỡi khủng long
jumpsuit_pull,0,Kéo áo liền quần
lying_sex,7,Nằm quan hệ tình dục
spoken_smile,0,Nụ cười trong bóng thoại
blush_marks,7,Dấu má hồng
holding_hood,0,Cầm mũ trùm
sitting_on_robot,0,Đang ngồi trên người máy
holding_teddy_bear,7,Cầm gấu bông
holding_pendant,0,Cầm mặt dây chuyền
holding_own_butt,7,Cầm mông của mình
holding_christmas_tree,0,Cầm cây Giáng sinh
striped_jumpsuit,0,Áo liền quần kẻ sọc
holding_watermelon,7,Cầm dưa hấu
tearing_bottomwear,7,Đang xé trang phục thân dưới
sitting_on_mushroom,0,Đang ngồi trên nấm
camera_hold_pose_(han-0v0),0,Tư thế máy ảnh cái giữ
holding_painting,0,Cầm bức tranh
lying_on_bench,7,Đang nằm trên ghế dài
holding_bubble,0,Cầm bọt khí
lying_on_desk,7,Đang nằm trên bàn làm việc
holding_pouch,0,Cầm túi con
looking_from_above,7,Nhìn góc nhìn từ trên
holding_feces,7,Cầm phân
sitting_in_car,7,Đang ngồi trong ô tô
facial_expression,7,Biểu cảm trên mặt
strapless_jumpsuit,0,Áo liền quần không quai
holding_building,7,Cầm tòa nhà
holding_side,7,Cầm lệch bên
lying_on_ball,0,Đang nằm trên quả bóng
sitting_on_railing,7,Đang ngồi trên lan can
holding_table,0,Cầm bàn
brown_blush,7,Má hồng nâu
sitting_at_desk,7,Ngồi bàn làm việc
looking_at_stomach,0,Nhìn bụng
leaning_against_object,7,Tựa vào vật thể
kneeling_over_dildo,7,Đang quỳ phía trên dương vật giả
lying_on_chair,7,Đang nằm trên ghế
car_hood_pose,7,Tư thế ô tô mũ trùm
human_kissing_anthro,7,Nhân vật nhân hóa hôn người
holding_elbow,7,Cầm khuỷu tay
looking_at_photo,7,Nhìn ảnh chụp
leaning_on_broom,0,Tựa người trên cây chổi
sitting_on_balloon,7,Đang ngồi trên bóng bay
holding_headband,0,Cầm băng đô
standing_oral,7,Đứng quan hệ bằng miệng
holding_sash,0,Cầm đai vải
rib_ridge,7,Gờ xương sườn
kneeling_in_water,7,Đang quỳ trong nước
looking_at_paper,7,Nhìn giấy
standing_on_animal,0,Đang đứng trên động vật
standing_up,0,Đang đứng hướng lên
blushing_at_partner,7,Đỏ mặt nhìn bạn tình
sitting_back,7,Đang ngồi ngả về sau
holding_coffee,7,Cầm cà phê
holding_lube,7,Cầm chất bôi trơn
holding_neckerchief,0,Cầm khăn quàng cổ
tied_jumpsuit,0,Áo liền quần được buộc
leaning_on_rock,7,Tựa người trên tảng đá
riding_horse,7,Cưỡi ngựa
sitting_on_weapon,0,Đang ngồi trên vũ khí
holding_disposable_cup,7,Cầm cốc dùng một lần
holding_in_urine,7,Đang cầm trong nước tiểu
riding_boar,0,Cưỡi lợn rừng
sitting_on_creature,0,Đang ngồi trên sinh vật
crystal_heart,7,Trái tim pha lê
peaceful_expression,7,Biểu cảm yên tĩnh
licking_tears,0,Đang liếm nước mắt
glowing_blush,7,Má hồng phát sáng
kiss_on_vulva,7,Hôn trên âm hộ
holding_ball_and_chain_(weapon),0,Cầm quả bóng và dây chuyền
holding_lipstick,7,Cầm son môi
sitting_on_mecha,0,Đang ngồi trên mecha
leaning_against_tree,7,Tựa vào cây
multicolored_jumpsuit,0,Áo liền quần nhiều màu
cock_sitting,7,Tư thế ngồi dương vật
holding_in_feces,7,Đang cầm trong phân
standing_on_partner,7,Đang đứng trên bạn tình
holding_own_balls,7,Cầm tinh hoàn của mình
kneeling_on_chair,7,Đang quỳ trên ghế
holding_hairpin,0,Cầm kẹp tóc
holding_object_above_head,7,Cầm vật bên trên đầu
holding_rubber_duck,0,Cầm vịt cao su
sitting_on_pokemon,0,Đang ngồi trên pokémon
tearing_topwear,7,Đang xé trang phục thân trên
fluffy_white_puppy_expressions_(meme),0,Biểu cảm lông xù chó con trắng
holding_ladder,0,Cầm thang
looking_at_paw,7,Nhìn bàn chân thú
looking_at_cup,0,Nhìn cốc
holding_throat,7,Cầm cổ họng
leaning_on_building,7,Tựa người trên tòa nhà
cum_from_kissing,7,Tinh dịch từ đang hôn
standing_on_butt,7,Đang đứng trên mông
turtleneck_jumpsuit,0,Áo liền quần cổ lọ
holding_forearm,7,Cầm cẳng tay
holding_butterfly,0,Cầm bươm bướm
slit_throat_(gesture),0,Cổ họng xẻ tà
hoof_blush,7,Má hồng móng guốc
kissing_ass,0,Hôn mông
riding_shark,0,Cưỡi cá mập
colored_blush,0,Má hồng nhuộm màu
bloody_tears,7,Nước mắt vấy máu
lying_on_car,7,Đang nằm trên ô tô
holding_bulb,0,Cầm bóng đèn
leaning_on_ball,0,Tựa người trên quả bóng
looking_smug,7,Nhìn vẻ mặt tự mãn
holding_perfume,0,Cầm nước hoa
standing_in_urine,7,Đang đứng trong nước tiểu
standing_on_desk,0,Đang đứng trên bàn làm việc
holding_sheep,0,Cầm cừu
scorpion_pose,0,Tư thế bọ cạp
waterfall_tears,7,Nước mắt thác nước
letter_pose,0,Tư thế bức thư
walking_on_water,7,Đang đi bộ trên nước
looking_at_plant,7,Nhìn thực vật
holding_muzzle,7,Cầm mõm
holding_ghost,0,Cầm ma
kneeling_over_partner,7,Đang quỳ phía trên bạn tình
kneeling_on_table,7,Đang quỳ trên bàn
holding_onion,7,Cầm hành tây
matching_pose,0,Tư thế đồng bộ
holding_with_tentacle,0,Giữ bằng xúc tu
holding_volleyball,7,Cầm bóng chuyền
leaning_on_elbows,7,Tựa người trên khuỷu tay
holding_button,0,Cầm cúc áo
neck_ridge,7,Gờ cổ
armpit_hold,0,Cái giữ nách
holding_light_bulb,0,Cầm bóng đèn
holding_hooves,7,Cầm móng guốc
lying_on_butt,7,Đang nằm trên mông
holding_briefs,7,Cầm quần lót tam giác
facing_partner,7,Hướng về phía bạn tình
head_blush,0,Má hồng đầu
painted_on_smile,7,Vẽ họa tiết trên mỉm cười
holding_thong,7,Cầm quần lót dây
holding_tiara,0,Cầm vương miện nhỏ
tan_blush,7,Má hồng nâu rám nắng
standing_on_head,7,Đang đứng trên đầu
standing_on_planet,7,Đang đứng trên hành tinh
expression_print,7,Họa tiết biểu cảm
holding_dragon_ball,0,Cầm quả bóng rồng
hugging_ass,0,Ôm mông
leaning_on_vehicle,7,Tựa người trên xe cộ
lying_on_balloon,7,Đang nằm trên bóng bay
looking_straight,7,Nhìn thẳng
holding_headdress,0,Cầm đồ đội đầu
holding_cards,7,Cầm thẻ
sitting_on_cloud,7,Đang ngồi trên mây
looking_at_fire,0,Nhìn lửa
walking_on_wall,0,Đang đi bộ trên bức tường
looking_at_internal_bulge,7,Nhìn chỗ lùm lùm bên trong
holding_beer_bottle,7,Cầm cái chai bia
holding_severed_head,7,Cầm đầu bị cắt lìa
fake_smile,7,Nụ cười giả
holding_milk,7,Cầm sữa
glistening_tears,7,Nước mắt bóng nhẫy
walking_on_railing,0,Đang đi bộ trên lan can
looking_at_flower,7,Nhìn hoa
sitting_in_box,7,Đang ngồi trong cái hộp
sitting_on_micro,7,Đang ngồi trên rất nhỏ
holding_corn,0,Cầm ngô
kissing_skull,0,Hôn đầu lâu
leaning_down,7,Tựa người hướng xuống
lying_on_towel,7,Đang nằm trên khăn tắm
looking_at_monster,0,Nhìn quái vật
glowing_tears,0,Nước mắt phát sáng
ribbed_jumpsuit,0,Áo liền quần sống dọc
looking_at_cumshot,7,Nhìn xuất tinh lên ảnh
armpit_blush,7,Má hồng nách
hugging_blanket,0,Ôm chăn
lying_on_sand,7,Đang nằm trên cát
sitting_on_towel,7,Đang ngồi trên khăn tắm
looking_through_donut,0,Nhìn xuyên qua bánh donut
holding_antler,7,Cầm gạc hươu
crystal_temple_(steven_universe),0,Thái dương pha lê
vertical-striped_jumpsuit,0,Áo liền quần dọc kẻ sọc
teal_blush,7,Má hồng xanh cổ vịt
flying_tears,7,Nước mắt bay
fake_tears,0,Nước mắt giả
holding_railing,7,Cầm lan can
jumpsuit_down,7,Áo liền quần hướng xuống
sitting_on_thigh,0,Đang ngồi trên đùi
running_on_all_fours,7,Đang chạy trên tư thế chống bằng bốn chi
sitting_on_character,7,Đang ngồi trên nhân vật
sitting_in_urine,7,Đang ngồi trong nước tiểu
crystal_cave,7,Hang động pha lê
looking_at_tablet,7,Nhìn bảng vẽ
looking_at_clipboard,7,Nhìn bảng kẹp giấy
leaning_on_chair,7,Tựa người trên ghế
spiral_blush,7,Má hồng xoắn ốc
holding_cheeks,7,Cầm má
holding_shell,7,Cầm vỏ
yellow_tears,7,Nước mắt vàng
sitting_on_cage,0,Đang ngồi trên lồng
looking_at_moon,7,Nhìn mặt trăng
looking_at_side,7,Nhìn lệch bên
octopus_hold,0,Cái giữ bạch tuộc
holding_drawing_pen,7,Cầm đang vẽ bút máy
holding_mustache,0,Cầm ria mép
holding_up_partner,7,Cầm lên bạn tình
holding_with_stirrups,7,Giữ bằng bàn đạp
holding_wood,7,Cầm gỗ
holding_bun,0,Cầm búi tóc
sitting_in_shadow,0,Đang ngồi trong bóng đổ
kiss_on_head,7,Hôn trên đầu
leaning_on_sword,7,Tựa người trên kiếm
holding_soccer_ball,7,Cầm quả bóng đá
holding_scrunchie,0,Cầm dây buộc tóc vải
holding_chastity_cage,7,Cầm lồng trinh tiết
standing_on_another's_back,0,Đang đứng trên của người khác ngả về sau
standing_on_stairs,7,Đang đứng trên cầu thang
wavy_frown,7,Nhăn mặt gợn sóng
riding_diaper,7,Cưỡi tã lót
riding_tiger,0,Cưỡi hổ
looking_at_sheath,7,Nhìn bao kiếm
jumping_on_bed,0,Đang nhảy trên giường
holding_pussy,7,Cầm âm hộ
holding_strawberry,7,Cầm dâu tây
kissing_pectoral,0,Hôn cơ ngực
sitting_on_tentacle,0,Đang ngồi trên xúc tu
holding_pot,7,Cầm chậu
squid_pose,0,Tư thế mực
holding_car,7,Cầm ô tô
print_jumpsuit,0,Áo liền quần họa tiết
looking_from_below,7,Nhìn góc nhìn từ dưới
royal_pose,7,Tư thế hoàng gia
looking_at_son,7,Nhìn con trai
drawn_blush,0,Má hồng vẽ
kneeling_on_grass,7,Đang quỳ trên cỏ
crystal_print,0,Họa tiết pha lê
sitting_under_tree,7,Đang ngồi bên dưới cây
holding_testicles,0,Cầm tinh hoàn
holding_baseball,7,Cầm bóng chày
kissing_bulge,0,Hôn phần phồng lên
holding_note,7,Cầm nốt nhạc
sitting_on_blanket,7,Đang ngồi trên chăn
looking_at_cum,7,Nhìn tinh dịch
sitting_on_stuffed_toy,0,Đang ngồi trên thú nhồi bông
looking_at_window,7,Nhìn cửa sổ
leaning_on_door,7,Tựa người trên cánh cửa
leaning_on_surface,7,Tựa người trên bề mặt
riding_bear,0,Cưỡi gấu
holding_vine,7,Cầm dây leo
standing_on_cloud,7,Đang đứng trên mây
star_tears,0,Nước mắt ngôi sao
riding_bomb,0,Cưỡi bom
lying_on_glass,7,Đang nằm trên thủy tinh
looking_up_at_object,7,Nhìn lên vật thể
looking_at_feces,7,Nhìn phân
bending_barbell,0,Đang bẻ cong thanh thẳng
sitting_on_tree_stump,7,Đang ngồi trên gốc cây
holding_cocktail_glass,7,Cầm ly cocktail
holding_tennis_ball,7,Cầm quả bóng quần vợt
holding_own_stomach,0,Cầm bụng của mình
hoof_hold,7,Cái giữ móng guốc
holding_ball_on_hip,7,Cầm quả bóng trên hông
tree_pose,7,Tư thế cây
hugging_head,7,Ôm đầu
riding_on_head,7,Cưỡi đầu
flirting_expression,7,Tán tỉnh biểu cảm
looking_at_weapon,7,Nhìn vũ khí
looking_through_fence,0,Nhìn xuyên qua hàng rào
bending_knees,7,Đang bẻ cong đầu gối
holding_foreskin,7,Cầm bao quy đầu
holding_milk_bottle,7,Cầm cái chai sữa
stomach_blush,0,Má hồng bụng
laughing_girls_(meme),0,Cười trước cô gái
standing_on_water,7,Đang đứng trên nước
looking_at_child,7,Nhìn trẻ em
lying_on_hammock,7,Đang nằm trên võng
holding_potted_plant,7,Cầm cây cảnh trồng chậu
holding_both_calves,7,Cầm cả hai bắp chân
foreskin_blush,7,Má hồng bao quy đầu
kiss_on_neck,7,Hôn trên cổ
walking_in_water,7,Đang đi bộ trong nước
kissing_tentacle,0,Hôn xúc tu
sitting_on_egg,7,Đang ngồi trên trứng
crystal_(ff9),0,Pha lê
crystal_tower_(ff14),0,Tháp pha lê
kneeling_on_floor,7,Đang quỳ trên sàn nhà
standing_on_books,7,Đang đứng trên quyển sách
looking_at_card,0,Nhìn thẻ
looking_down_at_bulge,7,Nhìn xuống phần phồng lên
gold_tears,0,Nước mắt vàng kim
blush_visible_through_blindfold,0,Đỏ mặt nhìn thấy được xuyên qua băng bịt mắt
cheerleader_pose,7,Tư thế cổ động viên
lying_on_pokemon,0,Đang nằm trên pokémon
lying_on_tree,7,Đang nằm trên cây
holding_box_of_chocolates,7,Cầm cái hộp sô-cô-la
holding_tassel,0,Cầm tua rua
holding_wine_bottle,7,Cầm cái chai rượu vang
lying_on_object,7,Đang nằm trên vật thể
hugging_knees,7,Ôm đầu gối
bending_object,0,Đang bẻ cong vật thể
looking_at_beverage,7,Nhìn đồ uống
sitting_in_feces,7,Đang ngồi trong phân
kissing_testicles,0,Hôn tinh hoàn
leaning_on_sofa,7,Tựa người trên ghế bành
watermelon_knee_pose_(han-0v0),0,Tư thế đầu gối dưa hấu
sitting_on_side,7,Đang ngồi trên lệch bên
sitting_on_soles,7,Đang ngồi trên lòng bàn chân
looking_at_money,7,Nhìn tiền
looking_at_pecs,7,Nhìn cơ ngực
looking_down_at_diaper,7,Nhìn xuống tã lót
holding_stamp,0,Cầm con dấu
holding_own_neckwear,0,Cầm phụ kiện cổ của mình
holding_curtain,7,Cầm rèm
crystal_skull,0,Đầu lâu pha lê
kissing_sheath,7,Hôn bao kiếm
standing_cowgirl_position,7,Đứng tư thế cưỡi ngựa
standing_in_feces,7,Đang đứng trong phân
standing_on_rocks,7,Đang đứng trên tảng đá
standing_over_dildo,7,Đang đứng phía trên dương vật giả
city_of_tears,0,Thành phố nước mắt
anthro_kissing_male,7,Nhân vật nam hôn nhân hóa
holding_grapes,7,Cầm nho
holding_sticker,0,Cầm nhãn dán
looking_side,7,Nhìn lệch bên
looking_at_cloaca,7,Nhìn lỗ huyệt
pussy_hold,0,Cái giữ âm hộ
sitting_on_ass,0,Đang ngồi trên mông
sitting_on_cock,7,Đang ngồi trên dương vật
beak_sitting,7,Tư thế ngồi mỏ
looking_at_bottle,7,Nhìn cái chai
holding_sunflower,7,Cầm hướng dương
holding_snowflake,0,Cầm bông tuyết
holding_robot,0,Cầm người máy
holding_palette,7,Cầm bảng màu
holding_head_down,7,Cầm đầu hướng xuống
holding_energy_drink,7,Cầm đồ uống năng lượng
holding_bus,7,Cầm xe buýt
holding_bloomers,0,Cầm quần phồng
butt_hold,7,Cái giữ mông
kiss_on_beak,7,Hôn trên mỏ
ridge,7,Gờ
kneeling_on_bench,7,Đang quỳ trên ghế dài
kissing_chin,0,Hôn cằm
holding_light,7,Cầm nhạt
holding_pasties,0,Cầm miếng che núm vú
holding_paint_can,7,Cầm lon sơn
looking_down_at_pussy,7,Nhìn xuống âm hộ
looking_at_paws,7,Nhìn bàn chân thú
looking_at_parent,7,Nhìn cha mẹ
looking_at_own_balls,7,Nhìn tinh hoàn của mình
standing_on_glass,7,Đang đứng trên thủy tinh
