monochrome,0,Đơn sắc
comic,0,Truyện tranh
sketch,0,Phác thảo
chibi_only,0,Chỉ có chibi
anime_coloring,0,Tô màu anime
pixel_art,0,Tranh pixel
3d,0,Hình ảnh 3D
partially_colored,0,Được tô màu một phần
lineart,0,Nét vẽ
painting_(object),0,Bức tranh
flat_color,0,Màu phẳng
traditional_halo,0,Vầng hào quang truyền thống
no_lineart,0,Không có nét vẽ
sketchbook,0,Sổ phác thảo
painting_(action),0,Bức tranh
multiple_monochrome,0,Nhiều đơn sắc
thick_lineart,0,Nét vẽ dày
photorealistic,0,Phong cách ảnh chân thực
colored_lineart,0,Nét vẽ nhuộm màu
chibi_on_head,0,Chibi trên đầu
painted_claws,7,Móng vuốt vẽ họa tiết
painted_balls,7,Tinh hoàn vẽ họa tiết
painted_butt,7,Mông vẽ họa tiết
painting_fingernails,0,Đang vẽ móng tay
painting_toenails,0,Đang vẽ móng chân
cave_painting,7,Bức tranh hang động
painted_stripes,7,Sọc vẽ họa tiết
painting_on_wall,7,Bức tranh trên bức tường
painted_hooves,7,Vó vẽ họa tiết
egg_painting,0,Bức tranh trứng
brown_monochrome,7,Màu nâu đơn sắc
color_sketch,7,Bản phác thảo màu
mostly_monochrome,7,Chủ yếu đơn sắc
painted_markings,7,Vằn vẽ họa tiết
blue_lineart,0,Nét vẽ xanh dương
american_traditional_tattoo,0,Hình xăm truyền thống Mỹ
pencil_sketch,7,Bản phác thảo bút chì
wall_painting,7,Bức tranh bức tường
detailed_sketch,7,Bản phác thảo có chi tiết
painting_claws,7,Đang vẽ móng vuốt
torn_painting,0,Bức tranh bị rách
tan_monochrome,7,Da rám nắng đơn sắc
clean_lineart,7,Nét vẽ sạch
red_lineart,0,Nét vẽ đỏ
detailed_painting,7,Bức tranh có chi tiết
outline_with_lineart,0,Đường viền kèm nét vẽ
