day,0,Ban ngày
glowing,0,Phát sáng
night,0,Ban đêm
white_border,0,Viền trắng
shadow,0,Bóng đổ
sunlight,0,Ánh nắng
tiger,0,Hổ
white_sailor_collar,0,Cổ thủy thủ trắng
blue_sailor_collar,0,Cổ thủy thủ xanh dương
pink_areola,7,Quầng vú hồng
light_particles,0,Hạt sáng
red_neckerchief,0,Khăn quàng cổ đỏ
colored_sclera,0,Củng mạc có màu
spot_color,0,Màu đốm
white_outline,0,Đường viền trắng
black_border,0,Viền ảnh đen
light,7,Nhạt
black_sailor_collar,0,Cổ áo thủy thủ màu đen
blue_halo,0,Vầng hào quang xanh dương
black_collar,0,Cổ áo màu đen
sunset,0,Hoàng hôn
pink_halo,0,Vầng hào quang hồng
black_claws,0,Móng vuốt đen
pink_pawpads,7,Đệm gan bàn chân hồng
black_topwear,7,Áo đen
backlighting,0,Ánh sáng ngược
alternate_color,0,Màu khác
white_topwear,7,Áo trắng
white_feathers,0,Lông vũ trắng
blue_feathers,0,Lông vũ xanh dương
blue_theme,0,Chủ đề xanh dương
white_balls,7,Tinh hoàn trắng
chocolate,0,Sô-cô-la
green_scales,0,Vảy xanh lá
red_halo,0,Vầng hào quang đỏ
yellow_halo,0,Vầng hào quang vàng
black_bottomwear,7,Đồ mặc dưới đen
white_capelet,0,Áo choàng ngắn trắng
blue_scales,0,Vảy xanh dương
red_panda,0,Gấu trúc đỏ
blue_topwear,7,Áo xanh dương
light_rays,0,Tia sáng
black_tank_top,0,Áo hai dây đen
yellow_neckerchief,0,Khăn quàng cổ vàng
white_tank_top,0,Áo hai dây trắng
blue_gem,0,Đá quý xanh dương
white_wrist_cuffs,0,Ống bọc cổ tay cổ tay trắng
blue_neckerchief,0,Khăn quàng cổ xanh dương
black_legwear,7,Đồ che chân màu đen
colored_tips,0,Đầu chóp nhuộm màu
red_topwear,7,Áo đỏ
white_collar,0,Cổ áo màu trắng
red_scales,0,Vảy đỏ
limited_palette,0,Bảng màu hạn chế
blue_bottomwear,7,Đồ mặc dưới xanh dương
black_scales,0,Vảy đen
black_capelet,0,Áo choàng ngắn đen
dark,0,Sẫm
white_claws,7,Móng vuốt trắng
black_feathers,0,Lông vũ đen
red_collar,0,Cổ áo màu đỏ
light_frown,0,Nhăn mặt nhạt
white_scales,0,Vảy trắng
red_eyeshadow,0,Phấn mắt đỏ
black_balls,7,Tinh hoàn đen
white_handwear,7,Đồ che tay trắng
green_topwear,7,Áo xanh lá
yellow_feathers,0,Lông vũ vàng
multicolored_scales,0,Vảy nhiều màu
shade,0,Bóng râm
pink_theme,0,Chủ đề hồng
black_suit,0,Bộ đồ màu đen
white_sclera,7,Củng mạc trắng
red_eyeliner,0,Kẻ mắt đỏ
black_markings,7,Vằn đen
black_cat,0,Mèo đen
red_hakama,0,Quần hakama đỏ
leopard,0,Báo
rainbow,0,Màu cầu vồng
red_gem,0,Đá quý đỏ
green_halo,0,Vầng hào quang xanh lá
black_areola,7,Quầng vú đen
blue_eyeshadow,0,Phấn mắt xanh dương
yellow_scales,0,Vảy vàng
red_capelet,0,Áo choàng ngắn đỏ
black_halo,0,Vầng hào quang đen
black_neckerchief,0,Khăn quàng cổ đen
blue_markings,7,Vằn xanh dương
purple_scales,0,Vảy tím
blue_areola,7,Quầng vú xanh dương
drop_shadow,0,Bóng đổ
white_veil,0,Màn che mặt trắng
black_stripes,7,Sọc đen
white_markings,7,Vằn trắng
purple_eyeshadow,0,Phấn mắt tím
red_theme,0,Chủ đề đỏ
grey_scales,0,Vảy xám
nightgown,0,Áo ngủ
colored_speech_bubble,0,Bong bóng thoại có màu
black_handwear,7,Đồ che tay đen
red_markings,7,Vằn đỏ
purple_theme,0,Chủ đề tím
pink_topwear,7,Áo hồng
blue_vulva,7,Âm hộ xanh dương
white_neckerchief,0,Khăn quàng cổ trắng
grey_halo,0,Vầng hào quang xám
glowing_genitalia,7,Bộ phận phát sáng
black_vulva,7,Âm hộ đen
blue_butterfly,0,Bướm xanh dương
black_corset,0,Áo corset đen
grey_feathers,0,Lông vũ xám
purple_halo,0,Vầng hào quang tím
green_theme,0,Chủ đề xanh lá
grey_topwear,7,Áo xám
orange_scales,0,Vảy cam
spotlight,0,Đèn rọi
red_feathers,0,Lông vũ đỏ
grey_balls,7,Tinh hoàn xám
purple_topwear,7,Áo tím
blue_balls,7,Tinh hoàn xanh dương
red_headband,0,Băng đô đỏ
green_gem,0,Đá quý xanh lá
white_bloomers,0,Quần phồng trắng
purple_areola,7,Quầng vú tím
pink_neckerchief,0,Khăn quàng cổ hồng
blue_capelet,0,Áo choàng ngắn xanh dương
black_spots,7,Đốm đen
orange_(fruit),0,Màu cam
grey_border,0,Viền ảnh xám
yellow_beak,7,Mỏ vàng
purple_feathers,0,Lông vũ tím
crab,0,Cua
grey_sailor_collar,0,Cổ áo thủy thủ màu xám
multicolored_feathers,0,Lông vũ nhiều màu
blue_claws,0,Móng vuốt xanh dương
moonlight,0,Ánh trăng
black_leggings,0,Quần legging đen
pink_eyeshadow,0,Phấn mắt hồng
white_headband,0,Băng đô trắng
grey_bottomwear,7,Đồ mặc dưới xám
black_veil,0,Màn che mặt đen
white_headdress,0,Đồ đội đầu trắng
yellow_markings,7,Vằn vàng
green_sailor_collar,0,Cổ áo thủy thủ màu xanh lá
black_latex,7,Cao su đen
yellow_topwear,7,Áo vàng
white_cat,0,Mèo trắng
glowing_markings,0,Vằn phát sáng
blue_border,0,Viền ảnh xanh dương
red_sailor_collar,0,Cổ áo thủy thủ màu đỏ
red_bottomwear,7,Đồ mặc dưới đỏ
glowstick,0,Thanh phát sáng
white_legwear,7,Đồ che chân màu trắng
muted_colors,0,Màu trầm
colored_blood,0,Máu có màu
blue_scrunchie,0,Dây buộc tóc xanh dương
black_bridal_gauntlets,0,Găng tay giáp cô dâu đen
black_eyeshadow,0,Phấn mắt đen
purple_gem,0,Đá quý tím
white_halo,0,Vầng hào quang trắng
green_areola,7,Quầng vú xanh lá
color_swatch,7,Mẫu màu
black_headband,0,Băng đô đen
yellow_theme,0,Chủ đề vàng
blue_collar,0,Cổ áo màu xanh dương
red_scrunchie,0,Dây buộc tóc đỏ
green_feathers,0,Lông vũ xanh lá
green_bottomwear,7,Đồ mặc dưới xanh lá
pink_scales,0,Vảy hồng
purple_markings,7,Vằn tím
black_armwear,7,Đồ che tay màu đen
white_bottomwear,7,Đồ mặc dưới trắng
color_guide,0,Bảng hướng dẫn màu
pink_collar,0,Cổ áo màu hồng
black_beak,7,Mỏ đen
purple_sailor_collar,0,Cổ áo thủy thủ màu tím
white_suit,0,Bộ đồ màu trắng
red_moon,0,Mặt trăng đỏ
grey_claws,0,Móng vuốt xám
yellow_balls,7,Tinh hoàn vàng
grey_areola,7,Quầng vú xám
white_scrunchie,0,Dây buộc tóc trắng
orange_topwear,7,Áo cam
black_outline,0,Đường viền đen
neon_lights,0,Đèn neon
pink_border,0,Viền ảnh hồng
sunrise,0,Bình minh
black_scrunchie,0,Dây buộc tóc đen
red_claws,0,Móng vuốt đỏ
orange_feathers,0,Lông vũ cam
green_balls,7,Tinh hoàn xanh lá
ceiling_light,0,Đèn trần
pink_scrunchie,0,Dây buộc tóc hồng
light_trail,0,Vệt sáng
light_bulb,0,Bóng đèn
green_neckerchief,0,Khăn quàng cổ xanh lá
white_bird,0,Chim trắng
orange_theme,0,Chủ đề cam
red_tattoo,0,Hình xăm đỏ
purple_balls,7,Tinh hoàn tím
red_areola,7,Quầng vú đỏ
brown_spots,7,Đốm nâu
purple_vulva,7,Âm hộ tím
green_markings,7,Vằn xanh lá
pink_feathers,0,Lông vũ hồng
light_beam,7,Chùm sáng
orange_neckerchief,0,Khăn quàng cổ cam
black_lipstick,7,Son môi đen
black_hakama,0,Quần hakama đen
red_border,0,Viền ảnh đỏ
pink_pajamas,0,Đồ ngủ hồng
red_lipstick,7,Son môi đỏ
red_highlights,7,Điểm nhấn đỏ
blue_highlights,7,Điểm nhấn xanh dương
blue_hakama,0,Quần hakama xanh dương
yellow_scrunchie,0,Dây buộc tóc vàng
grey_neckerchief,0,Khăn quàng cổ xám
purple_bottomwear,7,Đồ mặc dưới tím
dark_areola,7,Quầng vú sẫm
red_hood,0,Mũ trùm màu đỏ
white_sheath,7,Bao dương vật trắng
black_hood,0,Mũ trùm màu đen
red_balls,7,Tinh hoàn đỏ
purple_capelet,0,Áo choàng ngắn tím
color_coded,7,Mã hóa theo màu
pink_bottomwear,7,Đồ mặc dưới hồng
red_tank_top,0,Áo hai dây đỏ
orange_markings,7,Vằn cam
neon_trim,0,Viền phát quang
blue_headband,0,Băng đô xanh dương
blue_stripes,7,Sọc xanh dương
yellow_border,0,Viền ảnh vàng
black_mane,7,Bờm đen
nightclub,0,Hộp đêm
white_snake,0,Rắn trắng
black_hooves,7,Vó đen
blue_helmet,0,Mũ bảo hiểm màu xanh dương
blue_tank_top,0,Áo hai dây xanh dương
white_theme,0,Chủ đề trắng
white_hood,0,Mũ trùm màu trắng
black_tiara,0,Vương miện nhỏ đen
black_helmet,0,Mũ bảo hiểm màu đen
orange_areola,7,Quầng vú cam
blue_swimwear,7,Đồ bơi màu xanh dương
purple_claws,0,Móng vuốt tím
blue_tunic,0,Áo tuynic xanh dương
black_skinsuit,7,Bộ đồ ôm sát đen
pink_claws,0,Móng vuốt hồng
colored_fire,7,Lửa có màu
red_helmet,0,Mũ bảo hiểm màu đỏ
black_tube_top,0,Áo dạng ống màu đen
green_tunic,0,Áo tuynic xanh lá
pink_markings,7,Vằn hồng
purple_border,0,Viền ảnh tím
purple_collar,0,Cổ áo màu tím
rainbow_pride_colors,7,Màu tự hào cầu vồng
window_shadow,0,Bóng cửa sổ
white_corset,0,Áo corset trắng
grey_markings,7,Vằn xám
colored_shadow,0,Bóng có màu
white_mane,7,Bờm trắng
black_eyeliner,0,Kẻ mắt đen
grey_tank_top,0,Áo hai dây xám
pink_sailor_collar,0,Cổ áo thủy thủ màu hồng
yellow_claws,0,Móng vuốt vàng
white_stripes,7,Sọc trắng
purple_highlights,7,Điểm nhấn tím
pink_gem,0,Đá quý hồng
official_alternate_color,0,Màu chính thức khác
pink_highlights,7,Điểm nhấn hồng
green_capelet,0,Áo choàng ngắn xanh lá
white_tube_top,0,Áo dạng ống màu trắng
black_wrist_cuffs,0,Ống bọc cổ tay cổ tay đen
purple_neckerchief,0,Khăn quàng cổ tím
pink_clitoris,7,Âm vật hồng
green_claws,7,Móng vuốt xanh lá
blue_mane,7,Bờm xanh dương
pink_lipstick,7,Son môi hồng
pale_colors,0,Màu nhạt
color_connection,0,Nối màu
pink_capelet,0,Áo choàng ngắn hồng
yellow_areola,7,Quầng vú vàng
white_spots,7,Đốm trắng
blue_pajamas,0,Đồ ngủ xanh dương
orange_scrunchie,0,Dây buộc tóc cam
pink_balls,7,Tinh hoàn hồng
red_cheeks,7,Má đỏ
orange_balls,7,Tinh hoàn cam
red_handwear,7,Đồ che tay đỏ
orange_halo,0,Vầng hào quang cam
red_legwear,7,Đồ che chân màu đỏ
black_thong,0,Quần lót dây đen
green_headband,0,Băng đô xanh lá
purple_lipstick,7,Son môi tím
orange_beak,7,Mỏ cam
green_highlights,0,Điểm nhấn xanh lá
purple_legwear,7,Đồ che chân màu tím
purple_veil,0,Màn che mặt tím
white_leggings,0,Quần legging trắng
multicolored_mane,7,Bờm nhiều màu
grey_beak,7,Mỏ xám
green_tank_top,0,Áo hai dây xanh lá
paint_palette,0,Bảng màu sơn
green_eyeshadow,0,Phấn mắt xanh lá
grey_sclera,0,Củng mạc xám
blue_veil,0,Màn che mặt xanh dương
white_butterfly,0,Bướm trắng
neon,7,Màu neon
blue_legwear,7,Đồ che chân màu xanh dương
blue_hood,0,Mũ trùm màu xanh dương
blue_outline,0,Đường viền xanh dương
purple_butterfly,0,Bướm tím
bunny_day,0,Ngày thỏ
glowing_tattoo,0,Hình xăm phát sáng
yellow_gem,0,Đá quý vàng
green_border,0,Viền ảnh xanh lá
cat_day,0,Ngày mèo
blue_suit,0,Bộ đồ màu xanh dương
red_stripes,7,Sọc đỏ
six-stripe_rainbow_pride_colors,7,Màu tự hào sáu sọc cầu vồng
pink_wrist_cuffs,0,Ống bọc cổ tay cổ tay hồng
pink_legwear,7,Đồ che chân màu hồng
yellow_tank_top,0,Áo hai dây vàng
purple_scrunchie,0,Dây buộc tóc tím
grey_theme,0,Chủ đề xám
purple_stripes,7,Sọc tím
green_collar,0,Cổ áo màu xanh lá
pink_tank_top,0,Áo hai dây hồng
orange_border,0,Viền ảnh cam
grey_capelet,0,Áo choàng ngắn xám
yellow_bottomwear,7,Đồ mặc dưới vàng
white_armwear,7,Đồ che tay màu trắng
white_bridal_gauntlets,0,Găng tay giáp cô dâu trắng
red_outline,0,Đường viền đỏ
yellow_outline,0,Đường viền vàng
grey_suit,0,Bộ đồ màu xám
white_helmet,0,Mũ bảo hiểm màu trắng
pink_outline,0,Đường viền hồng
yellow_butterfly,0,Bướm vàng
blue_spots,7,Đốm xanh dương
glowing_butterfly,0,Bướm phát sáng
red_mane,7,Bờm đỏ
white_highlights,7,Điểm nhấn trắng
red_suit,0,Bộ đồ màu đỏ
black_bear,0,Gấu đen
blue_handwear,7,Đồ che tay xanh dương
white_butt,7,Mông trắng
orange_sailor_collar,0,Cổ áo thủy thủ màu cam
blue_lipstick,7,Son môi xanh dương
yellow_handwear,7,Đồ che tay vàng
purple_mane,7,Bờm tím
white_head,7,Đầu trắng
pink_mane,7,Bờm hồng
red_corset,0,Áo corset đỏ
yellow_headband,0,Băng đô vàng
light_censor,0,Kiểm duyệt nhạt
orange_bottomwear,7,Đồ mặc dưới cam
purple_armwear,7,Đồ che tay màu tím
orange_tank_top,0,Áo hai dây cam
orange_headband,0,Băng đô cam
black_theme,0,Chủ đề đen
white_nightgown,0,Áo ngủ trắng
black_fingernails,7,Móng tay đen
blue_wrist_cuffs,0,Ống bọc cổ tay cổ tay xanh dương
rainbow_symbol,7,Biểu tượng cầu vồng
purple_swimwear,7,Đồ bơi màu tím
red_butterfly,0,Bướm đỏ
grey_stripes,7,Sọc xám
pink_headband,0,Băng đô hồng
grey_cat,0,Mèo xám
white_pajamas,0,Đồ ngủ trắng
gradient_halo,0,Vầng hào quang chuyển sắc
pink_knot,7,Nút thắt hồng
red_wrist_cuffs,0,Ống bọc cổ tay cổ tay đỏ
grey_spots,7,Đốm xám
black_bird,0,Chim đen
green_scrunchie,0,Dây buộc tóc xanh lá
green_hakama,0,Quần hakama xanh lá
maid_day,0,Ngày hầu gái
purple_handwear,7,Đồ che tay tím
black_highlights,7,Điểm nhấn đen
black_crop_top,7,Áo cắt ngắn màu đen
grey_vulva,7,Âm hộ xám
gradient_legwear,0,Đồ che chân chuyển sắc
white_beard,0,Râu trắng
black_beard,0,Râu đen
black_paws,7,Bàn chân thú đen
orange_stripes,7,Sọc cam
black_whiskers,7,Râu mèo đen
black_sheath,7,Bao dương vật đen
red_carpet,0,Thảm đỏ
dark_sclera,7,Củng mạc sẫm
red_track_suit,0,Bộ đồ điền kinh màu đỏ
white_tunic,0,Áo tuynic trắng
grey_eyeshadow,0,Phấn mắt xám
yellow_stripes,7,Sọc vàng
grey_helmet,0,Mũ bảo hiểm màu xám
purple_tank_top,0,Áo hai dây tím
green_outline,0,Đường viền xanh lá
green_legwear,7,Đồ che chân màu xanh lá
pink_paws,7,Bàn chân thú hồng
white_tiger,0,Hổ trắng
blue_bird,0,Chim xanh dương
green_handwear,7,Đồ che tay xanh lá
orange_cat,0,Mèo cam
green_helmet,0,Mũ bảo hiểm màu xanh lá
white_whiskers,7,Râu mèo trắng
purple_eyelids,7,Mí mắt tím
grey_legwear,7,Đồ che chân màu xám
purple_hood,0,Mũ trùm màu tím
white_day,0,Ngày trắng
pink_handwear,7,Đồ che tay hồng
grey_hooves,7,Vó xám
green_stripes,7,Sọc xanh lá
red_star,0,Ngôi sao đỏ
blue_corset,0,Áo corset xanh dương
orange_mane,7,Bờm cam
pink_track_suit,0,Bộ đồ điền kinh màu hồng
purple_hakama,0,Quần hakama tím
red_heart,7,Trái tim đỏ
red_crown,0,Vương miện đỏ
black_eyelids,7,Mí mắt đen
yellow_collar,0,Cổ áo màu vàng
purple_outline,0,Đường viền tím
orange_gem,0,Đá quý cam
pink_hakama,0,Quần hakama hồng
grey_sheath,7,Bao dương vật xám
white_paws,7,Bàn chân thú trắng
yellow_sailor_collar,0,Cổ áo thủy thủ màu vàng
green_tentacles,7,Xúc tu xanh lá
orange_eyeshadow,0,Phấn mắt cam
grey_outline,0,Đường viền xám
red_armwear,7,Đồ che tay màu đỏ
green_hood,0,Mũ trùm màu xanh lá
purple_tentacles,7,Xúc tu tím
black_headdress,0,Đồ đội đầu đen
pink_butterfly,0,Bướm hồng
pink_cheeks,7,Má hồng
yellow_eyeshadow,0,Phấn mắt vàng
black_butt,7,Mông đen
orange_claws,7,Móng vuốt cam
green_pajamas,0,Đồ ngủ xanh lá
blue_hooves,7,Vó xanh dương
blue_paws,7,Bàn chân thú xanh dương
black_nightgown,0,Áo ngủ đen
white_dog,0,Chó trắng
purple_headband,0,Băng đô tím
black_overskirt,0,Chân váy phủ ngoài đen
yellow_capelet,0,Áo choàng ngắn vàng
pink_heart,7,Trái tim hồng
red_thong,0,Quần lót dây đỏ
colored_toenails,7,Móng chân nhuộm màu
white_hakama,0,Quần hakama trắng
grey_collar,0,Cổ áo màu xám
red_panda_girl,0,Cô gái gấu trúc đỏ
black_spikes,7,Gai nhọn đen
red_tube_top,0,Áo dạng ống màu đỏ
green_suit,0,Bộ đồ màu xanh lá
blue_eyeliner,0,Kẻ mắt xanh dương
blue_butt,7,Mông xanh dương
pink_stripes,7,Sọc hồng
purple_suit,0,Bộ đồ màu tím
gradient,7,Chuyển sắc
grey_mane,7,Bờm xám
green_spots,7,Đốm xanh lá
yellow_pajamas,0,Đồ ngủ vàng
red_knot,7,Nút thắt đỏ
purple_corset,0,Áo corset tím
purple_spots,7,Đốm tím
pink_crown,0,Vương miện hồng
black_crown,0,Vương miện đen
light-skinned_human,7,Người da nhạt
neon_palette,0,Bảng màu neon
black_antennae,7,Ăng-ten đen
white_latex,7,Cao su trắng
pink_armwear,7,Đồ che tay màu hồng
pink_tentacles,7,Xúc tu hồng
blue_armwear,7,Đồ che tay màu xanh dương
multicolored_markings,7,Vằn nhiều màu
blue_tentacles,7,Xúc tu xanh dương
grey_handwear,7,Đồ che tay xám
multicolored_beak,7,Mỏ nhiều màu
blue_tube_top,0,Áo dạng ống màu xanh dương
orange_outline,0,Đường viền cam
green_mane,7,Bờm xanh lá
pink_spots,7,Đốm hồng
blue_knot,7,Nút thắt xanh dương
white_crop_top,7,Áo cắt ngắn màu trắng
black_knot,7,Nút thắt đen
colored_fingernails,7,Móng tay nhuộm màu
black_tentacles,7,Xúc tu đen
lighting_cigarette,0,Đang thắp sáng thuốc lá
blue_latex,7,Cao su xanh dương
grey_butt,7,Mông xám
red_veil,0,Màn che mặt đỏ
purple_wrist_cuffs,0,Ống bọc cổ tay cổ tay tím
gradient_border,0,Viền ảnh chuyển sắc
white_spikes,7,Gai nhọn trắng
black_lingerie,7,Đồ lót nữ đen
blue_eyelids,7,Mí mắt xanh dương
white_areola,7,Quầng vú trắng
black_tunic,0,Áo tuynic đen
green_lipstick,7,Son môi xanh lá
red_beard,7,Râu đỏ
pink_eyeliner,0,Kẻ mắt hồng
black_butterfly,0,Bướm đen
pink_helmet,0,Mũ bảo hiểm màu hồng
purple_hooves,7,Vó tím
glowing_halo,0,Vầng hào quang phát sáng
yellow_helmet,0,Mũ bảo hiểm màu vàng
dark_eyelids,7,Mí mắt sẫm
pink_tattoo,0,Hình xăm hồng
purple_pajamas,0,Đồ ngủ tím
grey_hakama,0,Quần hakama xám
blue_skinsuit,7,Bộ đồ ôm sát xanh dương
orange_collar,0,Cổ áo màu cam
glowing_gem,0,Đá quý phát sáng
pink_fingernails,7,Móng tay hồng
white_heart,7,Trái tim trắng
light_bondage,7,Trói buộc nhạt
pink_thong,0,Quần lót dây hồng
red_fingernails,7,Móng tay đỏ
pink_beak,7,Mỏ hồng
pink_hooves,7,Vó hồng
red_tunic,0,Áo tuynic đỏ
blue_fingernails,7,Móng tay xanh dương
colored_pussy,0,Âm hộ nhuộm màu
yellow_bird,0,Chim vàng
pink_hood,0,Mũ trùm màu hồng
red_spikes,7,Gai nhọn đỏ
orange_capelet,0,Áo choàng ngắn cam
yellow_hood,0,Mũ trùm màu vàng
green_head,7,Đầu xanh lá
purple_bridal_gauntlets,0,Găng tay giáp cô dâu tím
dark_markings,7,Vằn sẫm
purple_tunic,0,Áo tuynic tím
rainbow_theme,0,Chủ đề cầu vồng
colored_eyepatch,0,Miếng bịt mắt nhuộm màu
orange_highlights,7,Điểm nhấn cam
yellow_butt,7,Mông vàng
red_latex,7,Cao su đỏ
yellow_cheeks,7,Má vàng
white_soles,7,Bàn chân trắng
glowing_areola,7,Quầng vú phát sáng
white_horse,0,Ngựa trắng
red_spots,7,Đốm đỏ
blue_sheath,7,Bao dương vật xanh dương
yellow_spots,7,Đốm vàng
red_butt,7,Mông đỏ
blue_leggings,0,Quần legging xanh dương
blue_beak,7,Mỏ xanh dương
dark_claws,7,Móng vuốt sẫm
pink_corset,0,Áo corset hồng
green_butterfly,0,Bướm xanh lá
pink_latex,7,Cao su hồng
yellow_legwear,7,Đồ che chân màu vàng
glowing_claws,0,Móng vuốt phát sáng
black_tattoo,7,Hình xăm đen
pink_foreskin,7,Bao quy đầu hồng
purple_eyeliner,0,Kẻ mắt tím
pink_tube_top,0,Áo dạng ống màu hồng
orange_spots,7,Đốm cam
purple_latex,7,Cao su tím
grey_hood,0,Mũ trùm màu xám
pink_crop_top,7,Áo cắt ngắn màu hồng
blue_clitoris,7,Âm vật xanh dương
pink_nightgown,0,Áo ngủ hồng
blue_spikes,7,Gai nhọn xanh dương
bright_colors,7,Màu sáng
black_toenails,7,Móng chân đen
rainbow_legwear,0,Đồ che chân màu cầu vồng
white_neck,7,Cổ trắng
blonde_beard,7,Râu vàng hoe
purple_helmet,0,Mũ bảo hiểm màu tím
white_gem,0,Đá quý trắng
red_tentacles,7,Xúc tu đỏ
green_butt,7,Mông xanh lá
multicolored_swimwear,7,Đồ bơi nhiều màu
white_hooves,7,Vó trắng
light_areola,7,Quầng vú nhạt
split_color,7,Màu chia hai
blue_tattoo,0,Hình xăm xanh dương
pink_eyelids,7,Mí mắt hồng
orange_eyeliner,0,Kẻ mắt cam
grey_highlights,7,Điểm nhấn xám
blue_crown,0,Vương miện xanh dương
orange_butterfly,0,Bướm cam
orange_legwear,7,Đồ che chân màu cam
orange_handwear,7,Đồ che tay cam
green_corset,0,Áo corset xanh lá
black_pajamas,0,Đồ ngủ đen
colored_stripes,0,Sọc nhuộm màu
purple_fingernails,7,Móng tay tím
grey_veil,0,Màn che mặt xám
black_gem,0,Đá quý đen
red_beak,7,Mỏ đỏ
yellow_sheath,7,Bao dương vật vàng
red_crop_top,7,Áo cắt ngắn màu đỏ
light_balls,7,Tinh hoàn nhạt
pink_cloaca,7,Lỗ huyệt hồng
colored_pencil,0,Bút chì màu
white_beak,7,Mỏ trắng
orange_butt,7,Mông cam
blue_head,7,Đầu xanh dương
yellow_spikes,7,Gai nhọn vàng
dark_balls,7,Tinh hoàn sẫm
pink_leggings,0,Quần legging hồng
blue_overskirt,0,Chân váy phủ ngoài xanh dương
grey_wall,7,Bức tường xám
blue_thong,7,Quần lót dây xanh dương
blue_crop_top,7,Áo cắt ngắn màu xanh dương
rainbow_print,0,Họa tiết cầu vồng
purple_leggings,0,Quần legging tím
yellow_hooves,7,Vó vàng
purple_knot,7,Nút thắt tím
yellow_moon,0,Mặt trăng vàng
purple_spikes,7,Gai nhọn tím
red_skinsuit,7,Bộ đồ ôm sát đỏ
light_markings,7,Vằn nhạt
shadow_(persona),0,Bóng đổ
pride_color_topwear,7,Áo trên màu cờ tự hào
black_gauntlets,0,Găng tay giáp đen
grey_beard,0,Râu xám
black_heart,7,Trái tim đen
blue_wall,7,Bức tường xanh dương
red_pajamas,0,Đồ ngủ đỏ
pink_butt,7,Mông hồng
yellow_lipstick,7,Son môi vàng
black_bloomers,0,Quần phồng đen
white_skinsuit,7,Bộ đồ ôm sát trắng
black_undershirt,0,Áo lót trong đen
light_in_heart,0,Nhạt trong trái tim
blue_bridal_gauntlets,0,Găng tay giáp cô dâu xanh dương
purple_cat,0,Mèo tím
grey_leggings,0,Quần legging xám
blue_track_suit,0,Bộ đồ điền kinh màu xanh dương
pride_color_legwear,7,Quần màu cờ tự hào
glowing_balls,7,Tinh hoàn phát sáng
green_tube_top,0,Áo dạng ống màu xanh lá
red_leggings,0,Quần legging đỏ
purple_thong,0,Quần lót dây tím
green_fingernails,7,Móng tay xanh lá
yellow_cat,0,Mèo vàng
purple_butt,7,Mông tím
pink_bloomers,0,Quần phồng hồng
light_scales,7,Vảy nhạt
blue_nightgown,0,Áo ngủ xanh dương
yellow_crown,0,Vương miện vàng
palette,7,Bảng màu
purple_skinsuit,7,Bộ đồ ôm sát tím
dark-skinned_human,7,Người da sẫm
blue_heart,7,Trái tim xanh dương
pink_scar,7,Sẹo hồng
green_spikes,7,Gai nhọn xanh lá
red_hooves,7,Vó đỏ
light_truck,7,Xe tải nhạt
green_antennae,7,Ăng-ten xanh lá
white_snout,7,Mõm trắng
red_bridal_gauntlets,0,Găng tay giáp cô dâu đỏ
green_armwear,7,Đồ che tay màu xanh lá
dark_scales,7,Vảy sẫm
pink_soles,7,Bàn chân hồng
light-skinned_palms,0,Lòng bàn tay da nhạt
spoken_light_bulb,0,Bóng đèn trong bóng thoại nhạt
white_tiara,0,Vương miện nhỏ trắng
pink_veil,0,Màn che mặt hồng
white_foreskin,7,Bao quy đầu trắng
grey_corset,0,Áo corset xám
pink_cat,0,Mèo hồng
grey_armwear,7,Đồ che tay màu xám
white_freckles,0,Tàn nhang trắng
pink_suit,0,Bộ đồ màu hồng
seven-stripe_rainbow_pride_colors,7,Màu tự hào bảy sọc cầu vồng
white_thong,7,Quần lót dây trắng
orange_tunic,0,Áo tuynic cam
rainbow_mane,7,Bờm cầu vồng
black_head,7,Đầu đen
grey_head,7,Đầu xám
bright,7,Sáng
glowing_paint,7,Màu vẽ phát sáng
blue_cheeks,7,Má xanh dương
orange_pajamas,0,Đồ ngủ cam
purple_paws,7,Bàn chân thú tím
red_curtains,7,Rèm đỏ
grey_spikes,7,Gai nhọn xám
black_neck,7,Cổ đen
green_paws,7,Bàn chân thú xanh lá
red_lingerie,7,Đồ lót nữ đỏ
red_sofa,7,Ghế sofa đỏ
white_chocolate,0,Sô-cô-la trắng
black_foreskin,7,Bao quy đầu đen
yellow_leaves,0,Lá vàng
red_headdress,0,Đồ đội đầu đỏ
blue_whale,0,Cá voi xanh dương
pink_toenails,7,Móng chân hồng
yellow_antennae,7,Ăng-ten vàng
yellow_latex,7,Cao su vàng
green_track_suit,0,Bộ đồ điền kinh màu xanh lá
white_hanbok,0,Áo hanbok trắng
gradient_neckerchief,0,Khăn quàng cổ chuyển sắc
yellow_suit,0,Bộ đồ màu vàng
grey_paws,7,Bàn chân thú xám
blue_antennae,7,Ăng-ten xanh dương
shadow_(shadows_house),0,Bóng đổ
green_hooves,7,Vó xanh lá
white_crown,0,Vương miện trắng
grey_neck,7,Cổ xám
colored_claws,7,Móng vuốt nhuộm màu
white_tiger_print,0,Họa tiết hổ trắng
yellow_gauntlets,0,Găng tay giáp vàng
pink_frills,0,Diềm xếp hồng
grey_bridal_gauntlets,0,Găng tay giáp cô dâu xám
green_neck,7,Cổ xanh lá
green_leggings,0,Quần legging xanh lá
grey_eyelids,7,Mí mắt xám
red_eyelids,7,Mí mắt đỏ
makeup_palette,0,Bảng màu trang điểm
black_panther,0,Báo đen
blue_pussy,0,Âm hộ xanh dương
white_overskirt,0,Chân váy phủ ngoài trắng
red_clitoris,7,Âm vật đỏ
blue_beard,7,Râu xanh dương
dark_stripes,7,Sọc sẫm
light_claws,7,Móng vuốt nhạt
yellow_tunic,0,Áo tuynic vàng
green_screen,0,Màn hình xanh lá
red_snake,0,Rắn đỏ
multicolored_tentacles,7,Xúc tu nhiều màu
black_track_suit,0,Bộ đồ điền kinh màu đen
orange_hood,0,Mũ trùm màu cam
gradient_feathers,0,Lông vũ chuyển sắc
grey_tunic,0,Áo tuynic xám
orange_print,0,Họa tiết cam
grey_headband,0,Băng đô xám
blue_moon,0,Mặt trăng xanh dương
light_butt,7,Mông nhạt
green_veil,0,Màn che mặt xanh lá
white_towel,7,Khăn tắm trắng
dark_bottomwear,7,Đồ mặc dưới sẫm
yellow_armwear,7,Đồ che tay màu vàng
yellow_paws,7,Bàn chân thú vàng
day_and_night,0,Ban ngày và ban đêm
light-skinned_soles,0,Bàn chân da nhạt
orange_head,7,Đầu cam
blue_cat,0,Mèo xanh dương
green_crop_top,7,Áo cắt ngắn màu xanh lá
light_neck,7,Cổ nhạt
white_fingernails,7,Móng tay trắng
yellow_head,7,Đầu vàng
white_wall,7,Bức tường trắng
purple_crop_top,7,Áo cắt ngắn màu tím
green_latex,7,Cao su xanh lá
white_facepaint,0,Vẽ mặt trắng
green_leaves,7,Lá xanh lá
rainbow_piercings,7,Khuyên cầu vồng
blue_neck,7,Cổ xanh dương
purple_tube_top,0,Áo dạng ống màu tím
white_lingerie,7,Đồ lót nữ trắng
pink_top,0,Áo màu hồng
pink_bridal_gauntlets,0,Găng tay giáp cô dâu hồng
yellow_wrist_cuffs,0,Ống bọc cổ tay cổ tay vàng
orange_latex,7,Cao su cam
green_thong,7,Quần lót dây xanh lá
dark_topwear,7,Áo sẫm
orange_beard,7,Râu cam
orange_helmet,0,Mũ bảo hiểm màu cam
color-coded,0,Mã hóa theo màu
pink_lingerie,7,Đồ lót nữ hồng
red_toenails,7,Móng chân đỏ
white_tattoo,7,Hình xăm trắng
purple_nightgown,0,Áo ngủ tím
grey_tube_top,0,Áo dạng ống màu xám
pink_wall,7,Bức tường hồng
grey_pajamas,0,Đồ ngủ xám
glowing_feather,0,Lông vũ phát sáng
blue_toenails,7,Móng chân xanh dương
light_pussy,7,Âm hộ nhạt
stomach_day,0,Ngày bụng
orange_cheeks,7,Má cam
red_paws,7,Bàn chân thú đỏ
black_dog,0,Chó đen
rainbow_markings,7,Vằn cầu vồng
orange_sheath,7,Bao dương vật cam
orange_fox,7,Cáo cam
orange_neck,7,Cổ cam
black_horse,0,Ngựa đen
orange_tentacles,7,Xúc tu cam
purple_clitoris,7,Âm vật tím
pink_blanket,0,Chăn hồng
green_wrist_cuffs,0,Ống bọc cổ tay cổ tay xanh lá
blue_blanket,7,Chăn xanh dương
blue_tiara,0,Vương miện nhỏ xanh dương
green_wall,7,Bức tường xanh lá
black_snake,0,Rắn đen
pride_color_neckwear,7,Phụ kiện cổ màu tự hào
yellow_frill,7,Diềm xếp vàng
light_head,7,Đầu nhạt
blue_frill,7,Diềm xếp xanh dương
purple_beak,7,Mỏ tím
green_eyelids,7,Mí mắt xanh lá
grey_scrunchie,0,Dây buộc tóc xám
glowing_heart,0,Trái tim phát sáng
green_eyeliner,0,Kẻ mắt xanh lá
yellow_thong,7,Quần lót dây vàng
white_eyeshadow,0,Phấn mắt trắng
green_bird,0,Chim xanh lá
blue_towel,7,Khăn tắm xanh dương
orange_paws,7,Bàn chân thú cam
green_knot,7,Nút thắt xanh lá
red_neckwear,7,Phụ kiện cổ đỏ
purple_head,7,Đầu tím
red_poncho,0,Áo poncho đỏ
grey_crop_top,7,Áo cắt ngắn màu xám
alternate_rainbow_pride_colors,7,Màu tự hào khác cầu vồng
purple_sheath,7,Bao dương vật tím
pink_moon,0,Mặt trăng hồng
glowing_tentacles,7,Xúc tu phát sáng
orange_armwear,7,Đồ che tay màu cam
white_cheeks,7,Má trắng
pink_antennae,7,Ăng-ten hồng
white_tentacles,7,Xúc tu trắng
grey_floor,7,Sàn nhà xám
black_snout,7,Mõm đen
yellow_crop_top,7,Áo cắt ngắn màu vàng
purple_wall,7,Bức tường tím
purple_heart,7,Trái tim tím
green_skinsuit,7,Bộ đồ ôm sát xanh lá
white_fangs,7,Nanh trắng
yellow_poncho,0,Áo poncho vàng
grey_crown,0,Vương miện xám
red_button,0,Cúc áo đỏ
green_snout,7,Mõm xanh lá
ominous_shadow,0,Bóng tăm tối
black_clitoris,7,Âm vật đen
black_makeup,7,Trang điểm đen
green_heart,7,Trái tim xanh lá
red_foreskin,7,Bao quy đầu đỏ
black_hanbok,0,Áo hanbok đen
red_blanket,7,Chăn đỏ
blue_foreskin,7,Bao quy đầu xanh dương
black_miniskirt,7,Chân váy ngắn đen
white_thighs,7,Đùi trắng
black_soles,7,Bàn chân đen
two_tone_tentacles,7,Xúc tu hai tông
yellow_eyelids,7,Mí mắt vàng
green_beak,7,Mỏ xanh lá
pride_color_markings,7,Vằn màu tự hào
white_back,7,Lưng trắng
purple_antennae,7,Ăng-ten tím
grey_skinsuit,7,Bộ đồ ôm sát xám
dark_spots,7,Đốm sẫm
blue_freckles,7,Tàn nhang xanh dương
green_clitoris,7,Âm vật xanh lá
spotlight_beam,7,Chùm đèn rọi
rainbow_armwear,7,Đồ che tay màu cầu vồng
pink_spikes,7,Gai nhọn hồng
glowing_headgear,0,Phụ kiện đội đầu phát sáng
yellow_tentacles,7,Xúc tu vàng
blue_headdress,0,Đồ đội đầu xanh dương
pink_skinsuit,7,Bộ đồ ôm sát hồng
green_spines,7,Cột sống xanh lá
purple_cheeks,7,Má tím
yellow_skinsuit,7,Bộ đồ ôm sát vàng
orange_leggings,0,Quần legging cam
purple_makeup,7,Trang điểm tím
shadow_censor,0,Kiểm duyệt bóng
white_antennae,7,Ăng-ten trắng
orange_suit,0,Bộ đồ màu cam
white_frill,7,Diềm xếp trắng
light_topwear,7,Áo nhạt
dark_feathers,7,Lông vũ sẫm
pink_head,7,Đầu hồng
blue_sofa,7,Ghế sofa xanh dương
glowing_scales,7,Vảy phát sáng
white_undershirt,7,Áo lót trong trắng
colored_outline,7,Đường viền nhuộm màu
black_headgear,7,Phụ kiện đội đầu đen
orange_snout,7,Mõm cam
white_day_(love_live!),0,Ngày trắng
orange_eyelids,7,Mí mắt cam
red_sheath,7,Bao dương vật đỏ
yellow_fingernails,7,Móng tay vàng
orange_hooves,7,Vó cam
red_neck,7,Cổ đỏ
green_poncho,0,Áo poncho xanh lá
light_feathers,7,Lông vũ nhạt
dark_legwear,7,Đồ che chân sẫm
grey_latex,7,Cao su xám
pink_tunic,0,Áo tuynic hồng
black_and_green,7,Màu đen và màu xanh lá
grey_gem,0,Đá quý xám
pride_color_armwear,7,Đồ che tay màu tự hào
green_snake,0,Rắn xanh lá
green_sheath,7,Bao dương vật xanh lá
white_blanket,0,Chăn trắng
pink_headdress,0,Đồ đội đầu hồng
green_sofa,7,Ghế sofa xanh lá
glowing_scar,0,Sẹo phát sáng
grey_fingernails,7,Móng tay xám
orange_tattoo,7,Hình xăm cam
yellow_eyeliner,0,Kẻ mắt vàng
black_neckwear,7,Phụ kiện cổ đen
yellow_tube_top,0,Áo dạng ống màu vàng
light_bottomwear,7,Đồ mặc dưới nhạt
red_spines,7,Cột sống đỏ
blue_makeup,7,Trang điểm xanh dương
pride_color_swimwear,7,Đồ bơi màu tự hào
black_pasties,7,Miếng che ngực đen
red_leaf,0,Lá đỏ
glowing_muzzle,0,Mõm phát sáng
yellow_corset,0,Áo corset vàng
grey_wrist_cuffs,0,Ống bọc cổ tay cổ tay xám
purple_toenails,7,Móng chân tím
rainbow_trail,0,Vệt cầu vồng
glowing_spikes,0,Gai nhọn phát sáng
pink_snout,7,Mõm hồng
black_and_orange,7,Màu đen và màu cam
grey_soles,7,Bàn chân xám
color_coded_hearts,7,Trái tim mã hóa màu
pink_sheath,7,Bao dương vật hồng
green_toenails,7,Móng chân xanh lá
glowing_stripes,7,Sọc phát sáng
palette_suit,0,Bộ đồ bảng màu
green_tattoo,0,Hình xăm xanh lá
purple_pussy,0,Âm hộ tím
meat_day,0,Ngày thịt
purple_beard,7,Râu tím
red_wall,7,Bức tường đỏ
yellow_heart,7,Trái tim vàng
yellow_wall,7,Bức tường vàng
grey_back,7,Lưng xám
black_bodice,0,Áo corset đen
white_eyelids,7,Mí mắt trắng
blue_bloomers,0,Quần phồng xanh dương
red_paint,0,Màu vẽ đỏ
orange_spikes,7,Gai nhọn cam
blue_whiskers,7,Râu mèo xanh dương
purple_tattoo,0,Hình xăm tím
black_armlet,0,Vòng đeo tay đen
white_gown,0,Đầm dạ hội trắng
red_snout,7,Mõm đỏ
grey_foreskin,7,Bao quy đầu xám
blue_cloaca,7,Lỗ huyệt xanh dương
pride_color_neckerchief,7,Khăn quàng cổ màu tự hào
red_headgear,7,Phụ kiện đội đầu đỏ
red_antennae,7,Ăng-ten đỏ
purple_foreskin,7,Bao quy đầu tím
green_cat,0,Mèo xanh lá
pride_color_bottomwear,7,Đồ mặc dưới màu tự hào
dark_mane,7,Bờm sẫm
black_sideburns,7,Tóc mai đen
rainbow_feathers,7,Lông vũ cầu vồng
black_freckles,7,Tàn nhang đen
red_frill,7,Diềm xếp đỏ
rainbow_topwear,7,Áo cầu vồng
gradient_outline,0,Đường viền chuyển sắc
living_shadow,0,Bóng có sự sống
rainbow_outline,0,Đường viền cầu vồng
glowing_paws,7,Bàn chân thú phát sáng
orange_crop_top,7,Áo cắt ngắn màu cam
yellow_veil,0,Màn che mặt vàng
yellow_foreskin,7,Bao quy đầu vàng
orange_lipstick,7,Son môi cam
black_spiked_collar,7,Cổ áo có gai màu đen
white_fence,0,Hàng rào trắng
green_blanket,0,Chăn xanh lá
yellow_star,7,Ngôi sao vàng
blue_scar,7,Sẹo xanh dương
orange_wrist_cuffs,0,Ống bọc cổ tay cổ tay cam
dark_butt,7,Mông sẫm
yellow_dog,0,Chó vàng
red_bird,0,Chim đỏ
blue_onesie,7,Bộ liền thân xanh dương
orange_tube_top,0,Áo dạng ống màu cam
purple_crown,0,Vương miện tím
yellow_hakama,0,Quần hakama vàng
blue_paint,0,Màu vẽ xanh dương
yellow_leggings,0,Quần legging vàng
purple_blanket,0,Chăn tím
red_scar,7,Sẹo đỏ
purple_and_black,7,Màu tím và màu đen
pride_color_collar,7,Cổ áo màu tự hào
black_sofa,7,Ghế sofa đen
orange_skinsuit,7,Bộ đồ ôm sát cam
yellow_neck,7,Cổ vàng
purple_curtains,7,Rèm tím
dark_border,7,Viền ảnh sẫm
purple_lingerie,7,Đồ lót nữ tím
grey_snout,7,Mõm xám
green_foreskin,7,Bao quy đầu xanh lá
red_balloon,7,Bóng bay đỏ
red_back,7,Lưng đỏ
person_of_color,7,Người màu
green_leaf,0,Lá xanh lá
light_border,7,Viền ảnh nhạt
blue_back,7,Lưng xanh dương
pink_beard,7,Râu hồng
rainbow_stripes,7,Sọc cầu vồng
orange_knot,7,Nút thắt cam
black_tailcoat,0,Áo đuôi tôm đen
glowing_windows,0,Cửa sổ phát sáng
brown_back,7,Lưng nâu
blue_headgear,7,Phụ kiện đội đầu xanh dương
black_mascara,7,Mascara đen
rainbow_colors,7,Màu cầu vồng
rainbow_collar,7,Cổ áo màu cầu vồng
yellow_bloomers,0,Quần phồng vàng
light_eyelids,7,Mí mắt nhạt
white_bathrobe,0,Áo choàng tắm trắng
purple_track_suit,0,Bộ đồ điền kinh màu tím
pink_freckles,7,Tàn nhang hồng
dark_handwear,7,Đồ che tay sẫm
green_frill,7,Diềm xếp xanh lá
masturbation_day,0,Ngày thủ dâm
blue_carpet,0,Thảm xanh dương
green_pussy,0,Âm hộ xanh lá
dark_collar,7,Cổ áo sẫm
black_headphones,7,Tai nghe đen
orange_leaves,7,Lá cam
purple_moon,0,Mặt trăng tím
purple_sofa,7,Ghế sofa tím
yellow_clitoris,7,Âm vật vàng
red_panda_boy,0,Cậu trai gấu trúc đỏ
light_stripes,7,Sọc nhạt
purple_frill,7,Diềm xếp tím
yellow_soles,7,Bàn chân vàng
dark_headgear,7,Phụ kiện đội đầu sẫm
green_beard,7,Râu xanh lá
green_crown,0,Vương miện xanh lá
yellow_knot,7,Nút thắt vàng
red_cat,0,Mèo đỏ
purple_neck,7,Cổ tím
orange_moon,0,Mặt trăng cam
black_sheep,0,Cừu đen
pink_towel,7,Khăn tắm hồng
white_floor,7,Sàn nhà trắng
red_throat,7,Cổ họng đỏ
glowing_collar,7,Cổ áo phát sáng
glowing_symbol,0,Biểu tượng phát sáng
red_feather,7,Lông vũ đỏ
orange_wall,7,Bức tường cam
blue_snout,7,Mõm xanh dương
glowing_feathers,7,Lông vũ phát sáng
white_headgear,7,Phụ kiện đội đầu trắng
dark_paws,7,Bàn chân thú sẫm
orange_hakama,0,Quần hakama cam
red_overskirt,0,Chân váy phủ ngoài đỏ
glowing_antennae,7,Ăng-ten phát sáng
black_and_tan,7,Màu đen và da rám nắng
long_shadow,0,Bóng dài
grey_sofa,7,Ghế sofa xám
pride_color_tank_top,7,Áo hai dây màu tự hào
grey_tentacles,7,Xúc tu xám
orange_thong,7,Quần lót dây cam
dark_eyeshadow,7,Phấn mắt sẫm
orange_frill,7,Diềm xếp cam
pink_onesie,7,Bộ liền thân hồng
blue_spines,7,Cột sống xanh dương
dark_whiskers,7,Râu mèo sẫm
blue_lingerie,7,Đồ lót nữ xanh dương
black_back,7,Lưng đen
white_paint,0,Màu vẽ trắng
light_legwear,7,Đồ che chân nhạt
red_nightgown,0,Áo ngủ đỏ
glowing_spots,7,Đốm phát sáng
grey_whiskers,7,Râu mèo xám
black_facial_markings,7,Vằn trên mặt đen
green_towel,7,Khăn tắm xanh lá
dark_tattoo,7,Hình xăm sẫm
white_curtains,7,Rèm trắng
white_tailcoat,0,Áo đuôi tôm trắng
red_leaves,7,Lá đỏ
orange_antennae,7,Ăng-ten cam
white_palms,7,Lòng bàn tay trắng
red_towel,7,Khăn tắm đỏ
purple_cloaca,7,Lỗ huyệt tím
gradient_markings,7,Vằn chuyển sắc
orange_heart,7,Trái tim cam
blue_floor,7,Sàn nhà xanh dương
blue_fins,7,Vây xanh dương
black_poncho,0,Áo poncho đen
dark_beak,7,Mỏ sẫm
speech_bubble_drop_shadow,7,Bóng bọt khí nói giọt
star_color_pen,0,Bút máy màu ngôi sao
dark_green_leaves,7,Lá xanh lá sẫm
blue_hanbok,0,Áo hanbok xanh dương
blue_curtains,7,Rèm xanh dương
gradient_scales,0,Vảy chuyển sắc
purple_headdress,0,Đồ đội đầu tím
yellow_neckwear,7,Phụ kiện cổ vàng
grey_antennae,7,Ăng-ten xám
pink_sofa,7,Ghế sofa hồng
white_ruff,7,Diềm cổ trắng
white_poncho,0,Áo poncho trắng
colored_lights,0,Đèn nhuộm màu
black_spines,7,Cột sống đen
yellow_whiskers,7,Râu mèo vàng
orange_leaf,0,Lá cam
pink_overskirt,0,Chân váy phủ ngoài hồng
green_nightgown,0,Áo ngủ xanh lá
white_sideburns,7,Tóc mai trắng
grey_bird,0,Chim xám
black_eagles_(fire_emblem),0,Đại bàng đen
orange_clitoris,7,Âm vật cam
purple_headgear,7,Phụ kiện đội đầu tím
light_bulb_above_head,0,Bóng đèn bên trên đầu
red_cup,7,Cốc đỏ
white_toenails,7,Móng chân trắng
rainbow_heart,7,Trái tim cầu vồng
grey_butterfly,0,Bướm xám
grey_overskirt,0,Chân váy phủ ngoài xám
purple_bloomers,0,Quần phồng tím
pride_color_patch,7,Miếng vá màu tự hào
glowing_bulge,7,Chỗ lùm lùm phát sáng
pink_carpet,0,Thảm hồng
glowing_animal,0,Động vật phát sáng
black_frill,7,Diềm xếp đen
yellow_snake,0,Rắn vàng
orange_bridal_gauntlets,0,Găng tay giáp cô dâu cam
dark_neck,7,Cổ sẫm
green_onesie,7,Bộ liền thân xanh lá
green_paint,7,Màu vẽ xanh lá
blue_lions_(fire_emblem),0,Sư tử xanh dương
blue_neckwear,7,Phụ kiện cổ xanh dương
blue_soles,7,Bàn chân xanh dương
yellow_tattoo,7,Hình xăm vàng
white_sofa,7,Ghế sofa trắng
glowing_snowflake,0,Bông tuyết phát sáng
purple_leaves,7,Lá tím
red_forehead_gem,7,Đá quý trán đỏ
light_back,7,Lưng nhạt
orange_back,7,Lưng cam
orange_bloomers,0,Quần phồng cam
glowing_throat,7,Cổ họng phát sáng
angel_day,0,Ngày thiên thần
green_cheeks,7,Má xanh lá
light-skinned_gynomorph,7,Nhân vật gynomorph da nhạt
red_bloomers,0,Quần phồng đỏ
grey_clitoris,7,Âm vật xám
red_miniskirt,7,Chân váy ngắn đỏ
green_bridal_gauntlets,0,Găng tay giáp cô dâu xanh lá
purple_towel,7,Khăn tắm tím
light_swimwear,7,Đồ bơi nhạt
light_spots,7,Đốm nhạt
purple_soles,7,Bàn chân tím
yellow_bridal_gauntlets,0,Găng tay giáp cô dâu vàng
black_straps,7,Dây đeo đen
black_moon,0,Mặt trăng đen
light_handwear,7,Đồ che tay nhạt
orange_freckles,7,Tàn nhang cam
yellow_blanket,0,Chăn vàng
grey_lipstick,7,Son môi xám
dark_fingernails,7,Móng tay sẫm
pink_neck,7,Cổ hồng
black_paint,7,Màu vẽ đen
glowing_outline,7,Đường viền phát sáng
red_bodice,0,Áo corset đỏ
rainbow_halo,0,Vầng hào quang cầu vồng
red_facial_markings,7,Vằn trên mặt đỏ
glowing_bird,0,Chim phát sáng
white_headphones,7,Tai nghe trắng
orange_fingernails,7,Móng tay cam
black_anklet,7,Vòng chân đen
grey_heart,7,Trái tim xám
pride_color_thong,7,Quần lót dây màu tự hào
light_through_window,7,Nhạt xuyên qua cửa sổ
green_headgear,7,Phụ kiện đội đầu xanh lá
white_lipstick,7,Son môi trắng
blue_hairclip,7,Kẹp tóc xanh dương
dark_head,7,Đầu sẫm
green_back,7,Lưng xanh lá
blue_leaf,0,Lá xanh dương
green_makeup,7,Trang điểm xanh lá
yellow_paint,7,Màu vẽ vàng
yellow_spines,7,Cột sống vàng
pink_curtains,7,Rèm hồng
pink_frill,7,Diềm xếp hồng
grey_bloomers,0,Quần phồng xám
pink_leaves,7,Lá hồng
glowing_head,7,Đầu phát sáng
grey_frill,7,Diềm xếp xám
light_sheath,7,Bao dương vật nhạt
blue_poncho,0,Áo poncho xanh dương
black_top,7,Áo màu đen
red_candle,0,Nến đỏ
green_floor,7,Sàn nhà xanh lá
yellow_fangs,7,Nanh vàng
light_paws,7,Bàn chân thú nhạt
blue_miniskirt,7,Chân váy ngắn xanh dương
glowing_clitoris,7,Âm vật phát sáng
blue_headphones,7,Tai nghe xanh dương
rainbow_handwear,7,Đồ che tay cầu vồng
black_beak_tip,7,Đầu chóp mỏ đen
red_makeup,7,Trang điểm đỏ
green_carpet,0,Thảm xanh lá
yellow_nightgown,0,Áo ngủ vàng
green_freckles,7,Tàn nhang xanh lá
pink_headgear,7,Phụ kiện đội đầu hồng
purple_spines,7,Cột sống tím
blue_sideburns,7,Tóc mai xanh dương
pink_bird,0,Chim hồng
rainbow_highlights,7,Điểm nhấn cầu vồng
dark_armwear,7,Đồ che tay sẫm
pink_hanbok,0,Áo hanbok hồng
glowing_hooves,7,Vó phát sáng
moonlight_butterfly_(gundam),0,Bướm ánh trăng
pink_floor,7,Sàn nhà hồng
red_pendant,0,Mặt dây chuyền đỏ
blue_anklet,0,Vòng chân xanh dương
green_neckwear,7,Phụ kiện cổ xanh lá
glowing_mane,7,Bờm phát sáng
rainbow_scales,7,Vảy cầu vồng
blue_balloon,7,Bóng bay xanh dương
partial_color,7,Màu một phần
white_wraps,7,Băng quấn trắng
miniskirt_day,0,Ngày chân váy ngắn
pink_inner_pussy,7,Âm hộ mặt trong hồng
blue_pendant,0,Mặt dây chuyền xanh dương
black_and_pink,7,Màu đen và màu hồng
orange_veil,0,Màn che mặt cam
orange_corset,0,Áo corset cam
red_tiara,0,Vương miện nhỏ đỏ
pride_color_crop_top,7,Áo cắt ngắn màu tự hào
pride_color_handwear,7,Đồ che tay màu tự hào
pink_pasties,7,Miếng che ngực hồng
black_and_brown,7,Màu đen và màu nâu
purple_floor,7,Sàn nhà tím
grey_thong,7,Quần lót dây xám
blue_thighs,7,Đùi xanh dương
polka_dot_shadow,0,Bóng chấm bi
rainbow_claws,7,Móng vuốt cầu vồng
red_headphones,7,Tai nghe đỏ
red_floor,7,Sàn nhà đỏ
red_facepaint,0,Vẽ mặt đỏ
black_thighs,7,Đùi đen
pride_color_highlights,7,Điểm nhấn màu tự hào
white_loose_feather,7,Lông vũ rộng trắng
white_neckwear,7,Phụ kiện cổ trắng
white_whale,0,Cá voi trắng
blue_outerwear,7,Áo khoác ngoài xanh dương
red_onesie,7,Bộ liền thân đỏ
pride_color_banner,7,Biểu ngữ màu tự hào
pride_color_sticker,7,Nhãn dán màu tự hào
light_armwear,7,Đồ che tay nhạt
dog_day,0,Ngày chó
green_facial_markings,7,Vằn trên mặt xanh lá
orange_spines,7,Cột sống cam
orange_facial_markings,7,Vằn trên mặt cam
red_cloaca,7,Lỗ huyệt đỏ
purple_back,7,Lưng tím
yellow_leaf,0,Lá vàng
grey_dog,0,Chó xám
pride_color_palette,7,Bảng màu tự hào
rainbow_neckerchief,7,Khăn quàng cổ cầu vồng
yellow_onesie,7,Bộ liền thân vàng
white_bodice,0,Áo corset trắng
red_fangs,7,Nanh đỏ
red_freckles,7,Tàn nhang đỏ
red_loose_feather,7,Lông vũ rộng đỏ
purple_onesie,7,Bộ liền thân tím
grey_headphones,7,Tai nghe xám
yellow_toenails,7,Móng chân vàng
pink_anal_beads,7,Hạt chuỗi hậu môn hồng
glowing_crown,0,Vương miện phát sáng
white_onesie,7,Bộ liền thân trắng
purple_mascara,7,Mascara tím
purple_neckwear,7,Phụ kiện cổ tím
light-skinned_intersex,7,Người liên giới tính da nhạt
black_cuffs,7,Ống bọc cổ tay đen
pink_dog,0,Chó hồng
green_moon,0,Mặt trăng xanh lá
grey_thighs,7,Đùi xám
blue_sweatshirt,7,Áo nỉ xanh dương
orange_foreskin,7,Bao quy đầu cam
pink_leaf,0,Lá hồng
orange_bird,0,Chim cam
glowing_neckwear,0,Phụ kiện cổ phát sáng
yellow_button,7,Cúc áo vàng
white_carpet,0,Thảm trắng
light_beard,7,Râu nhạt
light_mane,7,Bờm nhạt
heart_day,0,Ngày trái tim
blue_spine,0,Cột sống xanh dương
pink_headphones,7,Tai nghe hồng
glowing_pussy,0,Âm hộ phát sáng
orange_paint,7,Màu vẽ cam
yellow_tiara,0,Vương miện nhỏ vàng
yellow_pendant,7,Mặt dây chuyền vàng
pink_neckwear,7,Phụ kiện cổ hồng
grey_headdress,0,Đồ đội đầu xám
red_anklet,7,Vòng chân đỏ
white_cuffs,7,Ống bọc cổ tay trắng
glowing_chain,0,Dây chuyền phát sáng
white_scars,0,Sẹo trắng
white_star,7,Ngôi sao trắng
rainbow_sticker,0,Nhãn dán cầu vồng
purple_pasties,0,Miếng che ngực tím
yellow_snout,7,Mõm vàng
purple_snout,7,Mõm tím
purple_overskirt,0,Chân váy phủ ngoài tím
yellow_lock_symbol,7,Biểu tượng lọn tóc vàng
green_headdress,0,Đồ đội đầu xanh lá
pink_hairclip,7,Kẹp tóc hồng
dark_back,7,Lưng sẫm
red_head_(anatomy),7,Đầu đỏ
red_lock_symbol,7,Biểu tượng lọn tóc đỏ
red_tailcoat,0,Áo đuôi tôm đỏ
star_color_pendant,0,Mặt dây chuyền màu ngôi sao
shadow_tentacles,7,Xúc tu bóng
yellow_fins,7,Vây vàng
glowing_nostrils,7,Lỗ mũi phát sáng
blue_lights,7,Đèn xanh dương
pink_paint,7,Màu vẽ hồng
gradient_shadow,0,Bóng chuyển sắc
black_swan_(bird),0,Thiên nga đen
white_spines,7,Cột sống trắng
pink_anklet,0,Vòng chân hồng
blue_snake,0,Rắn xanh dương
inverted_color,7,Màu đảo ngược
yellow_track_suit,0,Bộ đồ điền kinh màu vàng
dark_vulva,7,Âm hộ sẫm
black_cheeks,7,Má đen
glowing_fish,0,Cá phát sáng
giant_of_light,0,Khổng lồ nhạt
shadow_star,0,Ngôi sao bóng
green_curtains,7,Rèm xanh lá
purple_carpet,7,Thảm tím
green_lingerie,7,Đồ lót nữ xanh lá
green_overskirt,0,Chân váy phủ ngoài xanh lá
dark_swimwear,7,Đồ bơi sẫm
dark_hooves,7,Vó sẫm
purple_tiara,0,Vương miện nhỏ tím
red_soles,7,Bàn chân đỏ
grey_headgear,7,Phụ kiện đội đầu xám
blue_screen,7,Màn hình xanh dương
dark_beard,7,Râu sẫm
green_whiskers,7,Râu mèo xanh lá
dark_lipstick,7,Son môi sẫm
purple_bird,0,Chim tím
green_scar,7,Sẹo xanh lá
brown_cheeks,7,Má nâu
purple_tailcoat,7,Áo đuôi tôm tím
light_neckwear,7,Phụ kiện cổ nhạt
pride_color_tailband,7,Dải buộc đuôi màu tự hào
grey_knot,7,Nút thắt xám
grey_tiara,0,Vương miện nhỏ xám
pink_cuffs,7,Ống bọc cổ tay hồng
rainbow_border,0,Viền ảnh cầu vồng
yellow_back,7,Lưng vàng
black_screen,7,Màn hình đen
white_earbuds,7,Tai nghe nhét tai trắng
white_fluff,7,Lông tơ trắng
yellow_headgear,7,Phụ kiện đội đầu vàng
white_ankle_cuffs,0,Ống bọc cổ tay cổ chân trắng
pink_bathrobe,7,Áo choàng tắm hồng
green_bloomers,0,Quần phồng xanh lá
gradient_hakama,0,Quần hakama chuyển sắc
purple_scar,7,Sẹo tím
purple_hanbok,0,Áo hanbok tím
green_cloaca,7,Lỗ huyệt xanh lá
light_eyeshadow,7,Phấn mắt nhạt
grey_toenails,7,Móng chân xám
pink_booties,7,Giày mềm hồng
pink_(e.g.o),0,Màu hồng
white_clitoris,7,Âm vật trắng
strawberry_day,0,Ngày dâu tây
rainbow_bottomwear,7,Đồ mặc dưới cầu vồng
yellow_pussy,0,Âm hộ vàng
grey_poncho,0,Áo poncho xám
light_foreskin,7,Bao quy đầu nhạt
black_wall,7,Bức tường đen
dark_sheath,7,Bao dương vật sẫm
black_genitalia,7,Bộ phận sinh dục đen
purple_paint,7,Màu vẽ tím
black_skull,7,Đầu lâu đen
black_sweatshirt,7,Áo nỉ đen
red_jewel,7,Đá quý đỏ
white_feather,7,Lông vũ trắng
blue_top,7,Áo màu xanh dương
grey_spines,7,Cột sống xám
purple_anal_beads,7,Hạt chuỗi hậu môn tím
yellow_towel,7,Khăn tắm vàng
blue_flames,7,Ngọn lửa xanh dương
purple_snake,0,Rắn tím
gradient_mane,7,Bờm chuyển sắc
glowing_butt,7,Mông phát sáng
glowing_leaves,0,Lá phát sáng
blue_bodice,0,Áo corset xanh dương
purple_poncho,0,Áo poncho tím
yellow_scar,7,Sẹo vàng
black_fangs,7,Nanh đen
boob_shadow_(meme),0,Bóng ngực
pink_miniskirt,7,Chân váy ngắn hồng
red_bathrobe,7,Áo choàng tắm đỏ
red_sideburns,7,Tóc mai đỏ
red_straps,7,Dây đeo đỏ
black_onesie,7,Bộ liền thân đen
pride_color_tattoo,7,Hình xăm màu tự hào
pride_color_towel,7,Khăn tắm màu tự hào
blue_stripe,7,Sọc xanh dương
blue_mascara,7,Mascara xanh dương
orange-shaped_ornament,0,Đồ trang trí hình cam
blue_booties,7,Giày mềm xanh dương
orange_onesie,7,Bộ liền thân cam
orange_sofa,7,Ghế sofa cam
yellow_balloon,7,Bóng bay vàng
yellow_thighs,7,Đùi vàng
glowing_knot,7,Nút thắt phát sáng
heart_drop_shadow,7,Bóng trái tim giọt
purple_freckles,7,Tàn nhang tím
purple_fins,7,Vây tím
black_headset,7,Tai nghe đen
black_halter_top,7,Áo dạng yếm màu đen
green_lock_symbol,7,Biểu tượng lọn tóc xanh lá
blue_genitalia,7,Bộ phận sinh dục xanh dương
grey_tattoo,7,Hình xăm xám
white_button_(fastener),7,Cúc áo trắng
red_pauldron,7,Giáp vai đỏ
rainbow_spots,7,Đốm cầu vồng
black_and_white_and_blue,7,Màu đen và màu trắng và màu xanh dương
pink_thighs,7,Đùi hồng
black_cloaca,7,Lỗ huyệt đen
pink_balloon,7,Bóng bay hồng
black_floor,7,Sàn nhà đen
green_miniskirt,7,Chân váy ngắn xanh lá
green_hanbok,0,Áo hanbok xanh lá
glowing_through,7,Phát sáng xuyên qua
shadow_vulva,7,Âm hộ bóng
yellow_curtains,7,Rèm vàng
orange_floor,7,Sàn nhà cam
colored_hooves,7,Vó nhuộm màu
red_sweatshirt,7,Áo nỉ đỏ
red_whiskers,7,Râu mèo đỏ
gradient_sclera,7,Củng mạc chuyển sắc
white_door,7,Cánh cửa trắng
white_paw,7,Bàn chân thú trắng
blue_pasties,7,Miếng che ngực xanh dương
purple_bathrobe,7,Áo choàng tắm tím
pink_dot_balloon_(idolmaster),0,Bóng bay chấm hồng
black_buttons,7,Cúc áo đen
orange_blanket,7,Chăn cam
yellow_cloaca,7,Lỗ huyệt vàng
rainbow_beam,7,Chùm cầu vồng
yellow_feather,7,Lông vũ vàng
dark_neckwear,7,Phụ kiện cổ sẫm
yellow_pattern,7,Hoa văn vàng
light_beak,7,Mỏ nhạt
grey_miniskirt,7,Chân váy ngắn xám
white_eyeliner,0,Kẻ mắt trắng
green_dog,0,Chó xanh lá
white_cloaca,7,Lỗ huyệt trắng
blue_loose_feather,7,Lông vũ rộng xanh dương
white_pasties,7,Miếng che ngực trắng
grey_freckles,7,Tàn nhang xám
pink_fluff,7,Lông tơ hồng
pink_poncho,0,Áo poncho hồng
pink_throat,7,Cổ họng hồng
yellow_anklet,7,Vòng chân vàng
yellow_sofa,7,Ghế sofa vàng
orange_towel,7,Khăn tắm cam
orange_pendant,7,Mặt dây chuyền cam
twins_day,0,Ngày đôi
glowing_hood,7,Mũ trùm phát sáng
rainbow_leggings,7,Quần legging cầu vồng
red_tailband,7,Dải buộc đuôi đỏ
black_tailband,7,Dải buộc đuôi đen
blue_bathrobe,7,Áo choàng tắm xanh dương
blue_popsicle,7,Cây kem que xanh dương
grey_scar,7,Sẹo xám
white_mug,7,Cốc có quai trắng
blue_anal_beads,7,Hạt chuỗi hậu môn xanh dương
red_pasties,7,Miếng che ngực đỏ
red_panda_hood,0,Mũ trùm gấu trúc màu đỏ
light_outline,7,Đường viền nhạt
purple_whiskers,7,Râu mèo tím
rainbow_pride_collar,7,Cổ áo tự hào màu cầu vồng
orange_poncho,0,Áo poncho cam
glowing_whiskers,7,Râu mèo phát sáng
gradient_claws,7,Móng vuốt chuyển sắc
gradient_veil,0,Màn che mặt chuyển sắc
black_striped_markings,7,Vằn kẻ sọc đen
green_balloon,7,Bóng bay xanh lá
white_outerwear,7,Áo khoác ngoài trắng
blue_pattern,7,Hoa văn xanh dương
grey_blanket,7,Chăn xám
grey_cloaca,7,Lỗ huyệt xám
blue_seam_bottomwear,7,Đồ mặc dưới đường may xanh dương
white_track_suit,0,Bộ đồ điền kinh màu trắng
pink_star,7,Ngôi sao hồng
pink_sweatshirt,7,Áo nỉ hồng
rubber_day,0,Ngày cao su
black_anal_beads,7,Hạt chuỗi hậu môn đen
shadow_border,0,Viền ảnh bóng
purple_miniskirt,7,Chân váy ngắn tím
purple_sweatshirt,7,Áo nỉ tím
black_patterns,7,Hoa văn đen
black_ruff,7,Diềm cổ đen
rainbow_lights,7,Đèn cầu vồng
green_fangs,7,Nanh xanh lá
hard_shadows,7,Bóng bảo hộ
blue_diaper_frill,7,Diềm xếp tã lót xanh dương
orange_scar,7,Sẹo cam
light_headgear,7,Phụ kiện đội đầu nhạt
light_suit_(metroid),0,Bộ đồ nhạt
yellow_diaper_frill,7,Diềm xếp tã lót vàng
yellow_freckles,7,Tàn nhang vàng
red_outerwear,7,Áo khoác ngoài đỏ
grey_carpet,7,Thảm xám
grey_hanbok,0,Áo hanbok xám
rainbow_tattoo,7,Hình xăm cầu vồng
white_walls,7,Bức tường trắng
glowing_sclera,7,Củng mạc phát sáng
pink_back,7,Lưng hồng
pink_mascara,7,Mascara hồng
butt_shadow,7,Bóng mông
purple_star,7,Ngôi sao tím
black_ankle_cuffs,0,Ống bọc cổ tay cổ chân đen
black_outerwear,7,Áo khoác ngoài đen
gradient_theme,0,Chủ đề chuyển sắc
green_headphones,7,Tai nghe xanh lá
green_outerwear,7,Áo khoác ngoài xanh lá
rock_day,0,Ngày tảng đá
green_whisker_spots,7,Đốm râu mép xanh lá
pink_whiskers,7,Râu mèo hồng
pink_fins,7,Vây hồng
blue_button,7,Cúc áo xanh dương
light_whiskers,7,Râu mèo nhạt
red_thighs,7,Đùi đỏ
pride_color_paint,7,Màu vẽ màu tự hào
black_fishnet_legwear,7,Đồ che chân lưới màu đen
orange_neckwear,7,Phụ kiện cổ cam
orange_crown,0,Vương miện cam
black_wraps,7,Băng quấn đen
yellow_facial_markings,7,Vằn trên mặt vàng
green_anklet,7,Vòng chân xanh lá
green_bottle,7,Cái chai xanh lá
white_pauldron,7,Giáp vai trắng
green_sweatshirt,7,Áo nỉ xanh lá
no_shadow,0,Không có bóng đổ
grey_cheeks,7,Má xám
blue_and_red,7,Màu xanh dương và màu đỏ
dark_tentacles,7,Xúc tu sẫm
grey_nightgown,0,Áo ngủ xám
green_fins,7,Vây xanh lá
yellow_headdress,0,Đồ đội đầu vàng
black_palms,7,Lòng bàn tay đen
ghost_day,0,Ngày ma
red_top,7,Áo màu đỏ
rainbow_thong,7,Quần lót dây cầu vồng
red_cuffs,7,Ống bọc cổ tay đỏ
colored_pencil_(object),7,Bút chì màu
honey_day,0,Ngày mật ong
pink_palms,7,Lòng bàn tay hồng
white_knot,7,Nút thắt trắng
pride_color_collar_tag,7,Nhãn vòng cổ màu tự hào
black_and_purple,7,Màu đen và màu tím
dark_tank_top,7,Áo hai dây sẫm
black_curtains,7,Rèm đen
red_curtain,7,Rèm đỏ
red_crotch_tentacles,7,Xúc tu đũng quần đỏ
red_heart_symbol,7,Biểu tượng trái tim đỏ
red_symbol,7,Biểu tượng đỏ
glowing_star,7,Ngôi sao phát sáng
solid_color,7,Màu màu đặc
yellow_pasties,7,Miếng che ngực vàng
grey_neckwear,7,Phụ kiện cổ xám
grey_headset,7,Tai nghe xám
purple_headphones,7,Tai nghe tím
pink_stomach,7,Bụng hồng
orange_cloaca,7,Lỗ huyệt cam
gradient_capelet,0,Áo choàng ngắn chuyển sắc
blue_fangs,7,Nanh xanh dương
yellow_hairclip,7,Kẹp tóc vàng
yellow_floor,7,Sàn nhà vàng
blue_paw,7,Bàn chân thú xanh dương
blue_pauldron,7,Giáp vai xanh dương
palette_print,0,Họa tiết bảng màu
black_facepaint,0,Vẽ mặt đen
red_wraps,7,Băng quấn đỏ
black_hairclip,7,Kẹp tóc đen
red_hanbok,0,Áo hanbok đỏ
red_horse,0,Ngựa đỏ
red_seam_bottomwear,7,Đồ mặc dưới đường may đỏ
black_swan_(e.g.o),0,Thiên nga đen
black_bunny_(ensemble_stars!),0,Thỏ đen
white_facial_markings,7,Vằn trên mặt trắng
gradient_beard,0,Râu chuyển sắc
gradient_genitalia,7,Bộ phận sinh dục chuyển sắc
light_thong,7,Quần lót dây nhạt
light_tentacles,7,Xúc tu nhạt
halftone_shadow,0,Bóng chấm nửa tông
orange_whiskers,7,Râu mèo cam
purple_feather,7,Lông vũ tím
purple_flames,7,Ngọn lửa tím
grey_onesie,7,Bộ liền thân xám
light_helmet,7,Mũ bảo hiểm nhạt
white_anklet,7,Vòng chân trắng
white_candle,7,Nến trắng
white_seam_bottomwear,7,Đồ mặc dưới đường may trắng
white_sweatshirt,7,Áo nỉ trắng
rainbow_paint,7,Màu vẽ cầu vồng
dark_foreskin,7,Bao quy đầu sẫm
red_anal_beads,7,Hạt chuỗi hậu môn đỏ
blue_facepaint,0,Vẽ mặt xanh dương
mini_day,0,Ngày siêu ngắn
green_soles,7,Bàn chân xanh lá
green_star,7,Ngôi sao xanh lá
glowing_spines,0,Cột sống phát sáng
glowing_floor,0,Sàn nhà phát sáng
four-leaf_clover_day,0,Ngày cỏ ba lá chiếc lá bốn
black_pauldron,7,Giáp vai đen
black_earbuds,7,Tai nghe nhét tai đen
multicolored_lingerie,7,Đồ lót nữ nhiều màu
pink_tiara,0,Vương miện nhỏ hồng
black_and_white_and_pink,7,Màu đen và màu trắng và màu hồng
gradient_beak,7,Mỏ chuyển sắc
grey_sideburns,7,Tóc mai xám
blue_hairpin,7,Kẹp tóc xanh dương
yellow_hanbok,0,Áo hanbok vàng
red_fins,7,Vây đỏ
red_door,7,Cánh cửa đỏ
red_band,7,Dải băng đỏ
pride_color_wall,7,Bức tường màu tự hào
dark_chocolate,0,Sô-cô-la sẫm
rainbow_tank_top,7,Áo hai dây cầu vồng
white_miniskirt,7,Chân váy ngắn trắng
light_tank_top,7,Áo hai dây nhạt
light_wall,7,Bức tường nhạt
light_spikes,7,Gai nhọn nhạt
light_pauldron,7,Giáp vai nhạt
orange_soles,7,Bàn chân cam
orange_toenails,7,Móng chân cam
purple_top,7,Áo màu tím
purple_leaf,0,Lá tím
purple_crotch_tentacles,7,Xúc tu đũng quần tím
light_wristwear,7,Phụ kiện cổ tay nhạt
white_headset,7,Tai nghe trắng
white_scar,7,Sẹo trắng
white_throat,7,Cổ họng trắng
rainbow_frill,7,Diềm xếp cầu vồng
black_tubes,7,Ống đen
black_wrist_warmers,7,Băng giữ ấm cổ tay đen
grey_feather,7,Lông vũ xám
grey_pauldron,7,Giáp vai xám
grey_undershirt,7,Áo lót trong xám
red_and_grey,7,Màu đỏ và màu xám
red_christmas_ornament,7,Đồ trang trí Giáng sinh đỏ
red_mascara,7,Mascara đỏ
yellow_lantern,7,Đèn lồng vàng
yellow_headphones,7,Tai nghe vàng
yellow_armlet,7,Vòng đeo tay vàng
blue_strap,0,Dây đeo xanh dương
blue_facial_markings,7,Vằn trên mặt xanh dương
grey_towel,7,Khăn tắm xám
grey_anklet,7,Vòng chân xám
green_hairclip,7,Kẹp tóc xanh lá
gradient_butterfly,0,Bướm chuyển sắc
black_wristwear,7,Phụ kiện cổ tay đen
glowing_cheeks,7,Má phát sáng
white_neck_frill,7,Diềm xếp cổ trắng
purple_balloon,7,Bóng bay tím
purple_booties,7,Giày mềm tím
orange_fluids,7,Dịch cam
orange_track_suit,0,Bộ đồ điền kinh màu cam
pink_shadow,7,Bóng hồng
