balls,7,Tinh hoàn
weapon,0,Vũ khí
food,0,Thức ăn
male_penetrating,7,Nhân vật nam chủ động thâm nhập
furniture,7,Đồ nội thất
sword,0,Kiếm
bed,0,Giường
pillow,0,Gối
on_bed,0,Nằm trên giường
sex_toy,0,Đồ chơi tình dục
gun,0,Súng
book,0,Sách
phone,0,Điện thoại
chair,0,Ghế
fruit,0,Trái cây
robot,0,Người máy
table,0,Bàn
cellphone,0,Điện thoại di động
machine,0,Máy móc
bed_sheet,0,Ga trải giường
smartphone,0,Điện thoại thông minh
stuffed_toy,0,Thú nhồi bông
knife,0,Con dao
melee_weapon,7,Vũ khí cận chiến
katana,0,Kiếm katana
bedroom,0,Phòng ngủ
instrument,0,Nhạc cụ
ball,0,Quả bóng
desk,0,Bàn làm việc
vehicle,7,Xe cộ
rifle,0,Súng trường
sex_toy_insertion,7,Đưa đồ chơi tình dục vào
motor_vehicle,0,Xe cơ giới
on_chair,0,Trên ghế
car,0,Ô tô
object_in_ass,7,Dị vật trong hậu môn
sex_toy_in_ass,7,Đồ chơi tình dục trong mông
open_book,0,Quyển sách mở
object_insertion,0,Đưa vào vật thể
guitar,0,Đàn guitar
bookshelf,0,Giá sách
school_desk,0,Bàn làm việc học đường
anal_object_insertion,0,Đưa vào vật thể hậu môn
weapon_on_back,0,Vũ khí trên lưng
vaginal_object_insertion,0,Đưa vào vật thể âm đạo
vegetable,0,Rau
motorcycle,0,Xe máy
balls_outline,7,Đường viền tinh hoàn
head_on_pillow,0,Đầu trên gối
office_chair,0,Ghế văn phòng
ball_size_difference,7,Chênh lệch kích thước quả bóng
floating_object,0,Vật thể lơ lửng
chair_position,7,Tư thế ngồi ghế
swivel_chair,0,Ghế xoay
object_head,0,Đầu vật thể
blood_on_weapon,0,Máu trên vũ khí
object_on_head,0,Vật thể trên đầu
lap_pillow,0,Gối đùi
food_print,0,Họa tiết thức ăn
school_chair,0,Ghế học đường
food_fetish,7,Sở thích thức ăn
heart-shaped_food,0,Đồ ăn hình trái tim
flip_phone,0,Điện thoại cái lật
bicycle,0,Xe đạp
robot_girl,0,Cô gái người máy
sword_on_back,0,Kiếm trên lưng
cock_and_ball_torture,7,Dương vật và tra tấn quả bóng
fruit_print,0,Họa tiết trái cây
glowing_weapon,0,Vũ khí phát sáng
car_interior,0,Bên trong ô tô
truck,0,Xe tải
table_lotus_position,7,Tư thế sen bàn
ball_grab,7,Bóp quả bóng
soccer_ball,0,Quả bóng đá
lounge_chair,0,Ghế dài thư giãn
frilled_pillow,0,Gối nhún xếp
food_on_head,0,Thức ăn trên đầu
pillow_grab,0,Bóp gối ôm
heart-shaped_pillow,0,Gối hình trái tim
balls_expansion,7,Độ giãn tinh hoàn
wooden_table,0,Bàn bằng gỗ
beach_ball,7,Quả bóng bãi biển
inanimate_transformation,7,Sự biến đổi vô tri
energy_ball,0,Quả bóng năng lượng
blood_on_knife,0,Máu trên con dao
folding_chair,0,Đang gấp ghế
desk_lamp,0,Đèn bàn làm việc
sports_car,0,Ô tô thể thao
feeding_viewer,0,Đút cho người xem
tennis_ball,0,Quả bóng quần vợt
washing_machine,0,Đang giặt máy móc
pov_across_table,0,Góc nhìn thứ nhất ngang qua bàn
instrument_case_on_back,0,Bao nhạc cụ trên lưng
oversized_food,0,Đồ ăn quá khổ
food_insertion,0,Đưa vào thức ăn
cum_on_bed,0,Tinh dịch trên giường
object_through_head,0,Vật thể xuyên qua đầu
round_table,0,Bàn tròn
robot_animal,0,Động vật người máy
drawing_sword,0,Đang vẽ kiếm
floating_weapon,0,Vũ khí lơ lửng
ball_worship,7,Sự sùng bái quả bóng
antique_phone,0,Điện thoại cổ
motorcycle_helmet,0,Mũ bảo hiểm xe máy
wooden_chair,0,Ghế bằng gỗ
flaming_weapon,0,Vũ khí bốc cháy
elbows_on_table,0,Khuỷu tay trên bàn
fruit_tree,0,Cây trái cây
object_in_pocket,0,Vật thể trong túi áo
spoken_food,0,Đồ ăn trong bóng thoại
broken_weapon,0,Vũ khí bị gãy
police_car,0,Ô tô cảnh sát
wood_furniture,7,Nội thất gỗ
alternate_weapon,0,Vũ khí khác
armored_vehicle,0,Xe cơ giới bọc thép
elbow_on_table,0,Khuỷu tay trên bàn
ball_bulge,7,Chỗ lùm lùm quả bóng
floating_book,0,Sách lơ lửng
bondage_furniture,7,Nội thất trói buộc
energy_weapon,0,Vũ khí năng lượng
phone_screen,7,Màn hình điện thoại
cum_on_food,0,Tinh dịch trên thức ăn
character-themed_food,0,Đồ ăn chủ đề nhân vật
suggestive_food,7,Đồ ăn gợi cảm
glass_table,0,Bàn thủy tinh
basketball,7,Bóng rổ
coffee_table,0,Bàn cà phê
food-themed_background,0,Nền chủ đề thức ăn
fruit_on_head,0,Trái cây trên đầu
throwing_knife,0,Đang ném con dao
object_penetration,7,Sự thâm nhập vật thể
sex_on_bed,7,Quan hệ tình dục trên giường
object_in_pussy,7,Vật thể trong âm hộ
animal-themed_food,0,Đồ ăn chủ đề động vật
food_in_ass,0,Thức ăn trong mông
human_furniture,0,Nội thất người
chair_bondage,7,Trói buộc ghế
furniture_lamp,7,Đèn đồ nội thất
vehicle_interior,0,Bên trong xe cộ
blood_on_object,0,Máu trên vật thể
tied_to_chair,0,Trói vào ghế
bicycle_basket,0,Cái rổ xe đạp
chocolate-covered_food,0,Đồ ăn sô-cô-la được che
ball_and_chain_(weapon),0,Quả bóng và dây chuyền
swinging_weapon,0,Đung đưa vũ khí
bed_frame,0,Khung hình giường
fruit_as_cup,0,Trái cây như là cốc
floating_sword,0,Kiếm lơ lửng
gun_on_back,0,Súng trên lưng
robot_boy,0,Cậu trai người máy
pov_across_bed,0,Góc nhìn thứ nhất ngang qua giường
book_on_lap,0,Sách trên đùi
shared_object_insertion,0,Đưa vào vật thể dùng chung
vehicle_name,0,Tên xe cộ
weapon_tassel,0,Chùm tua rua vũ khí
red_car,0,Ô tô đỏ
white_pillow,7,Gối trắng
cute_weapon,0,Vũ khí dễ thương
bed_bondage,7,Trói buộc giường
dragon_ball_(object),0,Quả bóng rồng
food_name,0,Tên thức ăn
gun_to_own_head,0,Súng tới đầu của mình
pink_pillow,0,Gối hồng
sword_tassel,0,Chùm tua rua kiếm
vehicle_and_personification,0,Xe cộ và nhân cách hóa
dusk_ball,0,Quả bóng hoàng hôn
throwing_object,7,Đang ném vật thể
cum_in_sex_toy,7,Tinh dịch trong đồ chơi tình dục
food-themed_creature,0,Sinh vật chủ đề thức ăn
master_ball,0,Quả bóng chủ nhân
wood_table,7,Bàn gỗ
guitar_strap,0,Dây đeo đàn guitar
head_on_table,0,Đầu trên bàn
human_chair,0,Ghế người
on_furniture,7,Trên nội thất
flower_bed,0,Giường hoa
pointing_melee_weapon,0,Chỉ vào vũ khí cận chiến
white_car,0,Ô tô trắng
weapon_in_garters,0,Vũ khí trong dây treo tất
spiked_ball_and_chain,0,Quả bóng có gai và dây chuyền
blue_car,0,Ô tô xanh dương
ball_slip,7,Trượt hở quả bóng
living_weapon,0,Vũ khí có sự sống
pointing_at_object,0,Chỉ vào vật thể
ball_tattoo,7,Hình xăm quả bóng
robot_dog,0,Chó người máy
robot_dragon,0,Rồng người máy
shared_bed,0,Giường dùng chung
detailed_food,7,Đồ ăn có chi tiết
steaming_food,0,Thức ăn đang bốc khói
offering_food,0,Đưa cho thức ăn
boobs_in_book_(meme),0,Ngực trong sách
red_pillow,0,Gối đỏ
heart_pillow,7,Gối trái tim
sex_in_car,7,Quan hệ tình dục trong ô tô
fruit_background,0,Nền trái cây
star-shaped_pillow,0,Gối hình ngôi sao
neck_pillow,0,Gối cổ
cum_on_furniture,7,Tinh dịch trên đồ nội thất
concealed_weapon,0,Vũ khí được che
lube_on_sex_toy,7,Chất bôi trơn trên đồ chơi tình dục
striped_pillow,0,Gối kẻ sọc
bicycle_helmet,0,Mũ bảo hiểm xe đạp
blue_pillow,0,Gối xanh dương
ball_markings,7,Vằn quả bóng
hidden_sex_toy,7,Đồ chơi tình dục được che
ball_growth,7,Sự mọc quả bóng
yellow_car,0,Ô tô vàng
phone_number,0,Chữ số điện thoại
food_penetration,7,Sự thâm nhập thức ăn
fruit_bowl,0,Bát trái cây
black_car,0,Ô tô đen
book_on_head,0,Sách trên đầu
pointing_sword,0,Chỉ vào kiếm
ball_gown,7,Đầm dạ hội quả bóng
spiked_ball,0,Quả bóng có gai
food_truck,0,Xe tải thức ăn
cum_on_table,7,Tinh dịch trên bàn
weapon_name,0,Tên vũ khí
showing_phone,0,Đang cho thấy điện thoại
licking_weapon,0,Đang liếm vũ khí
steel_ball_(jojo),0,Quả bóng thép
cum_on_object,0,Tinh dịch trên vật thể
wood_chair,7,Ghế gỗ
licking_food,0,Đang liếm thức ăn
table_tennis_ball,0,Quả bóng quần vợt bàn
weapon_penetration,7,Sự thâm nhập vũ khí
sentient_stuffed_toy,0,Thú nhồi bông có tri giác
freckled_balls,7,Tinh hoàn có tàn nhang
polka_dot_pillow,0,Gối chấm bi
knife_in_head,0,Con dao trong đầu
burnt_food,0,Đồ ăn cháy
cum_as_food,7,Tinh dịch như là thức ăn
pointing_gun,7,Chỉ vào súng
cat-shaped_pillow,0,Gối hình mèo
purple_pillow,0,Gối tím
fruit_basket,0,Cái rổ trái cây
sleeping_on_desk,0,Đang ngủ trên bàn làm việc
levitating_object,7,Vật thể bay lơ lửng
sword_print,0,Họa tiết kiếm
censored_food,0,Đồ ăn đã kiểm duyệt
aiming_weapon,7,Chĩa về phía vũ khí
washing_vehicle,0,Đang giặt xe cộ
bondage_chair,7,Ghế trói buộc
discarded_sex_toy,7,Đồ chơi tình dục đã bỏ đi
print_pillow,0,Gối họa tiết
ornate_weapon,0,Vũ khí cầu kỳ
character_pillow,0,Gối nhân vật
food-themed_ornament,0,Đồ trang trí chủ đề thức ăn
weapon_strap,0,Dây đeo vũ khí
object_and_personification,0,Vật thể và nhân cách hóa
food_bowl,7,Bát thức ăn
food_transformation,7,Sự biến đổi thức ăn
food_in_pussy,7,Thức ăn trong âm hộ
dropped_food,0,Thức ăn rơi xuống
waist_poke_ball,0,Poké Ball eo
smoking_gun,7,Súng đang bốc khói
spinning_weapon,0,Đang xoay vũ khí
ball_and_chain,7,Quả bóng và dây chuyền
human_on_robot,7,Người trên người máy
tied_to_bed,0,Trói vào giường
grey_car,0,Ô tô xám
flipping_food,0,Đang hất thức ăn
green_pillow,0,Gối xanh lá
carrot-shaped_pillow,0,Gối hình cà rốt
flying_car,0,Ô tô bay
plaid_pillow,0,Gối kẻ caro
cum_in_food,7,Tinh dịch trong thức ăn
cum_on_pillow,7,Tinh dịch trên gối
transparent_ball,0,Quả bóng trong suốt
robot_bird,0,Chim người máy
high_chair,0,Ghế cao
borrowed_weapon,0,Vũ khí mượn
prosthetic_weapon,0,Vũ khí nhân tạo
human_penetrating_robot,7,Người thâm nhập người máy
magic_book,7,Quyển sách phép thuật
grabbing_object,7,Nắm vật thể
animal-shaped_pillow,0,Gối hình động vật
sex_toy_in_cloaca,7,Đồ chơi tình dục trong lỗ huyệt
food-themed_pillow,0,Gối chủ đề thức ăn
ball_insertion,0,Đưa vào quả bóng
creature_as_food,0,Sinh vật như là thức ăn
flag_on_vehicle,0,Hình cờ trên xe cộ
sword_in_head,0,Kiếm trong đầu
sex_on_table,7,Quan hệ tình dục trên bàn
vaginal_fluids_on_pillow,7,Dịch âm đạo trên gối
pussy_juice_on_pillow,7,Dịch âm hộ trên gối
broken_furniture,0,Nội thất bị gãy
lifting_object,0,Đang nhấc vật thể
food_in_stomach,7,Thức ăn trong bụng
checkered_pillow,0,Gối kẻ ca-rô
ornate_furniture,7,Nội thất cầu kỳ
weapon_on_floor,0,Vũ khí trên sàn nhà
anal_ball_wear,0,Đồ mặc hậu môn quả bóng
chinese_food,0,Đồ ăn Trung Quốc
object_between_buttocks,7,Vật thể giữa mông
licking_object,0,Đang liếm vật thể
wooden_desk,0,Bàn làm việc bằng gỗ
folding_knife,0,Đang gấp con dao
metal_table,7,Bàn kim loại
star-shaped_food,0,Đồ ăn hình ngôi sao
metal_ball,0,Quả bóng kim loại
yellow_pillow,0,Gối vàng
green_car,0,Ô tô xanh lá
cotton_ball,0,Quả bóng cotton
phone_on_wall,0,Điện thoại trên bức tường
slide_phone,0,Điện thoại cầu trượt
transformation_through_food,7,Biến hình xuyên qua thức ăn
phone_in_pocket,0,Điện thoại trong túi áo
vintage_car,7,Ô tô cổ
pilot_chair,0,Ghế phi công
ball_bondage,7,Trói buộc quả bóng
dog_bed,7,Giường chó
object_on_lap,0,Vật thể trên đùi
weapon_background,0,Nền vũ khí
moon_ball,0,Quả bóng mặt trăng
blowing_on_food,0,Thổi thức ăn
wrist_weapon,7,Vũ khí cổ tay
reverse_table_lotus_position,7,Tư thế sen ngược bàn
glistening_weapon,7,Vũ khí bóng nhẫy
butt_pillow,7,Gối mông
camouflage_paint,0,Màu vẽ rằn ri
stepping_on_object,0,Bước vật thể
red_chair,7,Ghế đỏ
pink_car,0,Ô tô hồng
dropped_object,0,Vật thể rơi xuống
broken_bed,7,Giường bị gãy
sex_toy_in_slit,7,Đồ chơi tình dục trong xẻ tà
pink_bed,7,Giường hồng
liquid_weapon,0,Vũ khí dạng lỏng
invisible_table,0,Bàn tàng hình
throwing_food,0,Đang ném thức ăn
aiming_gun,7,Chĩa về phía súng
chain_weapon,0,Vũ khí dây xích
8-ball,0,Tám quả bóng
sword_between_thighs,0,Kiếm giữa đùi
cum_on_chair,7,Tinh dịch trên ghế
cracked_phone,0,Điện thoại nứt
sword_in_ground,7,Kiếm trong mặt đất
open_poke_ball,0,Poké Ball mở
office_desk,7,Bàn làm việc văn phòng
vehicle_penetrated,7,Xe cộ bị thâm nhập
oversized_weapon,7,Vũ khí quá khổ
feces_as_food,7,Phân như là thức ăn
gun_to_head,7,Súng tới đầu
discarded_object,7,Vật thể đã bỏ đi
cum_on_desk,0,Tinh dịch trên bàn làm việc
giant_food,7,Đồ ăn khổng lồ
8_ball,7,Tám quả bóng
blood_on_sword,7,Máu trên kiếm
instrument_on_back,0,Nhạc cụ trên lưng
police_motorcycle,0,Xe máy cảnh sát
vaginal_fluids_on_food,7,Dịch âm đạo trên thức ăn
vehicle_insertion,7,Đưa vào xe cộ
stuffed_food,0,Đồ ăn nhồi bông
burning_vehicle,0,Xe cộ đang cháy
folded_chair,0,Ghế gấp lại
object_in_feces,7,Vật thể trong phân
character_ball,0,Quả bóng nhân vật
orange_car,0,Ô tô cam
broken_table,0,Bàn bị gãy
open_car_hood,0,Mũ trùm ô tô mở
grey_pillow,7,Gối xám
robot_cat,0,Mèo người máy
broken_phone,0,Điện thoại bị gãy
book_strap,0,Dây đeo sách
vaginal_fluids_on_object,7,Dịch âm đạo trên vật thể
urine_as_food,7,Nước tiểu như là thức ăn
sword_to_throat,0,Kiếm tới cổ họng
transparent_weapon,0,Vũ khí trong suốt
object_shot,7,Cắt cảnh vật thể
fruit_on_liquid,0,Trái cây trên dạng lỏng
red_bed,7,Giường đỏ
living_chair,7,Ghế có sự sống
magic_weapon,7,Vũ khí phép thuật
cable_car,0,Ô tô cáp
ball_in_ass,7,Quả bóng trong mông
anal_fluids_on_object,7,Dịch hậu môn trên vật thể
table_flip,0,Cái lật bàn
object_in_stomach,7,Vật thể trong bụng
winged_weapon,0,Vũ khí có cánh
controller_on_furniture,7,Tay cầm chơi game trên đồ nội thất
cum_on_sex_toy,7,Tinh dịch trên đồ chơi tình dục
floating_gun,0,Súng lơ lửng
throwing_weapon,0,Đang ném vũ khí
robot_fish,0,Cá người máy
gingham_pillow,0,Gối kẻ ô vuông
food_on_butt,7,Thức ăn trên mông
bone_weapon,0,Vũ khí xương
broom_guitar,0,Đàn guitar cây chổi
pussy_juice_on_sex_toy,7,Dịch âm hộ trên đồ chơi tình dục
biting_object,7,Đang cắn vật thể
antique_car,0,Ô tô cổ
wood_desk,7,Bàn làm việc gỗ
torn_stuffed_toy,0,Thú nhồi bông bị rách
gold_weapon,0,Vũ khí vàng kim
heart_bed,0,Giường trái tim
stickers_on_object,7,Nhãn dán trên vật thể
floating_ball,0,Quả bóng lơ lửng
folding_table,0,Đang gấp bàn
flower-shaped_food,0,Đồ ăn hình hoa
shadow_ball_(pokemon),0,Quả bóng
truck_bed,7,Giường xe tải
weapon_masturbation,7,Thủ dâm vũ khí
sex_on_car,7,Quan hệ tình dục trên ô tô
long_table,0,Bàn dài
fruit_popsicle,0,Cây kem que trái cây
glass_furniture,7,Nội thất thủy tinh
leather_chair,0,Ghế da
bandaged_weapon,0,Vũ khí băng bó
animal_on_weapon,0,Động vật trên vũ khí
bed_curtains,7,Rèm giường
purple_car,0,Ô tô tím
floating_food,0,Thức ăn lơ lửng
floating_weapon_behind_back,0,Vũ khí lơ lửng phía sau lưng
folding_bicycle,0,Đang gấp xe đạp
balancing_object,7,Giữ thăng bằng trên vật thể
weapon_on_wall,0,Vũ khí trên bức tường
discarded_weapon,7,Vũ khí đã bỏ đi
black_chair,7,Ghế đen
closed_book,7,Quyển sách khép
knife_to_throat,7,Con dao tới cổ họng
robot_penetrated,7,Người máy bị thâm nhập
spanking_machine,7,Đét máy móc
brick_phone,0,Điện thoại gạch nung
big_weapon,7,Vũ khí to
car_hood,7,Mũ trùm ô tô
white_bed,7,Giường trắng
axe_guitar,0,Đàn guitar rìu
object_on_pectorals,0,Vật thể trên cơ ngực
licking_knife,7,Đang liếm con dao
broken_chair,0,Ghế bị gãy
swinging_object,0,Đung đưa vật thể
large_weapon,7,Vũ khí lớn
futuristic_weapon,0,Vũ khí tương lai
brown_pillow,0,Gối nâu
food_on_floor,0,Thức ăn trên sàn nhà
bound_to_object,7,Bị trói tới vật thể
brown_table,7,Bàn nâu
blue_chair,7,Ghế xanh dương
purple_bed,7,Giường tím
food_in_pocket,0,Thức ăn trong túi áo
orange_pillow,7,Gối cam
blue_bed,7,Giường xanh dương
shadow_ball,7,Quả bóng
spinning_gun,0,Đang xoay súng
pussy_juice_on_bed,7,Dịch âm hộ trên giường
food_on_pectorals,0,Thức ăn trên cơ ngực
red_book,7,Quyển sách đỏ
dream_ball,0,Quả bóng giấc mơ
shared_weapon,0,Vũ khí dùng chung
car_door,0,Cánh cửa ô tô
egg_chair,0,Ghế trứng
heart_guitar,0,Đàn guitar trái tim
donut-shaped_pillow,0,Gối hình bánh donut
car_window,7,Cửa sổ ô tô
precum_on_bed,7,Dịch tiền xuất tinh trên giường
blue_book,7,Quyển sách xanh dương
double_neck_guitar,0,Đàn guitar cổ kép
ball_lift,7,Nâng lên quả bóng
green_chair,7,Ghế xanh lá
pink_phone,7,Điện thoại hồng
vertical-striped_pillow,0,Gối dọc kẻ sọc
torn_pillow,0,Gối bị rách
imminent_object_insertion,0,Đưa vào vật thể sắp xảy ra
wet_bed,7,Giường ướt
brown_chair,7,Ghế nâu
black_pillow,7,Gối đen
vehicle_transformation,7,Sự biến đổi xe cộ
cat_food,7,Đồ ăn mèo
four_poster_bed,7,Giường bốn áp phích
object_in_sheath,7,Vật thể trong bao kiếm
inviting_to_bed,7,Mời giường
dildo_bicycle,7,Xe đạp dương vật giả
red_phone,7,Điện thoại đỏ
licking_sex_toy,7,Đang liếm đồ chơi tình dục
confetti_ball,0,Quả bóng giấy vụn trang trí
robot_horse,0,Ngựa người máy
gripping_pillow,7,Đang siết gối
green_book,7,Quyển sách xanh lá
human_on_machine,7,Người trên máy móc
anal_fluids_on_food,7,Dịch hậu môn trên thức ăn
kitchen_table,7,Bàn bếp
messy_bed,7,Giường rối
round_bed,0,Giường tròn
big_ball,7,Quả bóng to
side_table,7,Bàn lệch bên
brown_furniture,7,Nội thất nâu
food_on_plate,7,Thức ăn trên chiếc đĩa
balancing_ball,0,Giữ thăng bằng trên quả bóng
bouncing_bed,7,Giường nảy
rabbit-shaped_pillow,0,Gối hình thỏ
anal_fluids_on_sex_toy,7,Dịch hậu môn trên đồ chơi tình dục
fish-shaped_pillow,0,Gối hình cá
cum_on_phone,7,Tinh dịch trên điện thoại
raised_weapon,7,Vũ khí dựng lên
pink_chair,7,Ghế hồng
cum_on_car,7,Tinh dịch trên ô tô
melee_weapon_(warframe),0,Vũ khí cận chiến
spinning_ball,7,Đang xoay quả bóng
object_swing,7,Cái vung vật
food_shot,7,Cắt cảnh thức ăn
pointing_weapon,7,Chỉ vào vũ khí
gun_between_thighs,0,Súng giữa đùi
urine_on_food,7,Nước tiểu trên thức ăn
double-neck_guitar,7,Đàn guitar cổ kép
japanese_food,7,Đồ ăn Nhật Bản
weapon_on_ground,7,Vũ khí trên mặt đất
pussy_juice_on_object,7,Dịch âm hộ trên vật thể
musical_note-themed_food,0,Đồ ăn chủ đề nốt nhạc âm nhạc
print_ball,0,Quả bóng họa tiết
object_in_cloaca,7,Vật thể trong lỗ huyệt
chewing_object,7,Đang nhai vật thể
red_guitar,7,Đàn guitar đỏ
lifting_vehicle,0,Đang nhấc xe cộ
ball_fluff,7,Lông tơ quả bóng
biting_testicles,0,Đang cắn tinh hoàn
beam_weapon,0,Vũ khí chùm
pulling_object,7,Đang kéo vật thể
anthro_on_robot,7,Động vật nhân hóa trên người máy
object_in_throat,7,Vật thể trong cổ họng
gripping_chair,7,Đang siết ghế
glowing_book,0,Quyển sách phát sáng
brown_car,0,Ô tô nâu
food-themed_weapon,0,Vũ khí chủ đề thức ăn
object_on_bulge,0,Vật thể trên phần phồng lên
hidden_weapon,0,Vũ khí được che
object_to_humanoid,7,Vật thể tới dạng người
object_on_butt,7,Vật thể trên mông
pushing_object,7,Đang đẩy vật thể
bird_on_weapon,0,Chim trên vũ khí
balls_on_table,7,Tinh hoàn trên bàn
weapon_trail,7,Vệt vũ khí
drawing_gun,0,Đang vẽ súng
glistening_food,7,Đồ ăn bóng nhẫy
writing_on_object,7,Chữ viết trên vật thể
machine_penetrated,7,Máy móc bị thâm nhập
big_pillow,7,Gối to
sex_toy_under_diaper,7,Đồ chơi tình dục bên dưới tã lót
ball_hood,7,Mũ trùm quả bóng
urine_on_bed,7,Nước tiểu trên giường
sword_swing,7,Cái vung kiếm
two_tone_pillow,7,Gối hai tông
tied_to_table,7,Trói vào bàn
food_on_ass,0,Thức ăn trên mông
bed_of_roses,0,Giường hoa hồng
vegetable_print,0,Họa tiết rau
dragon_fruit_markings,7,Vằn trái cây rồng
weapon_on_hip,7,Vũ khí trên hông
blood_on_bed,0,Máu trên giường
instrument_on_lap,0,Nhạc cụ trên đùi
instrument_insertion,0,Đưa vào nhạc cụ
food_in_feces,7,Thức ăn trong phân
wood_bed,7,Giường gỗ
feces_on_object,7,Phân trên vật thể
rolling_chair,7,Đang cuộn ghế
condom_on_object,0,Bao cao su trên vật thể
living_food,0,Đồ ăn có sự sống
mole_on_balls,7,Nốt ruồi trên tinh hoàn
cum_in_object,7,Tinh dịch trong vật thể
flower_on_weapon,0,Hoa trên vũ khí
weapon_swing,7,Cái vung vũ khí
human_penetrating_machine,7,Người thâm nhập máy móc
plastic_chair,7,Ghế nhựa
spinning_chair,0,Đang xoay ghế
torn_book,0,Sách bị rách
washing_car,7,Đang giặt ô tô
pattern_pillow,7,Gối hoa văn
sex_on_vehicle,7,Quan hệ tình dục trên xe cộ
hamster_ball,7,Quả bóng chuột hamster
unusual_weapon,7,Vũ khí bất thường
saliva_on_object,7,Nước bọt trên vật thể
glass_chair,7,Ghế thủy tinh
fish_food,0,Đồ ăn cá
brown_desk,7,Bàn làm việc nâu
mountain_bicycle,0,Xe đạp núi
violet_book_(pokemon),0,Quyển sách tím
translucent_furniture,7,Nội thất bán trong suốt
sword_in_ass,0,Kiếm trong mông
straw_bed,7,Giường rơm
spinning_object,7,Đang xoay vật thể
object_to_cheek,0,Vật thể tới má
ball_stubble,7,Râu lởm chởm quả bóng
broken_guitar,0,Đàn guitar bị gãy
white_chair,7,Ghế trắng
desk_microphone,0,Micrô bàn làm việc
fake_phone,0,Điện thoại giả
cat_bed,7,Giường mèo
sword_pointing,7,Kiếm chĩa ra
argyle_pillow,0,Gối kẻ quả thoi
aqua_car,0,Ô tô xanh ngọc
fruit_insertion,7,Đưa vào trái cây
monotone_pillow,7,Gối một tông
purple_book,7,Quyển sách tím
red_furniture,7,Nội thất đỏ
weapon_between_buttocks,0,Vũ khí giữa mông
black_soccer_ball,0,Quả bóng đá đen
shared_chair,0,Ghế dùng chung
cum_on_book,7,Tinh dịch trên sách
feces_on_bed,7,Phân trên giường
stuffed_toy_on_head,0,Thú nhồi bông trên đầu
floating_instrument,0,Nhạc cụ lơ lửng
carrying_weapon,7,Mang theo vũ khí
purple_chair,7,Ghế tím
blood_on_food,0,Máu trên thức ăn
latex_bed,7,Giường cao su
object_on_ass,0,Vật thể trên mông
robot_transformation,7,Sự biến đổi người máy
controller_on_table,7,Tay cầm chơi game trên bàn
controller_on_bed,7,Tay cầm chơi game trên giường
shared_pillow,0,Gối dùng chung
black_phone,7,Điện thoại đen
throwing_ball,7,Đang ném quả bóng
cat-shaped_food,0,Đồ ăn hình mèo
big_food,7,Đồ ăn to
bed_grab,7,Bóp giường
feces_on_food,7,Phân trên thức ăn
giant_weapon,7,Vũ khí khổng lồ
blood_on_gun,0,Máu trên súng
human_weapon,0,Vũ khí người
gun_in_pussy,0,Súng trong âm hộ
furniture_transformation,7,Sự biến đổi đồ nội thất
guitar_controller,7,Tay cầm chơi game đàn guitar
strawberry-shaped_pillow,0,Gối hình dâu tây
fruit_pattern,0,Hoa văn trái cây
object_(vehicle),0,Vật thể
sword_on_ground,7,Kiếm trên mặt đất
robot_suit,7,Bộ đồ người máy
aiming_rifle,7,Chĩa về phía súng trường
paws_on_table,7,Bàn chân thú trên bàn
ball_scar,7,Sẹo quả bóng
green_bed,7,Giường xanh lá
grey_chair,7,Ghế xám
condom_on_sex_toy,7,Bao cao su trên đồ chơi tình dục
pointing_at_food,0,Chỉ vào thức ăn
metal_chair,7,Ghế kim loại
bitten_food,7,Thức ăn bị cắn
brown_book,7,Quyển sách nâu
vaginal_fluids_on_sex_toy,7,Dịch âm đạo trên đồ chơi tình dục
giant_book,0,Quyển sách khổng lồ
phone_book,0,Quyển sách điện thoại
kicking_object,7,Đang đá vật thể
grabbing_table,7,Nắm bàn
fake_food,0,Đồ ăn giả
gripping_table,7,Đang siết bàn
flower_in_gun,0,Hoa trong súng
bicycle_lock,0,Lọn tóc xe đạp
melon_ball,0,Quả bóng dưa
tan_pillow,7,Gối nâu rám nắng
rifle_on_butt,7,Súng trường trên mông
kicking_ball,7,Đang đá quả bóng
translucent_table,7,Bàn bán trong suốt
symbol_on_sex_toy,7,Biểu tượng trên đồ chơi tình dục
retro_car,7,Ô tô hoài cổ
weapon_sheath,7,Bao dương vật vũ khí
magic_ball,7,Quả bóng phép thuật
gun_in_ass,7,Súng trong mông
half_on_bed,7,Một nửa trên giường
office_phone,7,Điện thoại văn phòng
glowing_food,0,Đồ ăn phát sáng
frilly_pillow,7,Gối nhún diềm
see-through_ball,0,Quả bóng xuyên thấu
licking_gun,7,Đang liếm súng
pride_color_food,7,Đồ ăn màu tự hào
mounted_gun,7,Súng bị cưỡi lên
black_book,7,Quyển sách đen
ball_transformation,7,Sự biến đổi quả bóng
bondage_table,7,Bàn trói buộc
bandaid_on_object,0,Băng cá nhân trên vật thể
tentacle_chair,0,Ghế xúc tu
food_on_pussy,7,Thức ăn trên âm hộ
table_bondage,7,Trói buộc bàn
weapon_on_lap,0,Vũ khí trên đùi
wet_pillow,7,Gối ướt
star_pillow,7,Gối ngôi sao
farting_out_object,7,Đánh rắm vào ra ngoài vật thể
heart_cutout_furniture,7,Nội thất mổ xẻ trái tim
object_between_thighs,7,Vật thể giữa đùi
pattern_furniture,7,Nội thất hoa văn
sentient_object,0,Vật thể có tri giác
yellow_chair,7,Ghế vàng
white_ball,7,Quả bóng trắng
grabbing_furniture,7,Nắm đồ nội thất
licking_sword,7,Đang liếm kiếm
sex_toy_in_sheath,7,Đồ chơi tình dục trong bao kiếm
object_to_chin,0,Vật thể tới cằm
heart_furniture,7,Nội thất trái tim
medical_table,7,Bàn y tế
christmas_ball,7,Quả bóng Giáng sinh
food_in_diaper,7,Thức ăn trong tã lót
shiny_weapon,0,Vũ khí bóng
stone_table,7,Bàn đá
balancing_on_ball,7,Giữ thăng bằng trên quả bóng
grabbing_chair,7,Nắm ghế
sword_in_pussy,7,Kiếm trong âm hộ
grey_bed,7,Giường xám
gun_to_own_neck,0,Súng tới cổ của mình
crouching_on_table,7,Đang cúi người trên bàn
cum_from_sex_toy,7,Tinh dịch từ đồ chơi tình dục
hearts_around_object,7,Trái tim quanh vật thể
translucent_chair,7,Ghế bán trong suốt
red_ball,7,Quả bóng đỏ
dildo_chair,7,Ghế dương vật giả
silk_ball,0,Quả bóng lụa
elbow_on_furniture,7,Khuỷu tay trên đồ nội thất
iron_ball,7,Quả bóng sắt
inflating_object,7,Đang bơm to vật thể
weapon_to_neck,0,Vũ khí tới cổ
fruit_in_ass,7,Trái cây trong mông
multicolored_pillow,7,Gối nhiều màu
ball_of_light,7,Quả bóng nhạt
precum_on_food,7,Dịch tiền xuất tinh trên thức ăn
carving_knife,7,Đang khắc con dao
blue_phone,7,Điện thoại xanh dương
vehicle_print,7,Họa tiết xe cộ
robot_antenna,7,Ăng-ten người máy
shared_book,0,Quyển sách dùng chung
food_on_thigh,0,Thức ăn trên đùi
ball_chair,0,Ghế quả bóng
armored_car,0,Ô tô bọc giáp
human_guitar,0,Đàn guitar người
big_bed,7,Giường to
diagonal-striped_pillow,0,Gối chéo kẻ sọc
multicolored_weapon,7,Vũ khí nhiều màu
